11033000
22130000
32702000
13249000
12943000
29090000
7729
18091
16516
16415
25888
2345
10406
6504
17335
20619
17042
12276
13987
10899
6540
1094
5485
17791
17524
11537
18950
6467
31221
27295
9891
13847
13568
2419
19914
23601
32121
22574
24749
16596
10544
13487
26552
9353
10514
29822
10598
7853
13985
11371
25432
16939
30113
7026
6568
32651
24084
15586
28795
26668
617
17855
17365
14029
1521
4452
29106
16722
22418
16748
2642
14277
1215
5331
23252
21660
14503
14937
1542
25146
15277
8743
8060
14776
1817
4789
31967
7908
16653
1259
12680
7562
13498
2951
26701
19443
6867
18878
3995
5804
17986
15654
3014
31112
2331
24275
25500
18920
26062
24512
6976
30266
24736
1137
12598
24256
1372
25559
29114
11155
30021
3444
5206
17383
4432
23232
22451
19088
5264
28618
4016
17350
13042
12066
22961
18469
4138
9463
27449
26871
8941
11645
11964
10678
22625
23185
8878
13005
3026
23712
12000
8607
9894
29381
25612
6602
31891
9777
22959
31661
14351
21712
7702
25640
27400
20266
27836
22946
6102
3463
7891
19025
18030
16470
2593
16309
31192
16335
16909
27494
6627
7896
28410
28944
9495
25893
12243
4540
16107
13476
14823
7249
28216
24088
11000
18266
8174
10499
16782
22537
16902
21194
28561
14972
2743
2324
31511
28480
16365
25459
8571
29204
4855
8262
28847
32239
25727
10462
19155
21060
1216
8415
18438
23940
17395
1257
27260
28901
26378
7288
22736
24930
21665
17161
4764
14850
3634
19583
21320
25438
18824
2244
5919
25693
15990
10931
30376
8259
31944
5686
19507
13802
24186
22955
22450
25678
27176
22157
21706
6224
14790
23888
14122
1971
14737
16524
284
32107
21317
9054
26713
15127
22929
1804
15650
5068
18376
23527
18316
9236
10713
6518
3868
19254
16513
8656
16531
18872
13759
29770
9739
10531
30089
29522
25923
20742
32445
16795
30776
27965
16474
31355
5109
2419
22256
18833
29099
1510
15957
9642
11780
18794
19354
13029
12981
21681
829
4118
24147
6857
8096
4969
24167
17126
23482
14920
28612
14178
22029
20606
31000
9730
8152
4764
13250
21883
19597
20379
22243
29749
5509
19908
30904
17486
26099
30413
6695
18658
25367
3909
4247
22666
17588
32050
16901
14626
4547
25080
26452
10448
5481
2940
18661
30785
8231
32906
10600
6710
26961
11380
21234
19520
9409
28156
31311
15559
8396
3444
27801
21073
32885
24100
15113
30721
26081
3820
22798
4958
8459
28203
24732
1879
14009
9439
28871
26755
21423
11533
23184
18093
32802
1891
4095
12175
10095
29724
2418
20190
18445
13092
5428
20359
24512
3964
17745
25145
26640
14817
28585
3363
30458
13992
29764
10495
22501
25325
15845
12111
12504
21740
12514
15846
2025
7087
31794
29611
15609
8682
32968
2714
19358
14371
17183
21259
26977
2581
6935
29751
21546
855
5631
5624
25848
26425
16115
22480
15061
8175
16744
14637
4618
2289
6661
22251
7055
14497
18869
8731
26821
3374
16122
29699
16231
32953
27012
9061
27070
2231
11266
32517
22293
1175
8248
20837
8301
32676
24913
20947
17778
18988
20599
9893
13741
11746
1954
23748
31226
16769
28333
30823
4669
8114
9903
801
23377
1328
16264
15134
4417
6698
27578
18346
16827
27369
9851
5874
17089
21426
32776
18703
33186
25582
1083
19520
15913
31880
28512
3703
1556
11671
9541
26648
1223
5949
7824
9213
31554
20942
16469
18621
29777
8501
20968
1838
2306
30612
1264
29224
18780
2859
17341
25484
7502
891
14812
12933
12774
33195
19176
7950
18116
2090
27554
5813
28621
1430
4420
13982
7972
1757
11027
11978
2902
21666
23092
27289
17876
32738
23488
8846
5543
8663
22811
15187
27231
21276
4737
5629
31564
7699
6113
13712
26353
28804
1007
24006
26294
20614
28021
3852
27357
22691
745
974
12983
16183
1093
4852
13592
27929
3859
7085
27912
26493
28871
24171
24251
4377
29522
26415
26820
1671
22516
27910
13701
6635
29778
19155
24810
12757
9672
30032
9815
3945
3840
4688
10974
16317
21444
5447
14262
15490
18192
1291
30952
32743
16236
20188
5196
4026
1400
19107
11444
17360
4297
21623
9575
19368
1779
8037
14801
14155
12519
9585
15736
1910
23168
22744
6194
2299
20568
31384
21142
32613
28640
14898
18096
25307
32176
687
18681
13639
13851
6369
23941
12983
19463
28395
19839
24835
18939
20740
12499
17072
2426
20343
16426
12564
13456
2542
795
8635
1450
16369
11935
23306
14763
19114
18374
23586
26683
25579
24233
31751
13922
24178
30112
1026
5975
13163
26805
18755
3986
2358
26968
2507
11816
5995
25172
4233
12376
3099
22529
25795
865
22105
6331
2232
6295
31225
20884
2948
16310
20632
23366
29251
31606
23517
21356
15481
1120
3325
22001
1970
28127
9605
27336
5733
8602
5460
31709
15902
9473
31206
26444
32988
23846
8921
33234
21944
17615
16297
7552
25800
18633
6847
26807
14915
15999
1450
14672
13542
10443
23212
6171
13206
16139
14200
8331
17990
27256
21818
2223
26139
11699
8664
25956
30926
10913
32375
32458
9043
14969
18242
18676
12216
19483
2150
21732
2639
31908
1121
19894
6671
7743
28541
22043
30776
8510
1175
23049
19254
4969
22309
10417
18632
10645
1656
27314
9057
1913
13886
18572
26319
14782
28746
21847
2074
5717
21400
4533
11439
30477
13451
6917
27837
33381
4730
23257
5344
30366
1643
19114
11005
11029
3870
8139
14957
15312
24142
29596
11101
4951
2867
15360
10612
18117
20043
10257
23991
30750
10842
13586
32682
13027
9904
4004
33208
30436
32426
5437
23765
25942
27259
2519
16226
17445
25900
21989
9041
19340
5090
24715
3977
29154
12896
23054
2188
10679
10444
2698
29783
17951
11958
30947
30090
31054
8022
32253
33224
8549
25365
6192
14177
22412
4688
4854
13870
30017
13656
22247
32701
1007
17853
30184
8878
19139
21708
18335
13661
28347
31574
10794
25538
22784
30387
15120
5269
22389
5895
7287
27061
11152
25284
6808
8138
31593
4976
17777
4393
22800
20393
21177
24569
21540
18022
23577
2964
18849
3967
19865
30000
26106
30064
6233
6079
3432
3162
32129
30484
7809
14922
1402
2630
17164
5310
30559
9561
17172
14181
25774
9755
3643
30759
7492
26701
28497
7269
8072
17667
7717
29570
22758
8526
9115
31394
19071
20503
17407
28081
26142
19278
25497
27048
14190
2117
6530
1035
11627
27478
25782
31670
6167
7884
14185
26330
11886
20737
19615
33347
12443
7619
31735
1500
31340
9980
32711
8820
6660
8338
24942
3266
16080
21389
32742
14759
5308
23672
25753
12212
24486
10505
23158
4588
27410
30980
31555
18379
8736
26204
10037
26247
25532
14491
6846
16277
26389
1925
5798
14447
17488
28920
20061
20373
30077
26135
4240
29393
25546
21416
24058
2752
21750
10681
25213
24462
19721
1674
1137
15105
14403
2215
32316
27577
29010
3157
13858
3510
30664
22575
18527
15386
27339
32017
30579
4144
7182
27957
30398
4526
20225
3740
17228
31799
30789
19632
32498
32292
4451
27943
33178
21636
21693
11306
5339
26721
30149
25527
3533
20806
10604
16964
14619
24829
4830
21669
19801
7325
26732
26415
22424
18117
25801
33310
22072
24354
22650
1332
30206
15159
28552
9891
9574
7261
32632
22829
29243
26376
29052
23946
25956
24397
7403
33546
20737
3745
9711
23419
17591
14052
13438
26189
7239
30366
6027
30452
23654
33416
10365
23182
20937
6222
33504
32966
9855
3731
25690
11256
24963
9781
18657
27798
33938
32979
5932
27594
15418
24717
29031
18780
22068
5387
32299
4311
29171
14785
15789
2535
8061
10609
16182
26630
24698
19185
19155
7511
16266
6958
21325
21714
29148
6257
17499
22434
14077
29409
33047
25035
27373
9802
9903
10768
32376
24860
26461
8468
18883
23735
4505
11199
27942
2789
6029
23779
13369
15528
10953
29216
12082
9783
16440
6149
30318
25667
4178
14711
19533
26238
26516
24151
4419
25438
23341
23903
15916
14622
13819
25933
22752
24583
12725
8516
5896
20973
20586
31855
9008
2812
27178
18663
14365
1973
17155
19927
1632
25651
15663
32990
6187
32947
31627
28340
10084
20307
2123
5905
6648
12058
21484
16330
6258
30777
8299
33597
29388
7568
11445
7664
18308
1908
13406
16245
8435
2992
6037
25233
31963
9929
16216
28829
29247
23175
4580
13355
26999
21936
2928
24301
6787
18711
20250
9939
17824
3541
17442
15988
23065
32983
4950
11439
32608
14233
6349
18322
13405
29232
7640
22138
30982
28302
28470
8060
13872
33026
9095
25604
22436
5630
9731
4284
19574
33053
22892
9392
24978
15716
26433
5039
10904
33481
3893
10228
27882
21745
2784
9990
16643
28478
22963
15836
24074
12809
2353
30789
17318
29996
19804
18311
13845
25540
32110
23622
16504
17717
18634
22440
12657
22382
14386
6071
17904
7790
20282
8967
30282
19718
25085
30616
6540
10977
29454
16637
21262
7107
11698
14782
32331
11278
20556
15356
3311
18058
6936
17747
2866
30565
5916
29189
15973
24697
18780
13140
4554
17102
9806
17711
17833
16736
22925
10001
5280
16674
13777
7207
17211
2626
24863
30385
19909
3759
4413
12970
10333
31193
27753
9131
17740
28088
25162
14861
21909
4367
4391
9038
30670
21234
2903
18869
18735
1926
4345
30521
3305
16904
4581
8096
23992
4112
3042
5604
7612
31255
6425
12506
6277
27959
17097
8981
2925
29235
27709
2569
2090
21943
27131
30828
26019
9697
6463
32738
13059
10495
2983
32216
24844
12699
6960
12208
5551
29621
31329
21023
24025
16207
5318
20436
12687
17455
21408
17243
32317
17120
6875
20544
11083
20218
4672
6007
19698
1699
3820
19195
31054
25430
12545
9398
29620
2019
2459
17569
8773
12215
23814
14892
33219
9054
21806
15584
2980
22086
14422
22595
16997
4550
30733
3836
22561
20830
11358
14647
9058
13377
20296
8779
22071
10256
19566
10650
11143
12521
14606
27321
32420
29344
18487
12498
33059
24396
20279
14662
33516
12038
28243
2454
32909
34029
12732
23683
27604
25966
16062
27252
25244
25026
24889
4377
18407
7351
3413
7758
29485
3252
10610
16962
27124
7927
13406
27864
22433
8226
7115
6733
14222
3574
22272
21276
25948
13918
6606
25374
1931
18351
13254
3062
2119
13870
28585
13996
4229
6867
1824
26776
14671
28492
32429
32642
26460
19269
32226
30983
34020
1767
30673
18750
3506
26270
14275
33948
8571
13344
9773
24853
4206
26795
23007
21124
5644
19597
18815
17997
13882
12266
12598
16961
28821
8378
32937
27330
15877
16913
25899
13351
3221
10403
17456
17250
11650
24711
14853
16863
27025
32827
28863
10416
12198
27881
25458
18152
4499
13288
24995
1860
33582
7558
26367
14609
4006
23813
6989
24649
30999
33251
3745
20736
30299
3679
34258
6654
33572
22328
27439
33454
30279
4280
14190
8247
21083
11505
26341
17896
33923
28487
20221
21721
34184
22830
26595
11983
4395
21557
24192
20577
26553
15684
33452
22105
19935
13601
26014
29277
16064
23097
15527
4815
33861
20382
23585
16881
10676
13644
24226
32845
31877
30128
19573
7764
3953
3179
22346
22853
29643
10835
32300
16208
7443
23226
11700
7932
8905
3572
12412
34246
21631
11539
33751
4618
21554
6901
25791
7207
10970
18049
10511
31455
2880
12845
14579
26364
14096
5315
15516
16953
14895
30566
21048
17759
28750
29904
24609
22959
2240
32221
22356
8576
31880
18253
31270
29737
10935
17605
31538
20769
3829
21784
2198
3685
18013
33733
5983
17946
22158
33729
33601
18292
27390
18294
22156
3798
31890
23051
20059
2363
5996
24038
28430
9940
13061
21615
15611
33010
20603
4887
28001
5927
21292
2458
9117
26536
18307
15744
3745
26358
3090
7914
31393
6846
4321
6795
11023
23549
8454
3317
4298
33895
27254
31510
12435
2826
14363
13314
19904
21551
4647
16371
11572
14465
14503
16525
33934
1905
11355
9831
27041
2264
14789
24520
22053
16862
14976
25774
5035
33052
32979
17429
9175
30205
8582
5749
30921
22378
4084
31117
4572
23974
16482
31071
20627
4982
17551
2684
6608
17030
5772
31105
5959
32520
34254
29666
11571
5790
31362
3558
30791
26234
33568
27123
26600
23747
24643
25868
18585
10555
33464
27800
21175
24864
12245
24933
4454
6736
16396
11244
13771
16816
11200
26071
10876
12493
23126
15552
31540
18116
26512
29244
25804
2144
21270
7448
8550
2947
20054
4066
17644
12743
7310
2219
15801
30308
14631
3596
19861
21333
14405
7527
3815
33206
5532
3695
23078
6513
25989
20459
8081
21529
7249
25015
2336
30486
24541
12299
30906
10499
5990
13311
13992
13908
11679
32079
25674
2364
14593
2396
34568
22734
32355
2932
16268
21346
33226
2643
33070
18490
6530
30442
23984
5221
14190
8287
14636
22244
23708
10580
31306
12300
27420
25196
2742
4139
18963
11787
15314
22894
4107
20830
25512
22786
10125
22172
17954
23418
8690
25739
7805
24689
11382
12101
23803
12656
23438
26172
27864
24594
16508
17276
5760
28517
32032
8240
20991
11412
18961
12904
7609
31427
8940
22553
11611
5691
3308
4965
34065
4807
11195
7197
21754
6493
6280
10885
10457
10497
12122
24407
16397
24295
18084
27914
8643
2520
34073
26195
16746
3286
18881
21997
18279
21763
23117
33686
21002
26303
19368
2650
17089
17937
22734
9235
27532
15944
7137
20017
12465
19682
23930
11191
29361
13228
28221
18566
21626
30251
16048
8670
12766
17979
10573
6178
23108
9206
8917
11739
25502
13527
17640
14336
10651
5663
26323
25461
19741
11896
14505
13265
18413
17113
5269
24420
26798
21161
31342
11385
19215
32551
27020
13272
8261
33289
3290
11407
23481
30563
27949
9458
6141
32459
7636
19681
18437
30651
6001
13641
2196
23863
13575
10477
9716
33967
34643
33383
10730
17446
29280
9065
34281
17300
18774
29001
11654
32137
23698
31421
13612
13076
11772
10979
18705
22243
16277
11652
4200
13227
12368
26777
20697
20939
6947
12046
26158
24620
27741
4295
25167
9323
8506
27617
26992
13882
9653
9018
7817
2563
17565
7731
13318
3791
24043
30132
29888
25447
22355
29297
22829
26296
31513
16492
31955
10108
14630
31675
34819
30487
32347
31372
25027
9151
5669
30822
15884
7648
19026
34482
23606
3263
13603
26233
2480
5725
31138
12143
15604
24222
22069
26673
23738
33194
17780
29643
34668
3476
8504
30845
28379
16186
31732
9151
7216
34412
9289
28546
12325
5456
34516
19641
29557
32516
25163
22296
19344
10630
33224
30235
26516
5841
29028
3915
14713
18761
24840
11709
3979
18265
10624
17115
25118
33371
10193
25702
10621
9400
25293
11196
20515
2896
12004
6743
5422
28188
17469
10135
29456
31761
31494
23489
24200
28232
8712
7239
29137
22109
9086
3402
22553
11285
27687
11357
3380
24131
18586
34956
17810
27372
11482
15261
4718
17065
6698
34965
5705
31565
5922
17278
23959
5576
28163
26216
12216
23371
9544
30638
27689
5549
26237
9594
18428
9998
18260
14987
32645
17594
10486
20534
20567
22863
8599
25003
20335
21027
9293
9338
28590
23520
23330
19030
19597
21105
26472
4120
3340
26658
31820
15879
29419
18434
34734
32086
27165
14220
23856
9966
11386
31623
6029
28526
19892
33835
9261
5232
17292
9349
11510
28431
15941
22813
21604
4006
25945
25045
30684
18137
19564
13076
27709
16346
13438
33316
26809
4069
28004
28889
5091
24333
27513
7284
26376
3643
26001
5062
23491
32372
3886
30873
6092
23898
17143
20555
2833
6902
12645
18364
13320
27828
26560
28267
32323
33199
17226
11483
28485
19503
9402
31292
5524
33904
30699
5447
28175
18598
25558
17514
13186
32317
14014
24869
19576
22629
25258
12980
19280
10190
7704
23534
13459
22448
31984
24685
32645
15375
5559
34031
34042
5437
34565
3836
20587
27808
28985
10185
34633
11957
14443
26205
23185
9813
8866
17650
13985
15672
9799
34206
9546
9655
31962
18994
5670
20950
19940
25443
33068
23425
34349
6951
6017
16918
12078
32354
30353
8484
23241
27074
4447
17523
30520
24039
17433
15684
8004
24264
17904
23769
15031
25170
27943
14392
33555
4690
31081
6445
16516
26004
22623
32910
21268
21580
6274
7618
23582
11190
32302
24452
7173
17658
28408
33253
22565
9042
10050
15760
23818
15726
28173
31826
28896
30232
15118
14042
18987
34836
33539
24509
24249
26954
7751
32701
7892
26919
32164
26442
28860
3648
8553
6473
32852
30520
34493
21269
14107
17124
32563
21955
28766
17326
9887
21675
15788
33335
27431
11555
20363
21313
23453
19342
22121
33995
12300
24982
28629
26237
16528
20917
29679
12615
24171
29690
14109
4678
17238
6154
5120
23783
2837
26725
20903
10318
27470
4842
14850
23545
7579
23198
29849
28576
12254
30377
31101
25184
11989
25249
12415
11545
24302
33803
4257
13333
30556
18719
21450
31722
4970
9420
4798
9633
19983
3068
23884
30231
15299
22553
8906
27812
13970
13008
32446
11515
12399
28437
15838
16465
32714
29543
12091
29122
23141
6485
5561
18928
29283
9793
19906
28141
27042
16740
31547
25947
3914
2834
21431
3025
7078
14655
22763
12673
24115
23875
5987
12056
4599
14042
15731
28902
19476
14447
7791
15679
14493
8346
30238
14881
6568
19687
32877
30230
15525
10713
14689
30812
23022
25646
22863
7236
4767
16229
24911
15320
32935
13694
19438
28096
3359
17409
13859
23143
32987
35393
5253
27737
33599
7394
18618
24560
31572
12953
11059
30255
34587
3635
23830
20206
32034
18905
30332
11831
11348
26514
25821
12529
19989
19209
3528
13499
24207
32913
35288
30491
20294
30054
3043
12248
18419
34101
18548
10916
27023
32991
29052
9214
18350
4731
6724
27991
3086
8858
6054
7284
30832
8910
12413
18963
15014
24941
12890
9169
18158
19090
15993
21835
11390
14949
25331
3204
6240
17564
21556
7559
31360
5442
23216
35149
33028
20151
18642
27616
24027
35065
3381
5569
35481
22049
13591
21639
32386
28721
29451
11978
35556
29708
32237
5951
20907
19910
23579
23332
35375
14878
28386
20447
34896
33097
21047
33762
14789
20210
25768
30417
3505
19326
2962
7399
31351
23188
34707
12694
5584
8925
27970
7533
29467
17160
5662
29503
15348
22546
7621
18562
14087
14532
16231
27893
12582
35453
10105
17798
31898
4913
3502
20082
31415
27826
11043
34990
25524
32046
24793
22150
16569
22777
8809
2948
19512
29069
30963
13203
11393
13776
12888
21860
15505
34709
4265
13329
22315
10852
3551
21504
22571
3966
34764
18187
18454
8988
26705
33757
26101
32504
7634
19615
33636
9742
30695
26837
26342
11684
15444
13954
10363
30600
34876
22163
15477
24985
20881
30842
8327
3720
7375
35098
24351
11232
15082
18659
23797
22852
9092
3390
9444
5368
16228
12587
9722
20900
14116
31016
6091
6484
6697
28246
30986
25026
29145
29911
23642
30168
5383
8570
30561
6257
20402
4762
10270
17504
13040
20547
25725
11699
8485
30615
18473
26681
27256
13680
13474
22337
3464
21575
14223
19109
28762
24917
11093
27911
9623
11511
17896
26459
4596
10839
35298
23973
34289
29257
19922
10500
8134
28019
19926
29424
35226
27057
31596
5568
26615
7864
32645
26223
3195
26105
8923
19359
16592
10696
4229
17886
15838
20413
9928
19753
9022
8794
18993
10158
33522
32239
28384
7638
21844
17595
19495
12163
26957
24148
28244
11927
9415
17993
6858
25269
10597
28165
14935
6731
12657
30198
15809
19664
14614
33263
12450
12874
18383
11467
28278
29716
28191
24404
11763
23262
19331
3683
22169
7669
12453
9288
21641
14277
12754
6507
24218
25500
15790
32820
25258
10416
3110
34857
3122
5732
31143
15446
6429
5575
8845
33010
28891
29789
21215
5183
12721
3107
7737
5810
10323
11469
13321
24148
26036
10834
17406
6504
26397
13482
34494
33870
33917
23766
16088
13991
6400
27426
17913
19386
6626
27303
31330
27159
3974
3603
8345
28281
9410
20909
3423
15857
16509
32403
11235
33601
23933
29510
13365
23430
5242
21865
9725
13851
3191
4294
23405
27577
17746
18322
18548
20707
28825
6130
14901
18305
19615
23230
10935
5067
13775
16260
31966
30824
25153
27088
13466
24023
31627
29610
32606
35087
35546
31073
8404
9570
27457
4743
6095
9639
13904
23613
3969
16536
24297
30897
28910
3193
28239
10212
10400
32251
6016
23985
29852
20063
5317
30987
20118
3294
33671
32902
18017
24393
12900
34840
24745
13805
5506
9249
19940
30393
21795
3498
3462
25507
10874
23530
20852
16455
32446
30479
13756
31441
32892
10299
8323
23582
9009
27340
24127
33566
15640
25312
20006
12157
14145
7448
13029
8066
33763
31645
31638
34103
20211
29793
6380
22218
7413
33960
12977
32307
19475
32198
20851
11287
11116
3882
20602
20972
7342
12699
11261
34655
29671
22466
32661
24306
35224
34793
18673
28138
13068
17154
17100
35688
5351
23787
27676
35542
33794
10736
3980
30084
26742
9618
24365
34707
22263
30342
30824
29715
21604
29697
25656
13416
30619
4147
26518
26354
23954
19473
14388
33005
9124
6232
26989
22421
23592
18383
9596
17550
12616
30412
34541
27012
10769
35833
9810
22287
17862
13912
12343
6873
24954
35973
5976
30978
7133
12604
14097
21699
11095
8474
31253
35922
23123
3496
22883
19462
7646
27029
18294
7356
31344
35395
23484
12665
11017
33414
21066
14417
16000
6824
13262
12935
7960
35248
14789
6133
14421
21475
17134
18862
12046
29324
27646
6115
24514
10489
8341
24323
5936
10950
14449
32806
14625
30558
29922
14508
18825
3774
29309
7457
35790
25468
25365
15204
11368
11784
9191
10249
10410
34099
33813
31483
26847
24557
20310
32614
16537
25683
28907
6868
18758
10217
17109
12182
19204
17699
23877
32357
10167
27179
31316
19273
31832
17630
16884
18874
27792
28695
4646
5125
19589
17969
5998
12786
7412
15559
18820
29348
3456
11710
8269
7616
31049
12678
5385
16338
4545
28316
17358
5612
11195
33364
16693
23696
25285
26325
30803
34255
34488
31333
9451
6835
34701
35815
15841
19419
21362
4257
25586
30053
23325
26435
10403
6673
12385
19493
16759
6562
29439
25297
31589
9864
32702
30913
33417
16061
5566
25962
21018
11245
26121
11129
24732
20185
16747
16220
23639
14845
22660
5892
35847
24432
16923
26345
10197
22029
15285
12367
16006
31184
22630
33992
31475
27522
4584
8955
23993
13209
28650
20643
16177
35930
14762
5595
11683
5952
26054
15768
31670
33185
15440
16247
4907
23695
24352
30393
24523
11261
11374
19083
26270
28962
12192
11147
23902
13347
5216
35465
22059
20716
20466
11402
21376
35678
29892
32787
22630
11952
25671
22436
18664
15375
21246
11650
11974
27784
21205
21689
13934
35368
22451
15202
30759
25698
27218
8738
24976
25520
32079
27891
21321
32893
6269
28967
18160
8515
20095
25770
4431
9201
12438
21127
5331
5775
13495
14509
30784
25380
16865
13044
13732
29400
22189
22363
5514
35926
32295
10131
27247
29044
34524
15298
8314
32790
12340
35457
30055
23119
16898
29222
27845
22986
16986
26441
21601
21097
15779
27777
27906
26667
21740
14191
35670
31827
34436
9982
17709
30151
25796
28392
32485
26806
12080
7293
27941
24957
33215
22688
24271
22220
3702
35602
25391
34564
5435
17139
8313
17636
36329
34949
28274
30565
14496
31796
35181
20706
34911
26323
29049
33148
7124
7977
18905
26813
14450
26796
19636
35452
31685
12172
9998
19200
14082
17907
20727
13928
10467
34444
13826
22345
35249
32834
16889
24730
7586
3914
9679
11981
16742
34659
26838
25663
9469
21340
6706
9426
10443
11735
13966
13528
4334
22350
5646
32564
33487
27987
30340
18107
33015
18204
30182
34529
22821
31550
4352
18321
14493
29369
31334
26716
23234
11573
23981
9942
34279
6795
25306
25661
19043
11655
34331
28252
14307
35821
6069
20399
32005
32697
30782
27336
9506
36267
25868
25841
26730
21763
26861
9235
16951
7306
17688
25559
16795
12497
26212
9738
18491
30653
15032
33350
11105
23875
31427
6351
27468
32113
15341
11451
29899
12206
24205
10582
8458
22338
11356
5828
26539
7449
15146
16872
30488
30403
26575
7045
10008
7872
32101
4771
31137
25083
23732
28213
7662
26260
14318
27128
10704
20450
13981
6814
32073
25529
5593
23852
33879
5352
6334
21921
19214
5894
23837
16600
6121
24431
26738
7599
32866
14217
33046
29033
11200
17484
10166
11089
14385
9985
17668
27552
30232
6985
24492
12705
28072
13922
28298
13587
25266
11174
6938
28367
19131
14932
34864
5291
26962
10387
28905
35997
34465
28596
13281
6948
29761
32184
7846
20707
21587
12306
36205
31631
22220
27566
13060
7692
24848
30257
7432
13267
21443
29827
18520
17303
25307
12939
22985
34088
13306
6201
20252
7831
14076
28618
15405
15515
27851
24903
26732
35379
4219
18255
24721
19341
22163
16663
20620
8231
13992
9647
14779
12340
29489
15495
22880
18753
21398
24369
21330
11800
17546
26728
29939
7653
21147
5202
9313
22167
13063
13826
20465
5769
20178
26177
29145
24930
33813
3982
31788
35898
4505
31587
16652
21758
24740
17594
11035
35093
8467
21456
23090
32579
27561
18217
30806
26830
24231
28116
23271
15840
26781
14064
17435
18733
13695
14959
22699
5845
29179
16154
7628
19084
22794
25045
4961
8440
16326
16933
15983
8282
4987
22511
14289
15473
32256
22147
4909
29084
9288
16600
12838
6974
13108
4889
22483
35174
11947
9569
4208
6576
14061
11204
16724
22374
14372
30606
29987
26347
14397
24015
14405
16474
14069
26391
6551
32106
21559
11390
9056
16021
12453
34279
24710
27513
15477
28038
16898
21118
26750
15520
30865
27577
28050
9618
5804
17168
7695
36629
36539
19871
30129
13504
24966
11867
23466
12495
4332
11765
19189
21282
10967
27138
21735
27017
32879
32600
12807
23870
23950
13243
21791
18867
21620
25273
13459
28814
29117
12754
15858
12018
27792
20444
10187
22529
10008
17318
5570
6303
4920
36316
17122
18552
20346
8746
9781
19524
4169
31652
17810
27978
10593
20582
10935
18978
19331
10359
11928
17600
19053
23540
36598
4526
32521
15466
33330
19609
6629
28035
15716
13839
31203
12517
8360
32391
23346
10583
32184
17058
29308
22821
11456
7344
18529
24518
25453
28534
26917
15037
33351
20015
15525
36285
19522
9680
6800
13840
15503
35728
28371
11578
28344
21672
33365
32473
19692
23383
15333
21967
30872
5418
28017
25763
8503
24186
33144
11557
15722
7990
7361
27473
23115
11491
34894
10102
29950
36320
30604
13208
4746
33263
32460
6162
35303
29681
19958
13183
13401
14577
33660
4571
30716
16484
11150
16102
24735
6575
16269
6089
15061
29418
14785
24572
25930
29924
4430
7527
19540
8295
12900
32712
17354
4285
18103
22356
13081
18290
25135
24225
18324
25948
26592
23491
8460
29913
15164
23734
11425
10584
4487
4860
8663
14363
30604
4742
21997
11835
24463
30680
22890
26604
19330
14697
5112
36098
26492
10312
21109
14004
10342
25605
31560
8864
17144
17871
23793
5904
36580
34522
19172
23676
10832
9732
31896
28752
29066
20663
25307
21742
7927
21265
26472
8951
10061
21314
19131
16327
9730
23606
5156
23870
28165
31605
18459
9926
4779
30279
22739
16273
31980
23067
34066
30243
24783
27689
6463
20753
10019
15447
18109
22792
8048
24409
34167
17424
36397
5149
13244
26130
27443
22630
26702
35480
25714
12471
10933
7125
30947
10098
34265
15077
16317
18241
10448
11606
12268
5301
35317
17382
31679
19245
16442
7822
21729
24826
34495
29120
11402
5824
7843
12526
17398
5663
33562
16971
8471
25491
9151
8149
15239
10137
6444
35219
30144
4884
34760
11547
13967
25326
9441
26200
14022
18178
4603
32138
22322
12346
33383
34446
4812
18932
24343
17760
24883
8875
23728
15326
7514
18387
14305
17615
17534
22788
35828
24611
8540
22107
30626
5244
14240
11806
33836
35310
33696
19870
33447
16899
25162
14690
21399
37123
13659
28801
19648
15474
6099
8016
12601
25305
13989
25917
28610
37066
8626
12795
6999
10014
10488
32224
20998
30337
6663
24971
34301
13361
29109
20681
23783
11266
22035
31930
6521
21414
27808
8495
17223
9003
24764
16727
32989
22213
11871
6043
22539
32206
34058
15558
18560
31499
22270
19049
29850
23089
26797
31870
19581
7847
29806
5707
28515
28558
13940
36489
14131
17663
29953
18118
8788
31379
22743
21000
36803
27433
10736
36531
33123
31203
17518
6060
22677
11378
22997
20671
16649
14996
21112
4670
15828
14042
25393
14315
36034
13487
11093
5912
21485
36758
28391
8205
19854
14259
16652
11946
26132
10125
12991
20046
32883
26386
22982
29943
21695
16348
17381
31146
7417
34482
10833
18965
33833
7762
31079
9075
35756
5997
32926
21168
23248
4596
24251
16333
11422
17298
32324
18567
20471
18298
13878
11827
28131
7010
25338
6893
35365
28111
35734
33265
29203
8596
26401
24393
36260
10901
22137
6825
18123
10193
9784
37271
31491
24224
11491
36046
11051
31544
6501
9445
23957
14966
34236
23084
26202
24796
8691
25559
35312
8918
35664
31326
11774
25153
9166
8483
35950
25901
32205
13142
7364
27106
12297
14357
10159
15394
9673
16856
14558
12206
16217
23821
25365
9228
22201
20991
35456
30086
31895
15868
10567
32630
33147
18359
16994
5057
8002
29419
30383
35746
22221
22337
28738
21929
22010
15988
6140
9475
31187
28083
18783
9723
16646
7751
30880
23489
17046
26997
32510
35690
31951
11174
33107
22585
36991
8901
9449
29981
15459
19433
34446
36730
11488
17460
10219
22316
29683
12539
18193
18378
15723
29478
21589
5927
4950
10714
31326
27935
18105
18518
27772
18576
20612
17179
28475
13734
16068
6224
20281
14684
33307
14180
14900
5695
12141
35829
11879
20085
35293
12273
29719
34559
26872
35067
21865
12347
20271
21776
34934
6061
17547
27242
32673
18174
18844
11940
5161
21573
30387
35104
16122
34694
6993
21670
21449
31096
29150
5197
29279
36748
15262
28575
8757
31018
22754
14840
19522
37438
12667
35119
34577
20211
33140
8056
26902
5310
24065
11401
21826
9375
34482
10748
30165
31396
22252
22261
22900
18094
27546
5892
26235
25207
20768
14413
6292
26836
19856
25830
15497
21048
6945
17280
7766
14970
9949
35658
23939
13272
10137
36626
23472
19259
8490
33709
31090
8637
10198
34202
5469
16232
30729
8674
33122
33600
13897
26178
25180
21636
27500
15500
11749
31026
37129
5451
14958
13769
16940
9638
5519
6738
25678
15495
5275
8353
23684
29436
21368
32729
9462
15325
5549
22830
22163
5807
15805
8687
31491
27080
20148
28355
15069
18356
11263
33843
15387
9176
35712
20584
17611
14933
19938
12854
30215
12079
12586
12634
13094
10415
37263
35840
35124
26885
11404
15753
10912
11058
6707
25226
21301
18213
28868
7704
10315
24868
18046
25667
26943
10350
34229
19936
33824
26911
18213
22924
25259
30035
9862
15853
33658
10638
17761
12603
13176
36956
28705
18943
31640
26932
6509
23835
5831
5794
8117
32011
33823
14246
37131
32362
35165
28759
24885
9656
14741
9675
17920
25178
21540
12603
11735
15074
36839
20067
33939
20113
9898
18728
14997
36890
13539
11901
16914
7593
16801
33927
30383
23076
33471
19967
9038
11185
12637
23769
6695
33656
33424
14371
37658
37546
6233
6447
17475
20674
32468
17396
26832
14091
35250
16050
10767
21858
9705
11477
7883
9277
29610
20764
21721
14316
15508
31482
6382
14623
6695
25405
28852
18089
24699
15341
31516
9347
8498
30583
10997
23572
23211
35594
36798
12719
10104
12354
8376
4958
33299
27140
15936
25822
28876
20649
23900
19690
11782
26974
37268
26557
8355
36042
26883
33490
14525
8434
20141
17902
33943
10842
26387
28000
37331
30829
6917
31111
28389
28959
17592
30614
24775
16337
13080
18324
8430
27509
30559
33703
14206
6130
12519
27793
17850
30410
19260
32635
21694
11002
25206
6386
31856
9250
16838
18735
30388
13541
12366
15771
29407
26771
32822
25490
15727
23557
5116
10343
36857
7625
19979
31401
7522
22912
7824
28837
11858
21123
9097
14380
25062
29133
36638
13207
26277
27413
18485
26631
16310
15674
31041
8434
27216
37348
33114
27867
30577
16489
31635
22368
28115
30701
20616
33914
34844
21710
34358
37121
9044
25919
16912
23662
29085
24882
12623
8165
17694
6524
19337
30323
34625
25139
9093
14996
12318
31835
14926
23800
21047
17090
34950
6278
36453
7721
12797
10146
33810
33956
6018
24235
37289
34884
15097
20424
31051
14578
10670
23525
15812
23966
24809
21752
19389
18586
24771
5513
17202
19264
24887
12657
29991
36059
23932
9186
27031
18629
27026
7847
33198
14284
34332
24237
35384
10458
26221
10691
21080
36054
23781
22942
6781
31173
24958
6176
28562
26933
26274
12506
18037
13787
28736
7119
27563
7291
8478
9594
6994
17416
12913
22547
21846
37133
35243
35343
16872
18507
24724
13798
14892
17571
13212
32536
18738
17463
27247
34930
14632
37069
28363
32653
32974
34676
9614
33177
9514
17257
32276
15704
25468
28731
35775
30317
14196
34606
24023
19927
37283
31709
35221
29625
21040
7204
6778
9820
23500
10045
23781
8822
21223
24617
14053
26797
23844
8018
33612
31831
29963
10094
8965
32644
9727
16806
14503
20542
17519
25848
16969
35599
30288
27866
34201
5828
8138
8992
33320
7537
34865
8479
24072
5813
19256
19475
32921
18239
27233
28862
20384
22929
37560
16978
17049
29700
27329
16529
16463
28685
31919
18739
31401
5822
37078
22664
15559
34448
35939
15710
24397
9823
10315
17445
22271
18870
38017
7505
37263
27213
23404
33536
5298
6864
6552
25053
37753
5858
23980
35140
28127
37986
17564
9895
20127
14829
9759
36912
23368
24228
25956
8871
10898
30511
14848
13975
29939
21506
34092
28844
13166
5342
34605
29024
8364
30107
35091
10198
20557
22566
20134
19462
20608
12230
25758
17435
35281
12707
7954
31001
20803
28296
23603
24259
24735
14824
24378
12988
10507
33311
22431
14060
13278
32251
26764
27429
34227
21371
17553
35335
14269
7126
12697
19745
15194
26815
35101
15448
31722
12008
34967
35981
21217
14789
34362
20858
33307
35986
24032
34525
10352
21655
10820
13529
25737
20651
7793
13209
6641
20983
37754
21046
35951
14844
7788
25819
17812
6616
17025
32295
30864
22212
37782
22482
22602
30690
23775
11924
37807
33078
8154
5442
27721
32753
32641
33595
6932
11254
27588
8706
30606
17047
8502
7724
38158
32415
20743
32637
19030
20886
34098
19534
22379
16960
38135
31793
7589
37991
15756
32216
7682
7642
13072
21555
12735
27830
15808
36569
12586
8932
14189
8617
31922
10979
32046
24497
7232
10696
10578
7503
26826
21123
10648
15765
29733
32355
34211
12018
8986
11997
27048
6927
11709
23689
18794
19960
31226
14189
12136
6268
33905
15486
35924
12758
19332
17508
6856
23693
28845
28542
11061
21144
33813
37670
27676
15558
11875
35894
33408
14685
11474
6858
34459
13825
21383
11080
14544
8408
35361
12446
33505
13548
30353
29643
6498
26065
18988
31905
20845
11911
25854
30665
32408
18337
17250
15879
27940
34983
27088
24767
19575
30906
17141
24505
7628
21110
9225
27681
31530
32541
27485
23762
19090
19697
27955
14292
12669
25825
8915
29986
23686
17256
20443
24241
28515
14515
37335
12719
12569
13314
36369
25864
18544
24144
12715
14639
7333
18486
14314
29979
11872
12045
27349
29840
31973
7507
20991
27551
19342
27215
17313
33648
23417
23800
35819
13375
28030
30228
7836
32933
8292
9629
34513
30233
32596
28520
35098
5814
21645
17161
11219
36927
37978
35569
6578
25696
29761
14041
37532
26166
33406
17764
24253
12562
20912
37119
30679
31866
36049
25612
23770
29041
34667
6209
17334
25849
7689
17738
7533
7125
31468
17078
8300
31635
37632
33040
19739
19658
28431
32332
8371
29345
38195
22886
27216
15248
9873
18757
30279
12139
34116
31461
33721
32412
5784
6837
14440
30383
30073
36158
34506
8213
10539
6918
14940
26913
13371
37812
7737
33367
36789
11380
29163
20454
26263
7581
8321
38003
9606
17298
28129
14616
12992
18150
36448
22189
25170
36803
23696
25670
31371
34956
8537
12028
23728
29633
8780
32497
9713
22819
27187
36238
23708
19993
32749
12559
32145
7507
32633
24898
32246
37293
18768
31115
38187
26710
15352
23596
25344
11825
11222
23235
17958
35963
36164
34836
30436
18607
34019
22281
14859
31654
21042
10999
16428
17411
18528
15651
34056
30670
18783
31621
17224
6495
30522
17612
20591
37758
36776
9634
29964
32968
9697
31536
38196
33365
11952
7909
15663
27031
37578
32627
26226
14725
15198
19227
35021
17145
19693
36651
19430
24663
33884
28869
27878
38000
27208
25313
11378
37030
20633
32149
22749
26192
20058
23189
18588
26464
11720
6902
22778
31299
32936
31287
17677
25864
20190
37505
26856
21445
37692
13870
17682
7734
31384
33417
22071
37032
6433
36820
38174
15381
35315
25232
13019
37265
11496
33272
25926
19684
30385
22479
22443
29305
34598
15707
37827
25719
31195
22962
30435
21293
9460
13620
34676
36019
14906
9817
16035
28622
32366
31661
6745
34325
35549
34584
35694
35154
19764
28259
37914
22571
14742
25848
10924
7682
25324
13033
13438
12825
28028
11572
11560
29178
36798
33606
19956
6934
38250
34237
18834
26540
6358
19058
28685
29420
26239
20919
20222
10333
16101
37085
8704
17020
27293
34298
10083
7334
21665
14568
11557
23607
7914
19857
27165
13556
25921
35690
30586
19622
8786
32318
32364
33288
27394
37933
28193
6883
29698
23796
19955
7544
38308
20079
32736
22814
16878
12892
34618
25132
8430
8545
10143
34073
18252
12113
28716
29922
15142
11435
34542
14508
15127
8547
18585
7339
31641
25829
36989
10818
20110
30552
15541
27500
26905
32799
17058
32090
15282
38310
26520
13918
36986
12891
29142
25351
25547
31482
26044
24206
11028
14862
9016
35440
32228
13493
30594
26973
21828
15523
30473
24913
21834
9065
13229
26881
21739
29431
9006
9336
6161
36704
18916
13570
28653
9694
32177
16457
13711
36118
21813
29374
21172
31389
38720
33082
19679
12730
16013
28133
34475
36718
26029
37976
11103
6065
12097
16638
30915
26623
32364
22464
23346
13075
37768
19937
36849
10739
24856
31526
16831
30252
11518
34363
21421
10591
20975
28754
20016
17916
13603
33805
8821
17742
17489
11166
14324
16056
36826
29229
30792
37950
21829
13433
19774
18502
36331
17603
17708
24736
22003
34280
20868
31429
16257
16845
21416
30044
26155
16127
27648
21251
22189
22939
16203
14923
7901
9068
9778
14084
6625
20308
31523
8380
19615
27629
31324
19074
26229
12655
26694
24560
14890
26325
29189
37736
17189
8763
31821
33181
35549
26763
21623
28245
33425
28760
30676
15982
9529
35850
25921
21279
30140
32572
11515
10881
11619
17250
12981
26958
11918
32687
21992
12776
36774
14390
29803
27805
21074
30799
31555
25897
6894
31804
31164
24956
31801
7692
27321
38334
11085
35264
10312
6545
12245
31917
15737
17046
25722
37921
35441
34866
23454
28489
28346
21650
31821
10322
28125
26348
27504
26831
33331
11016
38212
7515
37368
10752
27403
35967
15009
30788
10498
21718
26223
17632
14482
38510
24645
28162
33482
19314
22967
16054
18189
37894
38755
14837
18952
31091
14212
38622
28903
27780
18116
21059
7369
33584
38738
31079
23153
14712
36405
37382
14910
14739
23264
17302
25693
28489
19718
9677
15677
27293
15535
22627
11843
21934
14476
18457
26304
33247
28295
17658
10528
20534
33439
19937
30820
30978
18419
13627
14802
30401
36892
33550
7914
6208
33984
14395
27549
32260
16228
22272
27834
34537
37762
21696
12969
28681
16092
22791
25691
11231
29711
28105
16001
13485
29547
34026
37628
24090
9730
30467
23701
27168
28415
24420
15087
25893
10042
31061
27321
36200
30473
25250
36392
18847
33368
26454
22949
29407
6908
15046
30915
30139
27972
16849
16243
36528
23249
21095
31611
9665
30632
35912
31268
36190
23942
12046
38451
10378
18804
37230
25115
15421
14234
7611
17009
28679
29016
30635
36000
16887
16787
12126
32222
29115
17229
9628
7775
9992
32377
34143
25800
22333
18189
30353
11750
11843
37464
28182
23712
32439
13974
16141
13866
32075
18626
20819
20092
19305
36011
8521
6403
38170
11082
27864
29078
17959
9043
12722
12715
6782
10250
24794
9675
36310
25176
27494
30531
28310
18462
35972
24093
38899
32201
29883
12110
38745
30247
14963
6961
16653
17529
13240
12340
30736
21705
7483
30162
11590
32381
12953
13249
22999
9517
7136
14700
30934
23474
21584
14755
17441
15743
28254
36497
14472
29237
22783
31215
9521
36721
35362
13688
19002
19688
12926
26525
19105
16055
24207
20601
30049
35316
10459
17159
10718
18313
24954
16019
23427
35138
20181
15470
30890
13604
27566
34278
14524
11009
18017
9845
38297
26697
25961
20025
29754
7715
21797
14500
16533
28092
17116
27509
32960
16095
18688
25063
9050
25799
20655
30760
36135
34097
11391
11020
10746
30133
20603
32771
34008
33621
19305
10569
11098
22615
25935
14940
24659
29776
34613
32947
25011
27266
20523
21677
17835
23143
31630
30408
13074
22158
31880
19731
30984
11686
29398
38118
18905
18905
23758
23760
7460
6747
10912
23249
32060
15170
38620
29385
17358
20376
26676
33073
35268
16814
32900
15881
20074
23988
23823
19473
6607
31367
27659
18492
7791
9418
23393
28002
7694
32824
17582
8245
38375
21304
23181
30582
30214
28850
31512
37993
26611
29730
19372
24454
26768
33771
16877
32113
14660
36333
15882
36908
27737
12889
6723
39052
37027
20676
21416
35817
16483
27515
12323
29210
38762
21783
34232
8096
21634
23633
34572
24610
10761
27159
14628
9498
33247
17887
30320
36045
14467
29755
8968
21888
37752
25517
30261
37097
30446
23485
32051
11236
7838
25162
15157
7783
24054
35614
35498
22456
11126
26053
9151
15069
31578
32158
27685
16213
11641
8242
29716
35333
37485
24005
17552
37493
19444
30763
25323
10300
35990
13277
11659
27833
31368
16204
30189
38148
14801
9333
31722
34852
25003
30902
11833
11651
24876
16096
21558
32671
38693
12173
34017
14081
8523
23476
36650
8563
9876
23930
14188
31086
8420
35659
28215
20946
27113
24874
25682
27097
36675
37957
8192
32078
12777
33997
30595
25850
29896
33284
38111
7008
16045
38040
26336
31146
21348
17199
9054
16610
34850
34115
16064
17253
38688
22576
31935
17045
22153
10891
32365
21711
22166
37302
29045
26525
10999
32177
17572
12844
25462
24371
34216
11264
30679
29690
19480
23526
11010
11615
21941
37674
10596
25901
14320
26891
26258
21683
19116
35436
32303
33304
12356
12748
7185
38895
7888
23416
12191
23307
20132
35327
28285
12949
12826
12007
27244
30299
23186
35742
15979
30571
11958
7859
38690
30433
22019
28998
6785
32509
32133
22718
29349
21113
23009
32954
32763
26137
35481
20809
30375
39043
17036
34141
27431
7249
22972
34173
37427
18533
11348
23227
14312
17020
27370
19942
12838
14342
16385
34560
21047
39222
28370
16626
39345
35413
20300
25983
13981
32603
19289
9591
35544
13760
16739
24877
17082
32912
28695
29994
16118
6846
20328
16163
21953
29626
31447
28457
12087
10821
37106
31008
16634
10629
11291
14962
11548
7252
22667
10245
34879
10974
11159
39018
19194
13931
24625
32343
29311
34681
7345
10071
38011
8718
17878
21184
27198
13388
33543
13541
38684
21318
22495
14990
11795
31250
30441
8357
15022
32544
12712
13362
20776
29641
10715
20106
27093
8747
10238
25026
35774
7477
15124
10602
35467
38654
34212
21368
23463
29019
23554
13699
18078
15536
38863
25138
29898
39174
17603
13043
9262
11614
35498
39408
33186
10565
30893
20543
28209
33961
38355
13400
13247
29163
23240
27853
27886
13877
30940
9013
9283
23566
37454
27497
28293
29740
18379
10996
33894
22665
16178
38084
8038
9657
34714
36134
7667
24186
32406
35313
13013
28045
39608
17152
9161
31172
16211
18150
23404
16477
32133
18398
21083
27022
26229
13569
37785
35681
21210
29628
24625
20162
17341
19840
13852
27350
16511
26043
15972
27279
22045
19464
26250
28798
7091
32418
10534
27880
24639
28959
18893
31259
26024
27483
34871
21250
19711
21682
36513
38904
38916
16242
8049
21978
25580
18575
17945
33632
16737
8089
36669
26797
19915
19180
35864
9508
29134
31783
9500
18302
26899
35039
32728
11289
30540
23444
31775
38291
28274
28899
35943
13208
27217
13566
28015
35832
25927
21850
33061
31229
35401
23207
20678
14331
26662
7941
31303
10024
27152
29813
36084
18862
14680
36749
39255
8959
27769
35441
30811
29289
10072
37886
36273
31722
37066
8008
35187
21317
16727
10055
27911
23893
36670
23245
22343
31650
23480
17595
23518
38450
17793
17525
27125
30626
25749
27283
34320
12149
29495
36314
23346
28331
34872
11370
26440
37525
18038
27960
18116
20969
9635
21951
25481
16402
14408
34803
35591
39625
37641
7287
12199
38377
14634
27919
22889
39295
12882
25432
35275
9761
11663
8119
38638
21378
21915
35983
16884
7491
14942
12727
36012
29195
29619
23595
37489
14553
24943
28161
26703
16537
11424
27295
18536
19958
28178
37676
35990
15216
7704
10052
15442
24494
12680
7664
12757
11797
34824
27349
39548
17817
36744
9131
22129
25043
16656
39409
31624
25172
23228
15583
32615
23610
31493
22429
19690
27137
33089
32690
18630
11675
22381
18367
35180
14530
35115
35437
17968
20365
19463
24996
16810
14657
23806
7678
13148
37738
22337
21115
29846
23339
26678
18550
29847
8403
33984
28631
14325
39344
33728
8075
26431
33832
16860
14897
12512
37381
12927
35606
33350
19729
33312
28516
23620
10723
11720
8086
18101
15608
13262
11567
10083
17926
16869
34988
32807
34188
33882
9143
22609
37038
31382
33693
21833
38720
29930
22530
18039
20513
8076
27092
10337
32714
16092
30333
25363
19750
33004
19293
18372
22693
34880
13687
37302
18828
37842
39274
28254
17807
26713
18340
20677
34465
24267
24786
37934
33547
15393
24218
12793
23483
13914
38029
36551
34015
19138
15703
8927
23731
18804
26681
33233
9367
14878
23226
34137
36965
32260
15001
8069
24577
21320
37893
38938
14130
7528
36880
14645
10160
38664
28514
12078
8574
20722
7466
8129
15737
8795
28251
15472
38450
28264
24852
21539
8953
25328
28767
10258
18746
38020
20511
34788
38925
39852
9540
31000
25096
38772
36417
28069
10583
14631
36800
19933
37391
15707
14740
22935
20160
30253
38895
9357
15178
19150
17621
12803
39409
20543
11728
29610
9907
24408
25062
12227
29912
19471
31688
37511
19148
8695
31820
28359
28714
35335
10525
29136
8729
15773
17329
20113
8667
10946
11388
9216
37283
11696
18020
8889
37799
33682
11892
13800
24439
23178
39892
13162
16781
8952
31737
22319
14629
34298
7961
36323
10319
9519
35042
21197
19010
34753
14699
9463
25587
22690
33387
22415
25318
23061
15529
16781
24132
12913
29107
37014
11823
30241
19923
17184
36178
37616
28223
36312
30908
32900
24464
12352
16878
23079
24693
31901
34610
17870
15529
38672
34351
19539
21538
12291
31931
34566
8844
15814
35824
18020
23285
31098
20866
38438
27594
9007
11087
17022
32514
20809
22840
17053
19097
20264
28976
11384
17728
20232
22930
38348
37715
29477
15800
34399
16395
29219
12489
24458
38645
23214
29394
23796
12706
14942
35865
37536
36256
11229
12974
35882
16042
36939
11842
29005
37148
30689
11836
21417
12458
32213
17930
35267
10064
39806
33717
15182
18572
14009
21689
33449
23756
28555
11539
18344
8482
28936
9371
14231
28479
18803
32404
32380
8607
36262
20354
9629
34817
19380
13627
15170
32794
37070
21825
10172
34442
34403
38223
21414
21519
27275
16946
33643
23289
26534
39130
35849
14558
36672
26033
17684
28814
31801
11820
23549
32841
24610
39071
27796
10288
32745
34389
33484
29946
25529
37856
27070
25320
15900
29614
27633
11515
20067
22237
26841
40036
16967
22608
25501
27708
23248
7683
28446
38261
22646
9371
39732
38673
29319
26946
18234
36497
24008
26033
32206
13489
9823
37518
15826
37458
24816
25593
21686
33208
30471
29794
11770
20469
37558
20893
15342
37541
28031
8248
23997
34268
34419
35084
26281
34397
33692
9490
10904
31757
17049
23416
13264
18599
23688
26100
34303
36528
8489
28505
37502
25774
19775
32872
16854
18581
32826
12008
13956
26498
13588
17145
11513
36267
17017
18085
40165
21142
9770
13240
32693
21898
8099
13265
24666
7748
24060
9914
38989
30186
17677
25333
24016
19525
36309
25751
34678
32042
17949
24154
10469
35385
29528
24813
27867
40139
23758
35982
20591
25637
16633
32987
9114
9202
31279
32485
29429
34544
22146
29063
16068
35305
9957
20470
9012
37605
18832
36504
21985
34974
13221
37402
40091
32308
15891
22717
8554
18210
14778
19952
18383
34673
36561
31780
26445
37931
27525
37084
36648
14355
17891
26371
14189
12435
13560
35715
33586
30454
25911
28691
30751
10711
11291
16464
20270
10969
32525
36112
17070
17561
20871
16883
32142
27873
7802
39227
36824
30495
8429
33245
35964
19221
32743
11223
13391
29649
29072
11973
21075
39648
39315
32431
11577
17343
9926
8998
12836
23442
29709
25743
15536
28952
12412
25534
8243
10463
21179
20423
22083
16820
23471
11792
30328
15710
11350
26795
23410
33164
29427
38627
39198
34059
29548
13333
10294
23868
12016
14530
27399
16326
11996
18913
28535
19592
30432
29306
37446
13266
25182
39792
26516
36052
28946
13727
36004
28758
18168
18982
18143
11178
25450
25862
37916
8159
21385
36333
36894
8504
25567
17228
21342
27356
38211
11183
12043
31439
22780
29006
27216
27169
22569
31711
25813
38246
19040
31919
17032
10598
8085
33009
33949
26645
33085
32342
13267
14789
28340
36318
32762
24218
30940
18669
30898
21566
24840
31905
17269
17367
7960
10083
29400
35894
37605
29884
25357
15441
25823
11114
16301
37364
23028
16820
38580
20659
7860
35834
40142
34083
19891
14736
34513
34890
13615
37837
40074
22355
8179
13150
26812
37766
9595
8160
10854
15992
17753
36271
27461
34431
20952
11768
24474
14185
28126
17686
29485
9070
8727
31515
10130
39010
19791
39596
10155
13616
29728
12819
13422
13187
13262
19087
20200
31174
23663
10734
17282
35151
30287
21086
31364
40151
13970
13441
12759
35630
10011
18367
33807
16940
34221
31968
24745
28139
40528
16090
22928
8243
9463
30183
27110
35894
21087
16603
39426
10878
18490
22709
9397
22819
32909
21108
33234
19521
19543
13100
31213
25257
9587
35416
10082
13015
22463
34418
34970
25637
17790
14273
34697
10302
19195
30067
39547
26836
34160
39147
25105
32150
33061
33628
26758
32348
37596
8599
26167
34213
24685
25121
12131
30532
23726
20873
12079
8022
14997
20728
37869
15735
39841
39690
37021
20534
32117
35548
22452
13510
10951
22887
13085
28406
13176
17676
23934
11618
12292
22383
32956
24043
21533
15753
32193
26214
38035
26105
24957
21905
25719
22939
11050
8267
19840
33372
18389
16132
26541
21581
26394
16242
29740
36086
36143
40581
8059
31980
34340
32414
11981
36774
40552
36348
40111
34188
17552
12662
26859
37969
30804
18288
8109
24963
10970
38664
23524
35680
29752
16272
18667
13292
16948
15425
26473
16960
25677
20525
39286
20005
39168
28278
14847
27105
32836
29374
17259
15953
38743
15838
18814
11576
8636
35547
19070
28119
9093
36886
39829
22462
20686
16578
29815
20449
38538
17051
24132
35822
8322
27605
35248
8158
32922
23891
20577
35275
23382
36122
26009
12289
15774
21765
31252
34135
32702
22970
22324
18368
22961
24028
13659
36125
35999
21891
20888
37461
17828
19945
34439
32936
40403
32102
27762
40256
23419
36766
17596
38665
22696
33273
13440
26307
13037
9299
37493
30038
10337
37365
19477
31845
17896
14020
9726
21797
19124
13497
23448
10608
25867
15761
25080
15125
11338
13510
20996
13683
31786
11709
15832
15686
38210
39489
30057
12992
9933
15664
32360
23004
9646
13684
17258
23791
38065
13621
15941
23935
8724
14669
8637
34649
15942
21757
18016
23006
36846
26078
24238
39838
26927
17434
13949
11304
8746
17115
33180
10271
31941
38148
32183
37777
30123
27168
27514
32389
9877
22423
8953
22483
40391
25128
18256
25145
20189
15251
23942
32682
32967
34966
19128
18153
23827
17179
32115
38743
33898
36016
18017
40714
19550
34103
9256
34590
35427
31199
34447
14928
36890
32851
19683
31176
15574
21041
33689
13367
18521
31933
9524
21282
10974
14551
25193
29310
18013
32554
13697
13948
13578
11431
17664
13222
24862
19250
22916
40235
18907
21146
27375
11639
39370
30159
35016
32007
29256
20559
8671
15228
36928
34786
28464
32494
11834
13959
34314
40322
18325
12462
21873
17727
8464
31655
37568
17949
14992
34907
22931
16991
36381
34362
33507
14627
16429
25204
30579
40760
9509
18284
33131
31279
16413
12394
24899
12725
40675
25999
10723
35616
14147
29711
10249
33607
10630
30362
22762
31383
35897
16923
13340
26467
9520
19109
19635
33404
13258
21674
36267
8706
12405
18031
38278
13945
9589
11708
30005
40479
34018
19928
22076
17021
40944
18869
19474
13373
9076
15975
21702
14651
15779
25050
19688
32991
20764
31173
23207
29353
22825
16090
37943
19213
25409
32832
25974
31362
16850
39746
30926
31446
23614
39753
10077
36548
16419
38407
13395
40904
22496
38902
22428
11826
27221
13569
23488
34682
18410
37248
21255
14035
18642
30570
10208
25602
32913
19398
35971
38001
19131
30819
36310
33407
38143
40393
19853
32539
35429
8559
10134
37265
33748
27695
18100
18851
25047
27894
27754
30684
13216
13248
28698
16417
20302
14532
14702
14985
16235
9195
14839
38511
10681
10375
10772
29637
37678
18754
36118
26282
9533
38996
16545
22847
22615
18426
39765
16311
10162
40739
24238
21166
12873
9836
32809
17340
27940
8526
36265
41033
19161
10134
12568
22179
31827
29462
38737
37197
11986
13723
15934
23707
27443
35615
28221
19067
31346
23615
25289
34966
29549
17647
26198
40088
21994
21356
25980
15051
22236
13170
15704
27371
16866
39344
18736
28470
37905
33657
29525
8642
13299
40636
19790
15379
27343
28214
29490
15597
33579
32230
15958
24679
12432
15297
35624
24129
9357
18600
38491
25207
29950
21911
13637
29718
14223
24863
28037
15951
30331
26902
12264
28618
25242
25741
14990
9277
26266
39426
26184
35900
32652
9687
25413
18259
32419
17667
10478
9298
38969
14344
40206
15336
25619
21029
13878
39283
13030
35020
40288
26135
23834
38742
37586
18957
28365
35574
39493
30782
21787
19179
12871
38929
28829
28922
39646
33153
12591
34332
28526
32626
40695
30580
38876
35909
29859
22403
21748
15530
12017
16287
27656
19637
13685
26017
13786
33589
32919
14815
38077
24385
24795
41306
38390
17427
19301
41016
17000
38682
20412
34932
25201
33866
39630
32980
14607
23735
11060
30747
31303
17250
39608
22656
32967
40018
41236
36704
34506
29159
13309
15664
26172
17516
26720
8629
9246
30699
30956
39031
19245
21573
38352
14707
22974
19329
25030
29200
18157
31333
16464
10836
25334
38723
22849
19032
38627
17174
30080
13305
18280
28878
39177
34001
24331
22247
32308
13414
17287
40768
22074
25248
14963
18731
29429
27265
33055
29120
15847
36112
39871
30328
41086
18582
40907
9719
16790
12301
32165
29480
15424
22230
36221
24207
13250
9386
25458
35291
26847
9683
12025
10683
13400
11164
10627
18931
35506
20742
22618
38831
27962
14268
9676
9751
27719
37193
38284
24867
40639
18569
38997
8881
13020
24413
17104
40405
31792
21667
27576
38000
8935
9830
30012
35588
22605
17489
17829
28358
13456
34410
13112
25077
41414
31741
26462
8811
30769
9941
32002
15986
12226
30386
24123
35800
19165
39160
9515
38214
24156
28837
33831
29133
23254
19077
30999
15042
31521
41385
20512
37836
31765
34837
14721
31035
33171
34745
30395
18587
19654
36771
25333
14217
10153
16754
23198
11462
10698
13070
18004
12170
14925
30870
19717
24859
29491
35482
29012
13469
18909
23691
40510
22828
41163
14191
26365
35368
9898
11481
32300
14800
9870
13849
10285
18963
11644
21424
11464
18338
10539
16647
35860
23370
25611
36960
31387
25985
33415
17164
26809
30783
25991
12766
39237
8975
38458
23009
35699
17765
40722
24902
15353
23346
30224
26784
33137
30646
23617
31828
34815
25237
22153
14922
12339
35630
9119
32745
21809
17960
21337
13379
15887
35149
25386
33420
15998
39324
33769
39121
19117
24473
27859
16102
33386
21992
24532
22945
30603
17946
17154
11845
13196
18375
29546
31297
16505
13789
13584
13083
14606
36407
25649
33447
9246
28530
19403
21372
40753
10492
17760
33192
40049
37229
34294
33699
14279
38683
15458
40834
26433
16104
25798
32877
35511
34143
30041
16467
40622
22016
18534
14812
38524
36055
26520
13984
41389
13908
40052
19862
24742
33110
27175
34255
19592
38793
21634
37220
22103
20466
38979
13485
33116
28616
14486
11699
31943
28038
34267
12264
32921
27198
33194
18454
29121
21808
17428
15510
37253
28059
17964
15810
15396
38611
13767
31404
31418
12948
13951
28177
27747
30102
13310
30600
19107
27233
10617
38143
36102
38499
33402
20584
28675
30016
30947
13744
25382
15977
37936
25841
41583
10480
11772
38120
32501
41371
40902
39337
39630
10039
32246
17297
39987
16686
33819
10877
39904
17500
38519
14649
21178
23071
31933
36156
19124
32173
14873
32402
38643
25515
9841
25625
22321
32763
11499
26608
35423
40405
21423
32813
29838
15897
28910
24526
39951
12259
12579
29683
41433
38752
21144
16714
31020
22241
14892
13770
17012
36398
17749
17060
19824
9245
32097
21110
34451
36451
36865
28610
21419
19369
12551
12192
9152
17379
18799
13487
13887
33501
38812
24145
23896
33046
9445
30744
16292
28370
13392
32123
23819
13675
36509
17870
23269
41704
20359
11377
23391
29648
38982
35143
25632
12097
19288
36201
38957
35132
13697
22556
18698
16195
18449
22529
41763
41766
18533
19596
31082
18458
39088
31671
29760
34315
32252
28664
10137
18227
34667
21104
21595
21484
31427
13669
22792
37058
27177
25330
38301
25293
22317
33789
18106
11838
34567
13162
39938
41783
27680
20878
36293
19680
18645
11239
13789
38583
28535
19722
12245
15399
17302
35036
17489
22109
24703
39173
25513
31831
35075
23970
13272
10557
17530
38458
13717
23797
19720
9972
17599
10994
13087
15879
30718
11084
23109
28017
41896
33302
13080
36076
33761
28908
22159
30750
20999
9931
26242
32016
18765
16933
22381
36577
24229
14645
34673
37052
12260
40081
18075
19719
28192
26622
13417
27869
18269
21895
38538
33727
37737
26321
36070
33670
18437
39081
18142
11420
30789
29919
40405
20076
25402
30295
14575
27671
21966
29533
40472
39273
25582
33337
21577
9227
15599
35843
31494
23802
40746
33209
31532
38455
12010
26511
13545
10433
13449
10886
20236
38592
34261
29760
35711
40451
40632
28947
17681
20140
11545
15452
31353
31274
37885
26390
35480
36456
10738
19627
34303
12612
13997
10761
14769
12355
29682
11001
22314
39043
38324
25004
23968
35569
40318
23703
10376
41147
32017
20098
18268
29705
19535
31963
33436
41192
38487
26703
12819
21126
33266
25500
18523
12453
22830
36000
14243
16714
13384
23478
37808
37557
19407
15683
38178
16790
13831
27020
25081
12158
37772
28363
16215
32148
28471
41345
36999
40841
21829
26381
18239
39630
26038
36478
10530
17924
26100
11174
36489
40116
38325
10351
32387
31552
19234
32883
19483
22297
39481
23238
39129
18227
35696
30230
24715
28854
9627
39671
29252
11255
20239
34936
31398
30118
18952
36602
33629
32841
20552
19778
35820
31208
37377
17356
40876
23050
39925
12898
36113
19425
26844
29678
41520
35010
41478
19597
37502
14040
21313
24036
27099
40984
38397
13751
12495
21879
30638
10935
9747
37467
40818
31644
12627
29776
30452
25716
29490
23293
23184
40507
38543
33878
38072
31915
18182
14611
10390
40533
28858
40288
12274
25329
11602
31190
20567
39923
33346
37034
35697
11103
21580
21284
28346
34013
13382
35667
26198
17680
26909
19968
14138
21284
23322
18656
25748
16550
17508
16653
33895
23449
19143
21943
18294
9926
26291
23319
14436
11347
15240
24997
30233
24215
17680
15755
28008
31533
32333
41561
21998
42055
25974
9978
30269
42053
33084
17895
29498
36743
19281
11674
11971
14463
42027
30022
31125
10762
13318
35269
40045
39936
23848
26322
31854
38409
41832
28792
24259
13491
11505
32970
36741
17602
16452
32213
28639
10440
25468
35795
12144
15605
32982
12194
13552
11567
13424
30068
31255
29029
10065
28615
24250
25633
39850
41624
14136
10077
36443
11987
39444
19352
37305
21007
12515
27945
17807
36472
36969
15314
36963
36620
23551
41112
32250
39947
14391
30162
26398
13224
20675
34177
18078
39685
30099
16863
24471
31582
37694
27707
39154
24453
35491
40451
12846
9614
11216
26659
13663
14539
22563
31885
19063
10235
36782
38425
20421
27582
28128
37520
23483
29004
22882
29443
35828
15719
27456
13922
17782
15246
20809
16970
18996
36212
12216
19997
18391
28336
17940
33880
17341
32950
23380
20001
34882
37638
13639
32032
30527
15267
40755
18320
26065
21447
17341
19094
25948
11477
24072
34513
40399
37263
34337
35634
40233
26505
40091
16910
16444
34013
39286
38001
39088
36385
16966
22454
29772
28822
35728
14676
26993
19618
10616
40187
36071
25729
37785
41184
13533
25399
32821
15445
27946
36809
39566
11420
32985
16556
30867
41981
15589
41854
37823
28438
20545
11508
18751
33907
27931
17684
42323
12894
36706
33700
32246
24312
35974
37090
41153
36489
20607
32373
38925
42005
27664
11428
19288
36912
22605
36806
32490
25106
37723
27129
30391
28398
31351
19735
16520
33664
34105
30950
26966
21478
17946
27023
41462
40368
21557
10834
38652
12346
33354
16503
32729
20282
34568
17032
10566
41877
31372
28605
32486
11895
19749
23480
22566
29346
39770
33394
35945
18438
33582
22646
37474
36242
24226
11085
11968
11595
34684
26169
30225
9883
34887
36646
42464
37611
24219
36829
39201
22644
12958
40827
23504
32593
10187
24609
41428
23769
10994
34030
42281
35117
24960
37930
12094
21261
40449
39364
20892
42480
32227
24063
37321
38483
38013
29800
35948
34897
18256
14091
21425
42100
16268
33254
36079
36555
38102
17054
37257
37948
38216
12401
38674
16924
20153
16492
41652
39933
15679
10718
19410
25543
17139
36620
37356
10251
19700
40486
18883
35987
18863
15994
26046
33086
21597
40424
40333
23307
14796
12950
14604
33651
14947
34021
33386
12796
11617
21923
41866
25611
26981
29826
29353
34553
38451
23240
29250
34922
19381
24137
34862
16602
41536
37010
12304
27769
38937
40552
11504
42553
28728
17265
32294
39205
28235
42544
39802
23540
37886
12343
15497
10974
17274
13975
12139
29614
27435
34460
33426
26649
40647
10935
34293
35406
16780
31676
26478
26574
42441
21069
28257
30334
17823
27798
39583
18426
30985
23612
10890
34605
19738
37007
19577
29727
24710
20743
32606
21005
26980
15342
26278
31679
18482
40282
38240
37398
19482
12894
38050
30949
35955
11393
10536
38401
31627
35183
39999
34460
38564
37615
35809
16078
22332
39701
34338
18293
18834
18617
29643
36415
27749
34856
38468
31749
15871
29720
40119
17755
39538
19170
38002
10597
20258
17387
14477
37612
34691
22883
25805
20400
30500
23091
12233
20992
25837
22576
28747
12425
31653
18069
12793
22636
33718
23728
23861
42387
27189
37083
38465
21828
14621
16302
38823
34550
25819
21363
35800
16228
37648
32730
10771
41441
16018
26095
39560
21483
23732
13384
26046
16130
26567
38787
29490
42171
29408
36592
23361
14608
10972
31114
36935
14074
26786
28460
41737
41794
14504
14849
42576
12691
31673
33853
30167
32725
34037
36362
25703
39862
22809
32709
38209
34441
29440
11371
33980
11092
12650
22606
33839
31524
20989
22541
11537
41892
40329
39874
36703
37870
10640
31357
40766
17313
21254
20978
42466
28724
22101
20078
14766
17546
10404
28432
33181
40646
30297
39477
18400
26720
27356
22068
40905
13433
42398
31308
41703
39019
32859
27610
35187
29349
35484
15311
41450
37814
24191
14434
27644
32167
12986
18178
23205
11662
19934
39567
33178
41824
16089
39369
12774
39943
32447
35337
18901
12724
24522
21039
15377
22135
28063
27099
37387
23821
41682
18656
28060
33785
38829
27381
19949
14038
36397
15278
39828
31211
32590
32427
16383
13312
36232
34832
19478
19056
32922
22836
29212
17280
11910
30110
22230
25327
30173
33837
32240
29902
11580
37014
21916
14994
11287
33044
42364
11880
20661
37978
25794
37064
10108
31693
15254
29773
38767
26096
13240
15300
14325
36127
23654
16003
13276
40577
25984
34556
23965
36152
30186
24465
22754
42458
16690
41386
32069
30245
41074
31493
22107
23790
12920
40270
25841
22107
18213
35824
34197
22610
39443
31786
41049
21297
41082
31589
34259
10944
28245
20421
40296
15204
30400
18174
18635
16277
11173
26473
41152
10641
16535
14167
28454
17746
38142
36517
35380
14014
35189
42640
29955
10271
17520
23499
26956
15570
10786
22223
11892
40003
35742
36467
25029
10521
20796
22716
37887
14509
42046
32246
24591
24257
23475
33283
24350
41327
12444
38900
40397
10591
32078
29654
30399
16957
35863
28366
30297
16234
14628
12649
11205
39154
27554
22573
35645
21695
10788
18036
17798
36876
20037
39802
14522
15644
39822
32180
24139
26923
15770
12387
23109
40613
29047
42858
36819
14230
24144
36188
24325
13409
24905
28634
28624
27318
20651
34332
11863
41150
31297
17869
23656
26776
24834
14876
23626
20489
32239
20752
39094
14447
34879
37659
11811
27383
35002
30963
14663
15632
15459
21405
28378
22816
35417
31434
24733
32629
37119
13671
37787
21374
36443
36976
19374
35131
42940
38917
12358
34546
21664
42687
11878
20260
28884
16196
15343
18111
14813
42009
24609
11157
15255
41400
42335
20237
28700
16099
22578
26904
38631
18231
14225
38759
34618
25604
31328
23772
33212
14172
20022
13630
17767
11626
13155
37168
27553
30725
23090
20068
20393
26757
25963
32780
34101
39894
13852
39825
41562
11467
42137
23944
24747
24756
19138
31458
22949
33330
17284
29282
25163
24138
33699
37461
18957
38841
12214
34429
33006
17543
37747
33358
26854
35295
40492
23389
22149
10782
34970
43029
34010
14634
34778
13995
32915
27397
12725
28757
20069
12450
30244
31927
20655
38647
21011
14750
12378
40019
40806
23281
19715
28658
42554
18149
30812
20431
21357
33391
32975
30905
14432
16895
20325
23721
14331
29291
40167
37715
34034
20009
33347
14587
21831
21186
26672
12170
28433
10883
39445
30177
29307
24182
32807
35181
34063
25745
17618
34299
16949
24108
26971
30670
38134
39609
36291
37871
24326
12975
28654
19141
37122
20167
26117
26853
38902
28523
22552
14891
17442
18539
32008
25354
36094
34035
24228
25632
22139
34746
26898
31758
39820
31611
35185
23430
41445
18345
40892
24486
39682
15711
18417
18052
22124
37014
15987
37386
26936
29082
25517
36100
28368
23231
41721
42615
18166
26191
16576
38708
29957
16584
21474
34222
33914
35652
28248
39945
38580
16953
14616
17523
32248
31842
34616
32695
35256
38397
42071
35343
26645
39991
25145
16954
16546
36069
10673
34511
27755
15988
37572
32209
28470
33827
18443
31363
38408
25199
14681
30078
24299
26575
24990
19200
36335
32162
41995
13191
37743
17766
33911
10911
42901
22058
16130
14328
16160
28230
33528
20155
15717
27977
21752
14110
34708
10803
23637
13879
23869
31205
40892
26637
39443
31189
29975
32757
17647
29446
43186
25372
36888
26936
40860
20832
11969
10844
31057
36964
41939
29258
29845
19683
28141
30390
39843
42564
13481
28512
31623
39023
23330
28300
27337
14304
39859
40370
41803
29689
37121
12918
13172
21405
20539
12250
35470
24570
30880
18355
42093
12710
23618
28762
38994
21486
42506
33443
36623
29291
41213
29715
25707
34006
33981
33101
30663
27932
27475
23758
28674
15285
21547
13786
30363
36402
22624
11190
11797
15382
29755
33048
26528
17895
35318
41948
23541
14981
33221
23800
27522
34490
11031
15538
10695
25361
17176
38673
14336
21484
17531
42129
13060
28625
25720
39706
14445
24581
24848
21299
18169
20316
33944
19828
32304
15183
33397
11321
33095
23375
37157
30110
33093
37465
25983
12711
12900
40651
29499
14526
12474
31862
38580
18019
38936
11508
35821
42015
21299
23099
22226
32953
26113
34675
32961
18349
14182
17413
20297
36058
40464
38133
22578
24699
13472
34929
38589
40792
14602
42922
26156
37694
31550
15074
34181
30636
40712
37830
34964
14031
13620
20991
23087
29360
28663
22020
13246
11949
30346
22066
11770
11558
39960
18974
20212
21880
32218
41002
14681
13871
19585
29014
24821
30583
17620
42841
26743
20948
39834
18673
35956
23827
24762
24695
16302
19329
40353
12470
23701
25946
13028
11261
36878
22660
14630
24947
24948
12413
26941
21675
31708
35475
20368
29560
40094
23123
20163
40451
19217
21059
13719
29978
15765
17620
27659
25291
36823
37266
31688
37170
11856
29342
30651
17295
39695
15966
34564
17819
28601
29043
38671
25885
16590
38123
30976
43448
17965
21688
28245
16135
27867
23137
26822
17644
13824
16376
33136
31268
34610
12108
27443
29983
20470
33119
25689
24335
43140
29211
27512
25920
19915
15424
15257
21671
40629
12705
21401
37821
32428
41872
36048
28302
16733
12183
34033
26892
33724
17513
24369
35754
38472
29463
41132
24102
23696
24711
11268
33958
17910
27427
41035
13063
17331
22734
40739
27250
24603
41244
15907
13616
23330
42946
42877
21695
28704
31563
11742
38437
43217
27661
22422
16516
24992
36700
42233
20975
25381
33533
38405
32380
13548
34013
13125
42394
36216
13059
40436
12709
33671
34756
27494
38328
25752
26166
20388
24003
21675
19175
23383
34013
39752
29902
20711
34267
16834
39553
21731
23073
26301
32681
32164
23224
27374
32435
34349
14241
23330
23241
43094
31081
15234
28161
25130
16638
38933
34772
43661
14785
32390
36817
22818
29148
17704
16530
17771
36054
17207
36592
24882
33893
24161
37235
21032
27523
37252
31756
20173
26563
20666
33799
17039
21734
28307
16443
32054
18089
26273
22916
29055
23778
12602
40819
18183
40395
33913
21827
17259
19102
42630
19215
20142
25186
13591
38723
38619
18180
34359
33873
38635
14505
34375
34469
34024
39747
14146
20186
27475
14946
13637
19502
29124
32590
25678
13107
39120
19794
11075
23752
27951
30810
24631
37192
30238
35265
18922
37889
25347
18276
23182
33512
15440
12539
34769
24202
39849
26537
25623
20038
12105
13265
23815
29882
36002
40236
17226
26747
38467
18712
32655
42249
30975
37683
39123
34818
33868
37929
28639
11925
25065
35530
21522
18234
28868
23392
21856
11168
18202
39231
30619
22247
40928
20125
43761
35856
14178
30372
11703
16562
23338
24006
15205
40942
12579
23633
11489
14756
31230
40771
28160
12775
21205
29535
27722
33967
14862
18048
25341
12750
23427
21294
43093
25894
26591
43631
24587
28440
31563
36831
14107
41280
22347
23555
36043
25439
29666
22747
11497
38040
11261
19638
32596
36064
35087
42826
20670
21168
29176
34052
39087
22780
16683
31901
24781
22889
34320
27374
12636
40635
30119
12549
42753
21388
20079
39032
38347
43332
13190
20985
23923
27461
17169
16939
21219
21094
27614
37045
25334
11427
17992
11668
21119
11539
29787
16565
16268
30746
19769
14275
18412
16351
22460
26174
30958
34048
22621
27597
27756
20357
30293
21717
14088
29715
15362
43338
35766
14690
30347
24005
14459
29169
14535
23255
24692
24057
34139
36510
38681
27039
25635
15509
16579
39789
26324
32688
23660
18179
24799
12969
39606
22538
22168
12948
26159
18794
26519
12218
16596
40125
14430
32932
39636
26115
40765
43894
34454
16279
39027
39295
28156
14946
17814
43277
11498
40526
31797
37254
13570
36605
42939
19892
40626
26812
33430
32865
19313
27058
27289
34596
32069
31581
21663
12154
34697
12352
41842
16920
31981
18901
26091
22656
32446
23241
16474
12499
37224
22888
34087
29670
39481
13911
16570
41367
27239
19329
15513
38754
31573
14163
15824
25903
16402
30764
33430
25710
12322
23567
17197
17766
28546
39068
14858
34506
14310
40766
30518
35726
26437
33189
33524
17144
22423
31351
37796
38650
25566
28226
23271
38079
15971
30902
11780
33668
31810
23057
36235
23977
31272
22746
20536
24584
32348
27602
29977
41861
15356
16424
24819
29926
39818
28652
35555
24294
27815
31942
23617
39556
25885
25320
18377
22945
37155
22593
23549
40906
39133
35827
21701
40275
32547
31240
28761
16549
15747
42848
35680
29144
24969
23022
18522
11397
36669
41253
17979
27605
36078
17068
43608
40158
15406
24409
33159
35632
42014
25693
15490
31658
28908
40124
19341
27027
35993
30465
40281
39398
13568
21295
34087
30956
13076
27898
19504
30224
38761
13879
29253
20976
40950
13714
25011
37552
43801
15743
39529
37523
23515
36723
39005
23756
21366
16211
31019
19601
42004
27437
42239
41586
24794
39718
32438
33769
28453
23987
24384
39218
32019
29708
24649
15708
16710
41694
14872
29857
26596
31552
14519
40179
20706
12265
35924
36055
33667
19104
30951
38006
31515
22003
43285
38129
12569
20268
43092
41462
34884
29825
18513
24977
32069
17291
30095
40516
16486
15354
16208
16217
40089
14982
38584
39799
20412
32809
35120
22900
14363
14731
31241
21354
31543
39614
40801
12301
35270
25387
17995
42555
42234
24012
41514
40661
18694
12700
43870
43214
41183
38476
20771
29569
26431
16696
33461
17224
22768
40601
21433
37962
40007
43772
16344
24468
16879
33011
20909
13932
17127
28426
12513
42977
40910
43516
23444
42151
34143
28455
36607
21794
39480
43838
41816
38337
23007
31038
24310
36237
41222
36259
33974
37634
20238
25051
41373
21277
41163
13307
23999
28342
43143
11953
21599
33296
34633
19833
14167
19119
19287
20756
16827
24425
38905
22583
15801
11968
31360
28800
41411
14191
36999
13229
35057
12099
25465
17680
35488
35884
40275
17214
13664
41876
31403
33288
12557
21487
40434
41132
19515
27796
42998
20556
30935
18379
14762
24222
31756
19239
17194
22758
21860
16918
17402
23329
41264
18102
24718
24451
31273
44266
28944
41508
40535
41902
27997
27895
23346
32935
23121
24571
34056
27134
40004
35253
32158
21103
21204
25565
36378
31645
41445
34904
38944
29353
35815
12902
25148
15106
16728
24605
33664
39807
35209
43030
12910
16811
43172
38758
31512
12128
26350
43983
41093
42647
40266
15928
44375
34686
27391
29019
30635
21707
30906
30910
40001
21072
27863
19428
13533
29136
29916
39364
19948
33298
34886
36986
24427
21555
18569
19773
19717
19264
41554
34961
12667
35333
37903
21181
31049
13087
15793
29824
36999
28505
40368
18432
43021
11829
40784
40451
21978
21704
24100
33633
38071
20171
17104
31418
26391
13808
23826
32356
41282
33650
40708
24231
40626
32752
23963
20525
26301
25979
14964
16052
33909
26606
23248
14342
38349
38781
36829
33579
22013
20881
21559
14301
42791
13268
17070
27196
24378
17799
27210
16067
23575
19228
41868
31355
41714
30721
19191
25454
36603
29370
33999
34143
21310
24370
28193
11960
21448
25427
24323
14788
39436
22996
41501
30238
26757
42834
17768
18026
12700
26019
26678
17986
30155
22887
43635
35955
19715
26079
41258
23914
40779
29443
29770
25065
20651
31182
35243
13823
25672
43741
24908
25654
23248
25400
34527
41230
20504
25456
15495
23210
39940
31978
17120
28874
31400
43386
25152
43257
32684
16691
39228
13064
22773
17022
37998
20922
42113
24682
21366
31681
23955
19267
40767
35049
42257
26470
13700
16276
26922
26195
19858
22118
12347
30212
23119
15937
35572
31358
44411
18548
29111
34213
24630
32047
37184
33108
42178
13883
19083
16301
25995
20967
27122
26030
21860
37446
22935
25605
21780
31895
21249
29222
21009
19717
21514
16282
33419
21137
23288
20378
41644
18252
44522
13020
38687
30921
12662
37805
39119
21714
37520
18496
19953
44634
18349
24390
29764
20147
44329
23230
32919
42753
16614
36111
22413
13807
16695
19540
33693
30112
13052
28663
35932
26089
37646
19585
21247
34493
14045
41392
38939
22248
41047
11979
36528
43776
18700
24882
41062
28825
43152
20793
18198
12729
31265
33078
40844
27788
34186
37593
39308
37720
28487
26300
26898
18610
21482
23099
40158
44019
12990
38790
32304
18918
27561
44020
40401
34243
21591
22683
12882
36449
43156
20765
43928
13223
23034
23748
40857
12356
33485
36306
29792
15263
32803
33554
27479
30737
30536
26547
29125
37203
19040
42326
23190
40754
16462
31846
25947
41098
25557
30376
13969
41585
24061
26643
42278
26547
20409
29153
33081
42111
28358
15334
14370
41567
27094
22561
31154
24685
22510
33937
17083
33733
14093
16201
28883
44086
15886
24775
17238
33085
34255
12418
28074
35635
19859
42946
40647
44229
24229
22196
41462
20645
21311
40894
31960
40831
17577
15632
44715
21039
42149
17532
29897
29745
17931
40327
14449
43608
22705
40384
35274
20931
23693
16208
19493
35598
20510
42451
30595
34245
40455
25958
37719
40990
36350
16385
20109
44775
15588
19720
22730
33213
24629
16156
24822
30591
22691
15415
23800
14082
22526
31736
32448
24582
40535
41019
31371
18537
37477
31725
33378
39323
14632
15391
39652
25170
20683
42840
44358
28799
37583
26416
31384
34688
24934
36890
21578
18071
25629
23426
15854
21403
22462
18456
23615
40429
38261
37995
21859
19886
38193
18361
34413
13103
28493
15621
12838
19113
41328
25707
36109
43055
39602
44721
19100
24544
21248
22302
36813
15969
29121
32655
28381
25995
18361
21191
20560
41312
41006
41223
27957
35140
44362
43742
16043
16746
37825
36419
34468
28812
22964
35297
21993
15839
15572
35506
13151
27462
13258
14287
18568
24517
40663
28807
14156
13881
27575
28846
31994
42055
12492
36663
34442
19859
33656
19206
23077
22322
36299
39423
31207
20321
42846
44643
25571
15735
30078
42588
21351
28184
22157
22998
42882
20396
40102
14993
37572
29455
23424
31348
30789
33930
19861
27685
39400
20739
38019
20950
31713
43888
22706
36450
41333
18066
35895
27800
34561
22239
21752
28886
32062
37056
25105
26843
18883
22268
12407
44502
12492
44404
33499
19650
19513
17426
37074
35062
21466
44540
12594
27896
15081
39181
33727
23955
18136
39301
24071
25385
33614
24063
32650
40266
14188
24484
20766
38020
16468
25247
13202
24189
29932
23248
41362
18496
30431
35013
43210
31445
38117
25318
32335
19988
41541
40687
12858
15802
26520
28580
18070
13501
37071
19136
44412
41693
15479
19246
29308
36988
36924
33659
37695
42159
30380
21644
19307
20885
27198
40076
22471
39656
29075
21033
29856
43729
12539
24576
39787
43265
13627
21589
17323
34813
23438
14600
43797
15545
31465
42948
26866
37993
12931
28282
20678
40084
33173
22542
26671
20842
35934
27984
29711
34391
12907
16941
24813
15576
23061
41767
35481
23950
38219
14082
42767
34705
33682
26816
22686
27142
38217
44496
43850
23540
37938
31875
33134
42579
38190
34495
13222
13414
14152
36087
26603
40523
21493
23898
25600
16849
33946
21323
24334
23945
41295
27410
38539
25120
40163
15825
43615
28139
25120
31161
33866
42692
38480
43645
20096
26133
25856
26119
15767
27442
14595
12651
12707
34796
34490
12825
29344
31587
35731
32598
35856
28443
42704
42989
35812
19026
44938
16417
43168
20369
27637
35815
37563
14466
36325
39250
30020
17409
22673
24399
27084
27253
21399
13458
25471
44129
44865
13008
21908
44854
15879
23087
39144
40044
42837
35067
21733
30416
14222
39834
28585
23072
29008
18626
18788
22741
17402
36329
18178
27712
35691
16381
28683
43736
15629
37974
41927
14547
26131
13801
43429
42739
24318
15038
41181
13219
22630
36260
37717
41538
42231
40995
44994
40127
25786
30898
28431
21350
30101
28970
43266
20217
19734
14715
23581
43267
40812
29341
44226
40553
30646
30154
24475
45122
42369
39915
21305
18152
41867
39248
15611
35663
23501
16803
44338
27286
27833
18463
40578
30684
21441
20477
38028
41045
41240
24879
36297
26013
39100
38225
19641
37452
25780
37085
15422
40138
15510
40094
29506
44133
42573
29543
39840
29856
13337
38916
16450
23246
25559
18289
18055
39392
33667
23370
38631
22652
16123
45187
14553
25935
15110
26201
26100
36259
24980
35208
22613
16948
17224
32703
22594
32319
12851
18257
19724
42205
31203
24365
21818
18575
22684
27408
43491
37146
40421
26617
20828
13205
37446
34014
25876
45248
35921
29597
28347
19863
22239
17973
41130
31271
19612
44086
28031
39585
19654
42102
17159
26285
27953
30470
27746
21248
36239
35684
24417
14641
45038
28402
31027
12744
14978
40871
28225
21657
34469
28421
29014
21328
24860
37195
22019
41548
24476
44267
12866
41905
44940
32318
17241
35000
16909
25463
39425
23882
31032
25814
20936
29134
15014
36126
22452
38719
35638
42568
33833
24961
38922
44665
35852
25589
20691
39218
36137
40011
30543
45254
14802
32663
18448
44050
26569
23975
41086
19560
34401
36500
17951
38860
16351
40600
13078
33635
18982
27679
35818
41512
43668
27681
41609
44001
28967
34990
43661
28754
44772
19915
33469
35504
43897
22652
14295
26968
40481
15394
42125
32193
28104
20999
21197
43183
15472
42808
33349
13994
16851
31891
30759
32943
14665
36128
31785
34085
26349
36517
42705
36114
30715
41076
25839
45455
17021
40072
21611
21882
43047
32464
24128
26474
41087
22219
12745
32744
44609
30549
34108
45020
17409
22721
16244
37701
23570
24871
28403
31789
18343
34559
12839
18909
31032
33263
29932
16461
20007
32226
42835
29662
39844
33882
20897
40267
33486
36871
43419
27101
20506
32408
36097
39903
27129
21713
34137
36690
37557
35038
14573
30434
33180
18151
27927
25880
38753
25572
32188
30160
45503
29363
28183
44014
25183
44903
30392
22349
36092
13540
13516
38648
45253
45225
24222
19357
24835
35052
41310
36414
45307
43244
35874
32554
38678
26499
44074
33068
35647
15354
15976
13570
25741
13602
39487
18704
14882
26272
14732
29014
19283
16521
33251
39840
13065
34095
13083
13308
27238
20794
40716
36209
24236
27130
36503
17134
40539
17915
30695
42113
24986
33754
27127
33993
29144
17240
20820
31406
13491
38061
31269
27471
24089
29215
29544
28732
36269
30674
14206
28134
23404
19938
15850
28244
38800
30895
23126
37911
16820
33656
36054
14719
31546
14636
42865
36879
30954
24444
27870
21551
14299
43061
35979
26913
31127
19661
40932
28982
19322
34875
36049
13890
40283
25356
29056
30285
43887
34228
32102
26763
16233
34082
23424
36495
36070
23959
37343
42427
44297
36791
31331
19707
32098
37857
14535
12979
26133
38844
20957
24309
19256
14866
18459
28152
44412
14562
24919
20165
15888
17840
31183
23092
27074
29728
34924
22039
40808
30403
14408
14517
21886
40497
15213
16506
37648
20056
15072
13292
32731
24083
34782
24033
16303
38143
29285
39407
40215
15242
26870
34085
18236
29004
17818
42744
42759
15771
27683
42624
36742
36441
40372
24549
19857
39185
42371
28180
23213
21058
17118
31926
14128
28411
29804
30306
44966
42152
34998
25361
37236
39724
38885
35539
37563
17712
19149
45249
29055
37562
37675
31283
36361
45569
14635
22067
33929
21120
25134
31025
35328
40521
29897
16632
36957
23964
32273
38112
30182
30904
31766
38469
17370
19441
45485
13625
16469
33283
26483
32118
22387
26790
15886
44950
40888
29538
30134
31367
32176
24741
20213
26937
43730
13587
26794
22681
41898
33053
16212
35267
16696
42197
45453
42099
33171
34304
44501
15805
17361
27757
28049
14079
31531
30854
24915
35091
40285
26661
45660
20425
20556
40361
32096
43412
39659
40264
43657
16259
40287
29863
34494
35187
37986
16551
33316
41604
44005
17794
14309
16841
25849
19736
41777
43844
37615
16259
42371
44305
13246
43505
16934
31969
42918
42931
45815
35242
35859
24977
14956
38301
15812
38753
22229
44121
17964
26584
15074
18782
14361
19103
44902
17092
16275
28841
16986
19501
26887
32453
26405
42488
25509
22127
27675
19639
17158
24812
26947
15587
33810
37014
35933
40655
22817
35956
26147
28379
33120
14861
40144
30186
44919
39294
42975
42518
17256
42955
30997
44962
23482
15219
14017
25135
33240
36679
27459
44595
30132
28539
19915
23208
23727
15614
34915
17153
22461
15111
40752
45410
17604
23281
23796
43280
44870
31304
26840
13607
13376
18212
26985
36747
23890
16053
22752
13344
14111
31264
28326
13374
42743
15753
16919
24159
17332
32113
35463
36379
13793
20035
41090
14423
25378
29225
42072
34745
26831
31012
28121
40287
43491
42844
43358
18896
29717
38325
17929
21042
32836
16546
39245
38334
21016
31038
23472
42866
15079
27801
25295
45061
33749
13647
15523
44064
33600
43872
36868
23243
41307
26171
26219
28710
36888
42268
17148
24665
14924
37272
43716
22221
44558
36983
33343
44445
34399
38081
25629
31047
38929
43291
21829
31912
26081
41812
31259
39207
40935
13884
45310
36656
45616
21941
13845
41700
42665
41228
13388
30990
24126
18313
26521
16473
25924
39748
13444
31425
26388
17979
22758
31560
34041
21922
39409
27626
37965
36730
37744
28626
34782
18021
35920
13774
34967
40889
29792
36609
33116
32723
28501
24024
41525
37038
37137
28991
40623
38580
44837
40980
43903
34771
27540
14555
32617
39124
23770
39348
23392
13544
30508
33931
24047
37764
39682
33679
42455
24687
27859
29157
34810
43546
23071
31901
23671
35375
28595
45029
42775
15468
25897
25724
40680
38834
33198
41322
22823
40281
15880
17903
39779
37575
18391
36793
39136
22849
18970
20825
40762
30720
40694
27896
30282
35976
20147
26438
30541
38197
32776
42676
40771
18967
15768
45795
41110
30720
13500
34908
14332
37338
20867
21633
18590
27710
23543
44484
33658
22339
31394
39958
40454
35476
15953
34210
23574
38854
39704
21436
28927
22248
29334
25620
31741
33115
37754
39472
41938
28388
21062
42265
38320
43263
40788
19796
27481
18550
15894
24339
15493
20787
33185
33965
24452
32850
45677
42316
40228
16507
33110
39909
23509
14447
44007
23150
34315
42976
13784
19787
45028
34438
23509
37641
16395
39279
41858
23630
40924
29335
44219
34832
14025
36536
43040
20486
13564
34147
38609
39260
28989
32592
14198
15787
24087
26355
17539
24616
23094
34639
26554
41756
24596
36111
34545
20884
22741
40403
19989
20825
38511
31176
39535
28962
14605
23419
43814
26377
33718
35311
15109
37692
25641
20717
26495
23285
45580
21403
35056
44972
26950
27984
24614
38539
25514
38055
15648
17442
21973
29906
33557
41052
37721
45361
44473
18097
24091
34595
15291
22174
17657
16925
41618
43090
21936
13817
44921
14763
42493
45968
31160
26464
30723
43914
18982
18048
32237
29557
39916
45595
32980
24853
39563
24894
28387
45051
16673
39205
38073
25945
32488
20397
34318
42517
34047
21000
31130
45852
41325
17332
39986
32761
19299
35246
40757
38822
17601
30179
34342
17314
29916
18151
30618
43331
24702
20457
38229
20814
25391
23783
40880
19909
36275
42782
26686
29184
19924
28101
22446
20735
17250
34554
35571
30207
26231
31997
19363
35659
25343
35740
26525
25429
19832
37358
44015
38917
38135
19524
34551
46161
22124
27229
38344
39950
29990
21977
41166
42502
40090
15600
19382
40010
36704
13668
31880
38602
26494
35764
15894
25634
44009
37523
41370
29879
24393
34456
25499
31747
27645
23095
22544
15405
37215
32240
25032
45021
13897
30918
30985
34382
17624
25843
34168
42405
29551
42202
36664
42881
40703
25661
35670
33747
39558
14768
18277
24048
38870
31822
14437
42980
36248
41386
45290
36873
16016
14345
17018
27865
17955
20686
20022
39681
19990
28469
35004
33206
20888
20292
30029
45388
37251
39167
39979
20485
40415
21468
32837
18727
39080
44662
38934
29265
38352
28293
19915
39694
15496
40206
19108
15019
36284
17111
37276
45126
29660
18718
44364
18728
32738
21130
29965
33109
30609
41058
44381
45664
39162
22525
34692
42116
14149
15482
17527
13809
38062
45233
32508
35940
40398
38248
24847
34042
27164
22475
18564
22086
42419
17430
40687
39073
18518
28821
26817
43201
15793
21710
20403
39054
25313
24829
44136
41520
32055
43456
21325
20845
36409
31764
43205
22322
43242
28032
16515
15215
44108
15504
35894
24872
34594
38277
23916
37066
26874
36683
16048
31931
33899
29867
26614
29748
18076
44482
21050
14419
43013
23986
44643
42860
31354
34967
17261
45729
22629
21949
30663
20914
39251
16912
35322
26902
28594
22227
15500
22090
37848
14485
31012
38505
41032
41569
44782
15101
33585
41270
28737
41236
43320
41910
37760
40599
17783
45602
23358
39384
23238
25222
27045
16234
27193
23857
33560
18997
27370
34152
25623
37321
28408
39516
44643
21235
39375
25689
45411
26254
19370
16959
37319
23196
42583
43830
37995
41366
20282
30878
36990
19456
37525
35909
19683
32831
19463
42717
19671
42159
14418
33453
20437
28657
37985
34438
34998
21378
44425
42233
20509
29842
18191
15303
22034
42771
30954
34713
38637
40720
27595
32753
38774
19520
38491
44897
44106
37851
24515
23547
20609
23724
19314
37896
20365
41320
37402
29437
18021
32062
19452
45738
16356
26287
36966
23733
28779
36000
44666
45127
21710
35245
25392
36869
14446
25025
45215
35906
26274
32227
14968
23922
35676
39507
19411
25314
34569
23254
27182
31143
14776
31054
39346
16341
35199
17037
14009
38897
43034
21867
34958
32936
23510
22550
29043
38080
20398
38826
24553
18256
44723
17922
25899
45100
36529
18893
38140
31908
28175
21732
37538
22638
18679
46299
28467
25312
35255
37333
15631
33890
22631
36765
31918
14372
36300
34035
18076
40460
19837
15652
22209
26867
35652
30686
23782
32016
32711
39745
46709
21172
20584
19513
30080
28984
28265
24844
22789
38452
29012
25135
39537
23794
28826
36190
46178
31267
41082
36587
34481
24528
46628
25943
31664
23955
22303
41759
37552
37126
38888
33496
29639
14972
19932
33150
28880
18927
14423
29450
38834
14394
17694
17730
14822
32904
29690
25813
36147
19981
40358
30887
18876
45556
41451
26474
26941
30104
16650
23406
27538
23798
42074
14522
17529
28003
23090
14683
22168
35962
18697
41980
40898
35673
24028
20663
31350
29197
31185
28715
39080
40778
25369
18639
39876
36959
15642
24197
28145
25962
19406
14451
16531
30152
34406
14606
21523
35024
15668
15479
27874
34497
22215
28939
39355
46584
26712
40502
44841
22631
44389
19847
40010
15682
41627
35338
31954
39675
18425
43474
35922
17777
20019
21973
24251
37989
45908
17405
33310
36397
37544
22395
28085
43692
43993
39775
25127
17025
25944
19301
40712
32383
19966
24338
37279
23389
25076
19200
24813
38319
38608
27767
31466
37397
29440
21308
34578
38323
46188
23982
25120
25313
19031
23310
34586
36387
42630
43039
35213
40795
43429
31215
34074
21309
44774
19188
42545
37124
31467
40538
45085
26723
37350
36252
42049
43967
14591
21586
28321
31387
42742
20042
15268
20564
43017
39897
23320
27406
14616
24691
21622
40686
24071
20346
36967
27018
46948
31572
15240
22941
39753
39616
18026
40704
46468
14442
42718
22229
29430
32957
15983
26629
15417
41464
35375
33774
17286
29316
32695
40789
27093
20869
15209
30626
32581
30127
25592
30796
25279
40538
26411
38034
17622
23257
29661
26988
37362
23560
21833
15297
18350
33829
37764
42714
14718
43233
32075
36631
34965
15286
32511
44256
21254
19578
27374
17375
24105
39477
38612
23148
16448
42544
29346
34121
19802
32078
31869
39824
19320
43935
46602
26345
45551
36403
32489
41984
30733
30508
30847
26423
46847
22551
22265
14744
41714
26237
17293
33293
40825
28340
46083
36563
29487
18683
23413
21292
24221
42183
38995
44372
39518
40535
33705
18615
32896
21134
34213
28769
25902
25858
37716
26038
25228
44113
31148
36707
39907
30900
22991
38036
15358
43222
14990
14440
45780
32998
21292
35233
30311
30698
29541
15009
19179
28503
44207
46482
22059
35039
41152
16612
33321
36491
39248
18428
29444
41225
19744
39978
37919
41031
30267
16860
32896
33345
40316
40466
19062
35863
16208
38930
26239
41314
44477
33629
15720
40392
21412
26081
43446
27854
15683
28272
25669
21486
35325
44913
42031
41706
43870
29142
30191
15967
38234
46158
36295
14493
17365
43707
39263
27830
14697
20966
21678
20437
23395
27505
26141
27857
20238
30222
17898
15874
15413
30191
46283
22868
39139
41342
34261
41625
25197
17997
16283
30756
26546
31312
22682
36243
34978
27978
37589
26860
36605
28293
15036
46572
33885
31430
19794
25499
43383
26240
18831
16420
29342
30792
45315
34532
44425
34697
31677
38081
46165
29561
33643
46781
20941
34379
43459
18122
15082
39079
15905
35553
16790
35159
26225
35406
42165
23875
36687
19790
41318
39839
42861
15067
43398
14947
43573
35015
25463
44795
15792
29192
22303
30528
26535
42835
27699
44712
40456
44524
40373
33721
46730
41148
34491
41412
31124
34724
44147
25295
23644
14609
43364
24019
42572
31184
40438
42280
34217
20260
35381
18749
22390
46870
29906
29580
42646
15117
33642
44493
42546
37022
26635
43370
43866
15525
18421
39732
27119
27797
32669
32596
30912
31244
26616
22916
24819
19627
33013
17791
15527
36388
42316
27573
43223
25748
43894
44612
36481
42772
38908
41508
34568
16522
17653
43169
24536
46278
41674
15631
33096
31690
30269
19129
15556
42856
47018
40730
17963
34579
30604
19536
23670
15855
27714
36813
26011
32554
36116
37200
33200
25743
24177
36371
22868
37720
21370
17478
43851
41796
26821
45757
23912
31722
23642
32998
38064
40013
42754
41725
39100
32944
39618
36483
34399
39596
19106
37612
38281
36735
40882
43672
30315
45223
16207
22532
35292
25264
42659
25410
30972
26186
40811
35750
28695
47006
29181
33219
32972
30690
30857
15765
28526
38187
30623
34048
28586
42115
24561
46713
37994
41532
23899
44036
30458
35972
22304
19038
22889
35897
17783
36987
18483
40958
32838
15155
32540
32142
27437
20792
38239
40272
41670
43851
46344
42028
36651
19631
24991
40862
32697
40926
37382
18440
46100
27516
41380
15693
30315
37769
23748
29083
43774
31450
44087
46728
30941
39114
42049
41057
28658
38701
31411
46014
20545
35973
43092
37210
22127
42617
14725
37922
45441
22658
37413
38284
34279
25320
43187
19498
41401
17901
31922
30847
17984
30023
19538
21521
43704
24532
19788
30399
40020
40842
27918
42581
24451
26029
23576
17502
46706
30532
26790
20026
45266
19917
27791
41840
43227
45104
21101
34373
37265
22514
30206
35469
31302
30379
25546
26305
27488
44986
15366
23378
32860
23095
15545
42045
25363
40745
46877
43232
35900
18425
29768
24075
27955
20775
19723
36443
26361
38204
31003
31939
45691
41984
22894
38252
40471
39404
16872
41151
17500
35810
34359
44224
40977
23324
19964
41117
41337
34147
29739
44678
43222
17793
30132
38848
35372
38904
45923
30453
32327
30708
35588
33999
42239
26751
35788
35525
31931
40436
18932
30772
29492
23478
38311
19889
29564
23073
39198
21150
38206
18625
41482
18683
20807
16578
39474
37759
24389
15272
29533
33255
41167
25153
35442
46991
15782
18391
17886
24639
21819
26025
29494
42823
26993
27293
43037
42190
26275
45871
43625
46439
27881
32173
41857
28645
16023
44710
41737
44401
30727
47520
46274
22489
29849
33289
36267
29227
34039
18544
37997
36739
23198
30709
18677
44065
19610
26622
20323
40126
22928
26156
41507
34848
35586
40078
44889
40685
40399
43028
25987
34237
37881
29510
29530
42354
37803
43317
16120
21964
46971
21682
22592
38456
46060
32703
27259
18665
30263
26435
28991
42026
41035
38658
46229
19955
34322
33227
20570
21946
36854
27123
19174
32907
42660
44547
32492
39771
35855
19886
23713
18330
17848
15110
17953
30215
31790
19439
35598
33736
29648
24531
18298
44474
33498
36247
43527
19974
43168
28110
25932
38901
43540
21805
20603
17925
22414
37695
31553
28220
24525
35162
47342
28860
21561
44498
26326
46232
17002
20332
29175
42726
34542
44310
24540
45077
15687
46549
24257
37761
28980
34046
41207
27973
30002
28329
34698
16976
33345
45155
24610
22204
34027
39459
47655
15963
15235
17280
38696
23442
35243
41248
31358
16490
42264
36468
39980
42468
32666
40866
17162
28045
37462
20419
35363
24915
28246
24399
38235
42391
46661
30421
31061
37251
25971
25072
23187
24990
34848
30326
34783
30877
18678
31730
37866
41597
30679
42837
45620
36302
28121
32488
23339
28498
29327
47749
31639
33734
34443
29703
45877
25600
46880
15359
26274
24378
24429
26281
43131
20398
31382
42270
15811
40291
27477
16074
16773
25414
23730
32545
43962
27260
40974
43918
16236
28663
44134
38316
42012
26695
41686
40377
44642
46515
31836
47432
39891
33929
17631
21045
17959
16818
34672
37342
37276
24457
20431
27792
39573
23790
25905
33088
26247
17045
41536
41340
39957
35492
36452
38305
34426
42622
40001
29005
26664
38617
45441
35863
24750
18967
23507
29310
27103
46291
22323
25376
45105
22714
18797
44077
19043
44444
22236
32026
37987
41154
29816
32922
45422
40579
39696
21194
31097
23058
16339
42923
21968
18330
46613
46550
20733
31885
24144
47467
24043
27193
18025
41803
39499
42652
40757
18567
36919
46969
43836
42520
47893
37803
35517
36048
21439
20154
35058
18832
42977
41644
20116
40380
32930
19485
40354
39916
23686
27794
31327
15588
32914
26379
26010
16583
42162
27351
35889
45191
16217
41132
36824
37792
46183
44535
19735
44550
27471
33393
17042
23131
36985
41971
32141
21606
34277
27787
44975
34753
18194
28367
20998
46801
17438
29809
31052
36347
30766
19220
16233
30485
16144
21342
26168
16667
44575
34383
38798
28708
29799
25809
26233
18836
34314
34192
30149
28818
38627
46347
26565
42685
43112
23532
31568
34074
44757
40852
31241
16721
37255
28923
23523
21274
35493
32183
17381
36338
43526
46938
47659
33554
32591
25857
18222
16289
44892
29482
21573
47913
30946
30150
30059
35400
27730
37008
32834
43432
23296
47516
37976
30000
16772
35379
30889
40828
45408
37342
29286
15755
32228
24513
30965
47800
45135
46634
27449
18668
34615
40042
43539
41233
34091
17124
15401
42954
21142
28003
24294
19041
30438
22449
43202
43009
44270
18533
41155
23333
22153
17916
28483
30544
21377
41515
35829
36607
16303
20340
36131
21979
23651
46328
31801
45876
43270
29836
21383
22699
28413
22286
35139
45358
17617
21242
19405
15402
19597
24888
21303
43259
45416
37944
27653
18088
43172
42305
40753
39885
31158
27654
39795
47832
20903
29819
17343
42616
26042
42726
34574
23123
43343
46649
25953
19448
39687
18591
17923
30740
27945
36437
33551
20456
36165
47803
20019
39674
20247
37803
21171
41227
16045
35593
47281
45130
24012
38555
28075
21447
20625
47643
22085
20010
15700
30603
19785
44197
25553
39369
37868
34343
44938
36195
38739
47827
18791
48044
44885
18352
27808
39952
47747
33442
33500
28580
47973
21145
19355
23297
23303
47112
37585
21075
29876
47513
47827
35757
36610
35103
40311
27552
26127
29899
34935
40971
27401
30884
22807
23860
23796
33841
31496
28952
24231
18552
20107
41216
44568
41517
47578
34133
24794
29731
27075
22453
18916
34310
34198
26438
27796
47948
23105
42827
41204
46697
16570
35829
19771
48194
17309
43387
22679
27621
18455
18797
47913
40567
15874
27205
20305
33645
39761
23871
18477
19712
42671
30314
29020
32986
21859
33535
39944
16662
16503
31218
23843
41319
29977
39624
33008
23703
42049
28328
22470
32308
30100
24500
16401
21638
33161
23194
37273
16067
46794
44645
19975
43910
44765
40602
47781
23422
46595
23424
18277
48227
35424
21695
26405
28719
38493
39468
15665
21642
43595
16100
17417
40582
31049
29336
20837
24204
23911
17703
39799
32919
42763
18546
41840
40095
31636
33900
43333
43865
34622
29040
36019
29469
34373
27864
16257
16679
26958
23499
44293
17155
39170
28758
47849
37955
40188
17598
18223
21619
43493
16661
18291
22863
23261
32524
28016
20787
39453
40968
29894
27090
31963
18808
32251
20267
38510
47973
39615
38585
34483
46410
28532
27370
18351
40231
36333
35539
32374
40145
28022
29218
21323
43404
42005
15700
38152
43483
17680
40488
43969
44439
34991
29779
40612
27711
41283
24181
45347
32143
24935
22348
23382
32852
38790
45863
41370
41854
17054
37278
36735
17783
33859
38785
23009
40371
29670
34062
27732
42121
46935
31847
26054
44353
33929
35907
18527
26222
28822
21219
24748
46206
45058
19784
43005
39567
44100
42659
42507
42372
37506
39949
38366
36184
16285
18552
20974
32947
44397
27877
19337
20155
17742
35032
37236
25389
48091
22281
43477
18604
23033
33373
17232
42329
22296
42772
33137
26019
43189
29764
26698
35169
27427
33158
43869
18206
18316
44271
25532
31155
31539
38210
29038
35868
25595
33891
35861
22404
46637
24079
18126
42914
16246
26315
35673
22856
23343
30490
20602
18233
31713
28403
36766
31036
28169
32114
15810
18798
47128
37070
19345
29660
48062
33419
28876
17489
31848
21489
18159
22125
44808
36540
30482
39927
30484
40469
32525
40308
29905
46017
20959
43257
35025
36249
22353
25405
28858
44858
36566
28402
41290
25597
22966
40534
33176
40234
45163
25349
27549
32872
18251
28689
38386
47736
26216
16980
19163
27171
30901
33541
36997
46961
38506
30858
42636
27420
36521
31117
31936
39492
46177
38482
34601
47716
29299
27720
37705
45445
27411
22494
33440
46770
42609
30871
36470
38571
38041
47969
30932
45278
26264
24355
20180
16530
33505
42901
40986
18022
39151
45652
20387
42490
38955
41526
25022
19436
36367
38106
27479
28678
44940
38532
34427
18357
37289
34856
28697
48317
21870
43973
45830
31788
19200
19189
33860
29068
20493
43969
46212
33373
28010
18361
23273
40387
30715
31045
40207
29819
47316
37686
47180
27923
24733
38560
45110
43099
19003
31468
18021
43543
20653
48169
40826
31222
48179
41891
47455
20680
35510
32439
38609
42475
38756
47077
17436
45318
26011
34343
39206
46074
37640
42625
23727
41238
46352
21466
44247
29067
42350
28938
20705
16415
33310
39220
22582
31781
25722
35414
43693
18604
37796
40478
28169
23543
46627
17664
25796
29485
18129
46981
43531
44626
20724
20966
28425
26742
47019
19929
40296
24620
35980
20139
33557
17470
47499
29583
27460
30879
33309
25654
18613
42913
40862
35743
21813
29544
31984
30001
19047
23455
21862
32775
38852
43881
47840
23691
47585
33691
18231
34886
38640
21800
31963
48118
33930
24541
39610
32737
23212
35150
26468
23146
47103
40976
46957
19682
23388
24360
45843
37536
46735
17860
40737
22100
40539
38697
44308
20888
48063
38637
38523
35528
41592
21862
34724
42260
45255
41058
40308
30419
40052
27672
31383
23066
20755
18527
47066
27534
33670
46622
46036
43894
40643
28932
34252
46357
28120
33145
38871
32822
42796
43732
44097
24840
48391
35278
21038
47660
38740
30518
36225
38157
39590
33511
46589
38000
41082
39672
20906
30028
17596
45874
28283
37339
44172
32967
16173
39665
43585
40512
32626
31629
25262
43960
25423
39597
22437
16200
38339
28519
31674
47554
35497
39734
45897
21410
42975
32402
26299
30273
35240
31683
35332
46412
26191
23542
48496
31861
21774
35473
27552
17768
31789
39620
35023
27137
27246
19296
22363
26300
40873
31981
21888
41325
34996
19959
47206
34865
29317
20904
39006
40100
47259
38044
45672
16212
45722
25584
25338
20342
42293
35484
48636
29400
47696
30979
26647
39447
17510
35529
38191
38162
20777
24293
20526
19358
20329
30199
28676
28284
19511
35547
24044
46216
35658
22910
37104
30770
32418
18416
25263
18738
24938
42427
41310
18040
31267
30068
33549
21602
18431
29839
24107
33586
40843
21879
19277
47551
31377
24543
37931
30827
32573
27474
37867
18516
33406
26642
27811
43727
35247
27167
46617
40210
36727
27286
35277
33840
36846
45884
36921
38219
40961
43099
29527
36356
37911
25805
23140
20791
31221
23638
21220
48102
27102
30775
19174
18034
29439
25087
32905
17937
42763
28837
35519
25212
35107
27604
24401
37864
25592
39302
31267
48440
19251
18900
35258
46705
19477
21772
17659
23406
37210
16389
20021
29397
32356
31407
18274
33097
34197
27886
31658
23777
48637
17833
16937
38105
31797
16414
32242
33160
29322
21368
24404
37010
40030
32931
19036
41311
30924
45663
34458
34252
22667
25491
39976
31520
17173
32740
33257
44865
46856
45703
33039
42536
18892
38739
29152
37778
27254
33307
46521
31992
19436
20538
37459
47042
47690
30831
21061
38840
24453
19692
20170
25017
47951
41897
18117
22191
21050
22782
42754
27330
22559
24689
42943
31948
22977
22477
25451
41485
43438
20596
19117
23073
37990
17141
39336
48942
40895
24801
45694
34402
22920
47323
33042
25757
31085
24815
19475
43882
23066
39717
38710
45620
36260
43093
31426
24503
37156
48444
37970
26548
25509
19920
29910
37097
33856
41681
45020
38720
39813
28065
28686
32327
21533
20053
46331
26592
42670
32780
40474
17210
40191
40831
26379
26623
20573
49114
31009
29135
42813
16843
46622
28654
38434
41176
24637
48441
26561
43765
17270
37983
20579
22102
33789
46157
20620
43394
46604
43242
43738
27049
41698
35845
28975
33591
24332
21131
27923
24745
38371
31230
26451
41887
44630
43554
37614
29747
44265
40698
40754
23178
30462
28402
46371
22184
23379
33118
25628
43657
33741
18723
16825
35437
46196
38836
16627
42867
31678
40001
33933
18537
47120
25387
45232
25827
38530
27066
32722
30346
28387
39442
40668
29879
41213
17251
38027
44609
22297
25185
47126
30099
20934
19956
31506
21249
41175
39984
35475
45404
28075
21383
35733
47299
47793
48189
30362
19389
48170
26141
22164
23173
44593
46699
28420
32933
19449
37401
36196
41158
19543
30781
35267
29383
34688
41155
47791
47116
43539
29535
24663
35353
39258
27334
19185
30559
27853
47134
49242
25173
41175
47795
25852
22219
26333
40939
44021
18812
46717
49020
37494
30178
33811
34780
43624
20046
49282
36602
47190
45623
34353
39723
26759
24274
38739
47207
24426
19940
37228
44469
43320
30421
31248
26340
19668
42501
35054
42620
34294
24163
21262
37876
27272
31035
47959
31269
32592
30799
19540
18943
32720
48682
24376
46459
23914
41137
46111
30416
47560
35323
24470
38890
24699
39778
45406
19992
33762
34522
30829
48645
16718
37506
18486
48105
45155
31353
41770
23552
33218
42227
44671
26428
28901
23692
21296
34871
36169
34012
28741
17515
40659
32075
33364
38309
43373
42534
25672
47031
21488
48115
36193
32365
46662
32002
28796
18371
21200
19781
24725
24149
48901
19553
40586
24599
48988
37381
29729
32070
23148
33915
32845
41887
42834
32125
39085
27086
23380
45385
25686
20265
23236
35832
37842
41886
20774
30987
23144
44010
38037
18759
35998
22028
22626
43715
34813
37370
29439
26431
18452
41618
47899
23735
19648
31443
49167
25656
46506
31565
24953
39667
46864
41942
35366
16784
19401
36223
37430
42436
18563
49351
35962
18982
46160
48142
33569
49214
35425
48716
26516
26847
18704
43522
47518
36535
29220
38001
43472
36645
24657
21771
47908
34122
38399
43303
42976
43875
26957
49144
36285
26198
45396
17088
42313
44938
22704
44353
34954
20732
31037
35444
19684
42896
25886
27006
29756
24485
49412
40672
31070
24555
37804
42478
31644
22137
28330
46722
19896
39962
37990
25329
27653
25064
48996
21054
40392
23837
28360
27278
17892
25893
23577
32732
42679
47096
32325
23278
40255
22694
48613
44168
38785
48179
48835
49375
18987
47270
25241
34640
27000
27229
26908
16978
26964
33699
20793
29610
35009
47749
24479
22750
44153
18657
28285
35819
19668
45759
27277
39994
31469
18148
41297
46033
49408
36261
17565
40135
25111
39418
18261
47866
48358
28883
30584
19972
22003
31407
31069
36714
19706
45930
34877
33047
49551
35926
40946
32777
27397
46222
29694
28491
26511
48007
22479
36643
34469
16872
31810
21644
37545
44188
42597
21734
24011
36389
17281
39405
38442
47667
32344
29160
42299
46965
47531
36898
40559
33711
37887
37278
33040
24077
22689
47623
20844
35767
33256
31974
19766
19109
45242
42776
48937
26293
48465
48254
46574
42234
17727
24054
41536
31063
23216
19338
41038
47693
47344
22248
28769
18194
41517
23058
25278
21475
19069
34391
47822
20634
29731
40834
19836
40323
41230
30545
24287
33388
32162
48425
33561
39931
26811
30215
34431
45893
48367
45242
41210
45979
48916
19024
30892
45735
22018
22222
47063
48825
28570
33316
47611
26459
46856
32095
37951
46123
32836
19489
32018
32234
36063
34382
22290
24016
36348
25097
25389
42786
34717
39391
24070
40711
31008
33601
35994
26264
28425
26936
31779
19254
25089
32596
31037
28960
34591
32998
33351
35908
30055
20590
47372
39766
17552
43863
38818
22816
35083
17890
27795
22553
20800
25441
25147
31800
34843
48805
38257
18186
24775
22201
32618
43523
44985
29649
46809
21266
21745
30845
19547
42871
39804
21282
17939
24793
45630
41899
32401
32915
41454
27004
27385
36176
25698
19879
35937
20183
33037
23907
36986
31784
21190
18618
25971
36807
23242
31105
17690
46680
17669
38541
31557
35692
33165
18212
27504
39067
38768
19122
39335
19155
38063
47293
47783
20975
49034
32027
36672
40587
27902
25699
36605
29207
41101
19617
42503
46379
22845
20046
35399
34842
45027
29055
27595
49610
43681
17244
33899
20675
27054
24532
19116
45701
37205
17295
19428
29983
38209
31268
29087
30461
18679
31885
46658
22786
22948
21464
36078
22231
38169
21534
32935
31106
41492
33721
20150
22586
36289
33458
32843
23417
21120
34425
18279
46676
48105
48601
41721
35336
19469
45354
36424
26581
34303
29385
49040
42255
49556
46021
47600
46450
27750
37083
46723
32694
23583
43941
43214
24675
38388
25614
25178
20199
44911
17929
39329
22757
44146
32643
22575
26577
32377
29333
37889
33978
35103
47103
30769
36454
20452
42450
41173
38308
45357
44652
20004
21470
21132
43945
21210
28654
41538
27224
49630
34098
37378
35308
40738
41187
28408
33908
38859
43426
31498
29390
34195
25940
43870
24855
49515
37168
45084
18277
35172
49174
43381
31417
32207
29475
44516
43567
31139
41090
34227
48248
18976
40069
49090
41354
35250
39156
33668
27798
41496
44709
17482
19003
47557
42316
47556
42745
36999
28053
49604
39400
36710
33136
36678
26538
36815
40620
19118
45470
40434
36808
34640
42326
47720
30470
45621
49228
24345
20416
24092
31696
19293
39423
37056
30021
23393
25674
30041
26253
28365
42940
39013
33474
41635
43610
37032
35623
25194
23459
47474
45150
38029
24424
25120
37851
26110
47837
38629
32152
31006
22513
26315
39434
31713
21211
19188
21589
26925
17909
37670
41148
31108
34766
31623
19291
34531
36730
20388
40728
26602
29485
48824
30935
34364
46345
17708
39661
46121
21043
20314
21719
34187
18476
31126
21293
45037
33887
37231
43985
46579
29174
48178
31340
25078
39410
26288
41243
21486
35195
25153
33125
42645
29300
21257
49521
28617
47699
21370
29045
41010
27440
28954
42354
34342
47899
26247
22303
30665
40371
46776
42018
26745
37877
36229
48262
28009
44625
35178
38250
30091
29955
21128
46070
47284
43680
41708
42132
41467
40175
42004
29276
47458
30715
17839
45775
20664
20326
29093
31177
30653
20992
49495
18865
31624
23448
38952
21491
29990
22803
18236
40368
43908
45755
40576
23732
19598
45273
36586
41128
49561
36485
49666
40072
41726
44733
19105
42072
36616
42933
21240
45843
26641
39022
27605
36069
48615
31882
24866
20889
26229
29279
47022
37717
35231
42826
47153
17797
42093
24133
43914
38933
18284
17596
44106
37603
37969
35229
45430
34164
48864
27311
46729
40678
38156
44068
42169
49701
21088
44657
24955
27234
49821
38493
42569
46017
30629
47960
34211
23634
38551
20495
49492
20803
32828
31037
22006
40020
22690
18116
24504
17802
45574
49916
48223
32040
24311
35915
36491
41435
44985
44278
34364
30517
40680
42294
37524
41052
45405
23439
24799
45828
36182
26461
19664
30362
36048
27056
42509
41922
20280
26713
28399
47108
36419
24389
30850
45506
47643
31754
32724
18542
41147
47040
45164
29946
42140
49938
45080
24207
18065
30868
38892
32641
34543
18776
32391
38531
25074
22460
30616
47127
27484
46213
44193
37961
19807
29234
29435
17565
44733
33418
33563
46662
50222
37496
46355
33944
37122
22552
26203
22464
39687
34578
27858
39859
38317
24359
47872
41828
18536
35081
39326
35898
46166
46448
39512
30145
48418
45674
42961
24992
22824
27378
22248
20427
36058
33989
23866
27385
46434
36977
20711
22873
26249
32687
38298
34176
24535
22002
39619
29606
23803
18240
20263
30483
17774
47425
28059
23508
32596
23190
34572
22706
27043
50283
28099
23909
49542
23120
26087
37124
30468
23620
48964
38080
46301
24339
48202
24274
40884
40675
27225
49586
36979
24585
20284
29578
19948
21025
36851
43498
35260
43357
29877
40381
42101
25117
28213
35708
31996
25280
32805
33697
20271
28602
46328
40799
26059
42471
32493
28048
41869
28448
43593
44015
42904
42251
50403
41095
37143
22071
40678
42859
42531
24936
18643
18600
25063
23343
45765
27256
44546
29118
20729
29624
19244
49915
27021
29340
44317
22739
28552
39842
19883
49105
36635
46276
47922
27631
20263
49394
26168
24492
27646
32703
29265
18782
20334
38235
36417
35530
18940
28353
38753
24306
29037
46641
35908
37422
18571
27617
37529
32894
37925
30448
37971
19999
33112
49819
47112
36444
33037
48051
47255
19623
31939
49742
24590
44008
18575
25534
43467
36885
30304
28863
20449
34307
28296
50164
18365
23932
29048
19605
29193
43409
26315
45410
33232
39729
40327
40923
24291
27131
24991
39858
34684
48977
35516
25217
46370
22446
26684
47033
18636
20025
44667
44250
49737
18074
18770
47594
18143
26892
47070
47648
31539
25779
21891
41184
46184
27697
46128
31468
50315
24692
27620
36824
26159
40401
33649
47038
35668
40791
22144
47412
37774
27741
40149
50043
44387
33886
30420
22777
26356
48391
41796
48617
45536
18061
49748
48978
24165
19012
18907
26165
20936
22382
36580
27403
31735
37456
34922
32111
20590
22924
44896
46103
18007
21930
40949
47368
41973
42744
24597
34314
39234
42388
28467
50522
28119
26567
33606
43680
17933
33428
38673
22560
50018
47249
44456
42036
33822
35574
28464
21242
17974
24820
33510
38986
45424
47432
19043
30187
36040
39439
25118
18950
25362
45788
35634
41434
23266
25864
25185
42162
50601
42569
34905
43796
43552
29062
40759
22076
19946
47594
49482
48073
33397
37944
21785
31157
47393
35422
25255
18058
41636
19788
19957
20947
23981
47366
39625
35025
30919
24312
40366
37744
19328
35467
48700
40313
27339
29685
44697
49161
48292
38229
48192
40770
28402
22015
40449
36928
21937
32788
25417
23375
29776
46167
26788
28251
46680
20539
30080
37800
39759
31297
26420
32963
23004
18560
36161
20920
48684
46469
39639
50309
18323
22366
20891
18639
18807
36082
18855
47060
37738
38292
31442
18593
25750
18135
27442
38020
44638
21667
42720
49093
27202
24456
25851
39569
34563
48467
32240
20023
45320
45023
38648
27287
31233
32302
42722
26582
41930
41912
47122
28759
37522
35331
35786
34535
43580
32884
33448
23864
39685
26213
28272
28305
24936
47992
45324
45763
32063
35370
19665
32095
42026
24747
18948
23846
29492
19437
38301
36801
25524
35066
48458
23987
34674
24716
44215
29323
20491
24791
20493
34142
26007
27050
49081
25972
20616
48822
22894
48962
31445
37933
27245
44440
19545
18832
20228
27420
26230
18114
43860
47095
49917
44896
41304
18382
47698
24661
43043
19444
46283
27560
26729
28126
35674
34457
49729
19927
23404
40429
24617
23028
21008
33926
31563
37195
45660
28726
46335
34656
39692
47317
43408
48096
20333
36241
41027
39570
34682
38022
31893
46986
35652
43151
21701
39840
40343
43355
20882
46368
31194
37315
47942
49347
26935
18522
22515
48862
45820
24134
32509
18650
27713
45135
34264
23268
27340
40502
27155
26085
24369
19528
23702
48565
23101
41778
37416
46988
49557
33303
32052
36025
30619
22240
21708
21910
47761
37076
36078
45243
32513
41320
41990
27250
18780
32600
27061
47211
19169
24566
41681
23985
50624
39618
44717
19165
31872
27452
37274
36490
45214
34038
34989
43528
29815
44525
35523
40533
21607
21273
23235
50504
39731
19267
36643
19216
46500
48151
45742
23517
31093
21882
25220
23005
21360
22302
36194
44906
41171
37971
47139
37250
47096
27168
27527
50807
25653
23442
44852
50407
22786
18516
46586
48879
24665
29056
40795
28060
18531
49333
29259
45218
21584
34154
46388
22097
46214
40065
18237
40900
18943
46623
24268
21852
47340
44476
20809
32621
36511
43126
34854
38710
32423
28075
50972
50199
31549
44486
42935
30974
44255
43865
28180
34339
36154
31341
39658
29429
43341
18966
24263
46163
20172
27722
21148
37632
43202
36850
39292
22097
36731
24898
20385
34601
36769
33862
27312
24359
27813
40382
28477
47134
41568
24108
40850
36806
43515
49963
34732
29617
34316
33538
35463
27008
23041
22137
21660
42838
37058
38124
22439
45197
22162
22173
45997
43688
27190
37198
45374
32393
35162
25360
45304
39397
31792
32598
46156
25844
33882
29261
25477
49261
45834
44656
46341
40881
27240
38999
39378
37702
36404
33999
21330
22408
42924
23856
22099
48027
32944
24043
24398
29860
31268
41827
39917
45369
41366
30974
36298
33046
18976
40571
35450
25873
44176
30598
31946
39760
21191
22921
19272
31673
21087
27590
34822
30890
39569
19875
19866
38890
22869
30532
28009
30688
48074
34911
21286
46339
36313
31052
49557
50066
32021
25180
19605
37253
33510
19820
46173
33987
47591
50618
34310
43413
41612
39415
42314
42331
39688
33949
41867
49534
36462
44674
34838
41637
40726
49070
28074
32812
20546
29289
39220
28626
29441
23705
28125
39345
23124
25419
25158
26740
39568
35984
23314
35268
22531
41866
36518
21251
26842
25286
22060
24125
20034
39116
36830
29531
18638
31477
30337
37274
35865
39549
37423
44348
21932
45017
42586
30078
27426
45131
49422
46793
50058
25011
20342
44332
24588
24744
23458
23306
38864
19655
22407
47120
23323
36683
39240
19562
45499
28639
27828
35895
30886
27568
24079
34618
41694
33477
41493
49362
33175
28563
48956
50220
22428
31948
23610
18615
48111
28025
22471
31448
36783
43848
36260
48352
35647
44839
27868
29755
42661
22545
49994
46825
24880
42024
25179
27955
44126
32773
33045
48022
32252
41036
32600
18692
19855
39299
28260
46412
33011
43556
33436
21462
35906
27376
21130
32403
18680
22919
34594
38196
18516
28982
24907
31898
42241
50704
47259
45710
38901
22080
22370
18867
21658
34205
22507
25016
28715
30591
26366
28626
22625
47825
36777
27498
40272
31848
29761
45843
37515
45971
39075
48574
35727
31988
41407
27697
46943
38798
44632
36533
24427
47134
44293
29455
36278
42671
21372
36530
24120
23145
39695
39219
32642
34730
26231
43773
42656
21592
46289
46150
31299
42613
34278
24642
47392
49395
21423
47254
40851
41674
50457
40207
20616
23625
32261
25492
50587
20137
45203
46169
35454
35304
21408
30294
51099
48341
41613
24568
24571
27495
19010
32790
42599
24402
26483
21286
28109
34524
47650
47281
30949
46573
45670
23812
36115
32102
47722
27433
44176
36020
25016
39701
48069
20901
19896
28707
38391
19066
37747
48065
21801
48701
24221
47209
20798
20309
35283
20692
39519
40023
35873
26474
29340
25375
24519
45564
35542
23072
50749
32181
34524
46072
36212
28494
36052
33095
47711
37762
25565
25794
48306
21442
26098
19843
36842
41769
18705
43939
28045
30642
33693
21259
29875
25513
20482
32903
27333
25439
37783
46365
31109
45858
44232
23452
36430
49516
27764
27767
48797
37211
48788
33748
21969
41313
50718
40417
28719
43581
28713
28007
50985
18986
49745
32929
37600
28758
26717
43086
42215
40085
50463
21765
41034
51031
35484
24265
29391
34264
40301
27357
29563
48790
51045
25561
19032
33288
32116
47102
34166
23437
48331
20935
32560
44707
49985
32448
31152
29785
42742
47259
37814
27911
37174
33921
31380
39484
41120
23718
32126
38136
46727
22560
26112
37915
45976
34041
47568
46878
26557
43139
18886
26881
47426
23019
45609
28548
50999
43793
45100
31386
35605
21399
28856
51227
48548
37433
48236
44985
33563
47196
42211
43829
41609
37865
38709
44755
19573
43867
30656
26123
46273
32791
43816
43137
33749
19196
45212
47927
25337
26428
45403
45569
43009
24426
43383
34106
25648
20692
36313
44982
23127
39186
37766
26871
41021
33247
31777
20388
28483
24360
35760
38966
26696
21347
35747
37877
20171
44578
32530
42019
32591
39144
27718
28023
42244
34363
24443
24525
29347
38650
35556
26139
25242
27121
42992
21159
49769
35243
32204
23415
36172
27783
45353
47881
23066
47886
49471
51525
24685
20612
22033
41136
22787
43453
50163
41954
48484
46643
26698
30522
43717
48981
50068
49872
27693
23073
29864
20651
28630
38644
31038
23349
43990
25505
22449
40939
46590
21441
38404
35417
37635
49995
41508
35654
32987
34661
36716
28716
49258
41337
19822
20203
41566
43146
48113
22973
23384
23753
49206
44909
25420
39267
49024
31684
25642
39070
41682
31813
31678
48676
51195
48410
21717
23454
33744
41549
23457
41861
39353
37179
37214
48693
19567
20038
49974
46404
27651
25291
43106
43281
34083
40788
43923
33952
38297
36366
25488
41893
27156
27005
32544
40670
35115
27502
43050
45734
20383
34861
41499
29640
41440
27129
42888
50833
22227
49333
19221
19497
49107
47584
24469
47651
29174
46279
43890
20562
46225
34553
27471
24798
47358
25852
26605
40600
32668
49982
41803
42379
36376
49998
24850
29139
23275
33100
36399
47283
37412
21919
19394
22497
38760
24293
41271
20260
26935
26672
39346
30753
51568
32623
20657
28786
20248
20522
45549
27129
50519
38515
28801
21876
31683
48665
31053
39761
27618
33310
25757
22211
22505
41067
43782
50965
50890
30147
41361
27455
33134
38390
33052
31671
30015
46167
31996
46729
40938
28783
44263
45482
26723
23283
19986
42889
35113
50932
40854
29160
28619
47958
24088
42730
46507
39043
41641
35949
38402
50784
43243
21913
34084
32385
49269
24249
19718
34457
28025
23370
21245
28468
31908
43602
27336
43688
36422
50420
23249
36936
23731
31552
30128
40924
49641
29520
27889
39246
49267
40592
49431
48294
37773
39261
29408
50744
35464
43218
22987
31516
45936
19166
50136
23007
39149
35994
49807
50040
38759
39642
51523
45182
36205
49411
32920
50840
27480
51740
29507
25140
26155
30759
30737
26748
20926
34225
32043
30085
26140
26024
39064
47818
29737
46445
33283
41434
19848
38186
22975
34637
25531
23142
24840
41468
25228
20694
34700
27250
51628
32118
29226
38557
51611
38873
24313
32201
26567
44477
35468
30928
44536
42211
31348
37514
26859
36638
20743
40075
47677
33961
36448
31758
33164
30909
25255
49964
24792
48227
30099
27218
24623
41864
50988
48625
29833
32847
36310
21623
28145
26795
46475
41087
37093
31276
25704
29508
24320
36889
43115
33628
21206
40896
45691
19363
37664
44810
49832
22133
24857
39250
43445
51488
50727
38519
33747
50072
50366
47152
37040
26733
36993
20896
19632
41211
37291
32043
44922
29153
47022
46215
46007
29620
24346
44822
35862
50164
20159
31347
43412
33342
36886
33099
30458
44484
42717
29806
28071
30459
27650
51749
26511
22931
36802
51143
21124
37548
34578
51591
43189
51015
26686
48272
21108
28410
31440
32596
21820
22249
32435
39968
29682
20721
28312
37364
42091
25382
49561
40851
32303
35712
28700
50390
34428
27601
49147
28229
32142
29178
39906
32488
37150
20575
31224
44123
38953
23192
38337
24865
48114
39530
33091
39226
45642
45301
20839
27896
27919
22574
27043
48654
25331
39056
43734
47850
21886
34575
35187
44101
47191
40782
20194
49400
40383
36369
35363
19473
19550
32757
29621
43302
25154
51295
51382
47849
43301
29874
24907
47101
32750
40901
34370
47624
32123
39316
51702
49930
45214
46901
26739
44269
41317
24334
29403
46941
30623
42310
51721
42969
27291
35961
44147
45066
24115
48816
23381
36436
20745
21136
39692
40108
32785
28881
37567
49577
25424
28146
20293
30685
26595
44075
27971
24421
35650
22948
44693
36287
48070
24292
32496
36828
41577
37260
43973
21110
47566
32581
21352
25764
22145
25847
20337
51372
33919
42556
40547
50968
24057
22804
37003
30732
48981
47578
48171
30422
31862
39798
31960
29639
31549
42965
33313
38977
22351
33942
45425
28946
29465
45062
24375
21248
39442
43599
41795
28069
38976
48876
19571
32894
27390
33376
46992
26174
28412
22568
36211
27240
44935
38126
44140
40220
47883
37119
49380
39217
41174
48895
20800
28805
31774
39644
49417
45713
45126
34048
36682
49473
47709
24011
21562
26626
48104
30016
49691
26908
41697
41726
44386
30018
37631
39538
24600
49511
29752
20300
48256
44756
51845
32303
29434
47480
47845
44461
20263
41087
24996
47986
24654
32038
24029
51647
33023
48077
46654
41243
33270
43853
31499
23109
31809
38541
51557
25708
36518
40016
37837
48034
35391
47441
21476
25487
21095
47250
35188
31330
29658
32241
43700
30733
46871
24316
27080
28082
45577
32262
29576
22872
40167
23419
35714
25059
28249
37232
43330
36675
33500
28030
31441
21227
21351
23761
28795
29829
32591
24188
46549
46820
44392
28687
48127
51514
34925
43116
47399
22667
23201
29910
49486
21857
36023
44107
23631
49602
35823
27924
48413
39775
23427
30874
32332
46606
21825
33147
34771
39546
23929
40925
33296
48409
36377
24579
31244
41311
40215
40734
39681
48434
33295
43621
41241
45213
40750
21607
27001
42440
29006
29856
50046
27944
35682
34123
26438
43507
24853
21368
46451
41687
42158
30046
42027
35563
48183
31474
32099
22246
37342
36025
21086
29327
50075
27866
51312
27252
30227
36471
41736
24031
20157
46909
44782
19718
22851
24378
29384
38786
23595
49903
51427
48898
24758
23463
50736
49729
29192
45575
37517
42037
22410
48869
38470
29578
20109
20062
41180
26190
34608
39202
27909
24046
26755
34835
42483
26465
24556
22031
20953
35747
49098
33801
50604
33893
29017
21343
34343
43267
32214
47719
47633
42934
45795
34635
37314
24331
26156
42264
51172
27539
40011
46865
40823
48604
38633
32329
33559
52385
36390
48497
43394
46910
39227
36590
25429
27750
35422
24879
30230
43288
49639
36157
43127
25551
48304
48019
25561
30714
25025
35633
36624
42411
21293
44780
34406
47507
50743
29960
21730
28974
42681
27912
37578
28475
35271
40901
36198
21615
45967
36286
39943
20586
46211
26543
50760
48874
25019
46437
40852
42303
44180
24272
31720
41983
40350
52058
25050
45306
30389
35703
24027
44400
49261
49277
39609
44162
50868
46775
25448
32231
51378
26036
29185
20704
24564
51941
45067
33646
25290
21096
52218
29122
50669
49694
51189
23029
49509
23299
26076
43001
48298
42175
38026
48592
50698
38776
49751
35835
39242
38891
47329
36406
31120
31163
26125
32866
25217
31752
46664
24515
21670
29764
25619
35947
49428
39746
24766
40694
22604
45200
47731
50808
49248
26631
41847
49844
30295
21920
32429
20111
24275
52106
38236
36548
51697
24185
23089
22744
28273
33856
23944
26193
40983
32930
22247
51235
50512
37989
26571
44651
20505
41641
31656
22623
48669
49272
26923
49285
25629
25246
47298
22820
34965
40379
46174
27897
37277
44182
42104
30762
51725
45236
24146
36224
33252
24874
34687
39888
36331
39855
45733
42938
27285
35829
47490
52630
34346
23866
30765
40876
30244
43546
52638
46243
39898
40615
34161
31293
31835
32955
36583
41025
20381
37517
42286
44984
35543
33667
52450
41563
27179
25415
51923
36429
48520
51997
30729
47622
31951
45428
38661
44175
26420
39866
36426
36341
45544
41589
44060
27640
35317
31632
22408
46851
28009
32498
21156
35681
40886
22870
29208
39597
48473
24918
28125
51594
45754
49864
44869
21909
39507
29774
49212
38808
50709
43817
49101
46593
30727
49486
32744
23442
36401
49596
45154
50777
42424
36620
47933
49891
31050
22602
46634
26541
32444
20483
36172
42203
34802
22943
52031
31788
27392
41201
41561
29998
30094
20493
39727
41390
44929
22362
35931
50803
45272
31720
49021
31788
36563
40963
26496
23718
42075
31240
52255
36930
47518
44407
20135
20391
20218
31306
44030
44468
36636
30341
40932
48568
44137
34319
52601
27110
44444
33984
37119
36355
28081
22203
40674
43618
21251
21246
37877
49938
33201
48183
23295
48982
36165
48089
35702
23893
28056
37744
42378
36371
47856
30770
20326
52640
30060
52438
30642
52112
23458
44457
33116
30634
38022
33502
23704
50917
45198
36133
45349
50320
50707
41088
32210
50128
44283
33106
20802
50511
40341
38841
32748
25907
46788
27934
31589
25933
44896
43019
44770
42899
46809
31292
34041
44241
51485
46328
31399
27547
31164
30626
25495
37766
31306
44171
50081
37016
24582
51210
24978
25340
27832
32207
30507
40698
24288
24692
41580
43303
36108
40789
31762
33497
20618
22178
30558
47838
33599
42418
28440
22126
38103
32666
33748
50781
31519
27135
44916
48277
33198
40488
45550
30148
48331
49239
47951
52050
41867
41306
30464
41366
38202
48733
23624
34377
52732
29442
26643
37691
36532
37300
41970
26948
31781
22072
40546
22398
31064
26244
47185
33457
33085
21973
27614
41231
50068
24060
28769
40482
35086
49912
24491
47874
41648
38090
49295
32459
26745
50053
39585
35662
35652
47525
30525
43527
48624
28833
29643
42320
31165
46020
51522
49619
25081
34104
27883
27717
35549
22884
44648
28498
42930
40056
30452
50643
25655
46661
36332
23879
27975
32851
34447
23681
27831
25133
47874
49822
31870
34816
30870
29242
21784
26468
49486
31972
47916
34426
50844
49870
28780
47415
33132
47817
43964
51455
35683
30321
23703
47734
40297
46757
48559
42387
22373
42043
31444
21494
46407
33009
28183
39291
21836
25766
47151
39695
29565
23242
47132
30658
48762
29715
42506
34846
26997
41073
21879
42935
40833
25925
25240
48388
48141
50126
52985
29549
27819
25571
20837
23461
40983
22248
23813
26170
26228
34555
41931
27755
42712
42606
38930
47929
52747
45946
45438
21697
23180
25649
31018
23496
27093
36533
41218
23960
43744
25000
43629
28171
23018
32995
24624
51685
43383
23147
42895
29542
48278
51104
27828
32032
38502
52920
44629
30471
41689
39020
27794
45511
48312
28145
32540
52314
21736
21290
38556
49113
40683
37148
27987
23954
26281
50338
27389
29532
29553
50530
49148
35367
39995
30975
48050
29399
28976
26257
25135
38227
40556
40530
34060
46552
27650
51609
25494
42132
32576
30477
38448
35696
49461
30482
51442
52781
36465
23688
35222
45234
37900
30133
44181
47012
32234
20863
36237
30520
23100
42207
44774
50245
22090
42130
31925
31646
47217
42770
46816
21406
47975
41668
50820
27652
44743
23667
33427
36865
32969
23037
42946
24208
38224
27980
34722
52486
36395
27528
45836
47082
26772
25739
41923
30214
37885
28310
43349
41406
26125
23106
40258
36001
36837
25273
41568
37182
30887
44581
29566
46905
41273
45673
34120
23966
30022
21008
32619
24436
44422
50562
20729
26262
42816
42110
25614
24766
21773
41924
46260
51939
44254
23314
52996
50885
46912
42834
30862
44742
41951
32018
35067
39931
34633
48948
46577
37507
42485
28135
22071
51223
28804
49622
24602
47331
38214
34719
42767
32404
51968
53126
40089
40371
47341
50539
39021
48433
40962
50425
27605
31811
43382
32289
50258
23152
32386
48582
41349
26087
36198
44730
25167
42007
40876
42730
44344
26746
42416
21717
47117
36273
23392
24899
45773
50390
43585
22835
22983
28430
27827
29717
29436
46429
30325
35385
47818
21183
34411
53128
33740
50292
34207
42610
36348
21659
46983
40743
22810
45826
49030
30474
30290
36925
40884
44130
40217
28405
38114
31315
34648
40835
29657
20750
22732
39357
27619
40516
38316
43280
21133
31200
27789
40656
23722
35573
22404
32459
26779
47349
22666
23076
48590
32037
21796
52319
25989
26701
21827
52920
32985
45236
43368
21945
49150
23627
48141
27915
24264
23337
37441
50573
51822
42551
49042
27043
21647
46637
20783
35793
38770
26301
29774
41864
28562
39437
23500
52287
44634
45163
43283
39622
27181
43069
23617
23767
36777
31286
36743
30447
38957
34256
33230
21595
35224
41462
46241
40342
41812
42496
41287
43218
23700
32485
51503
22741
38873
42156
42386
24070
44987
33828
47699
36296
49382
45269
53290
50182
21859
29494
39425
33551
21785
34593
51614
50597
24467
40579
22403
46928
29443
31832
33298
50937
33927
48087
51189
51123
28076
38889
25021
37852
21297
50912
32457
26213
26893
48742
51562
24174
47026
29619
30276
24854
50836
27652
25336
52625
53221
45384
34816
46971
24995
32540
49626
39787
36821
48121
46440
49612
39954
37548
21399
50152
46658
49159
49215
26438
47785
26839
41034
49974
37153
35862
37657
25770
37286
25953
23331
25671
37400
21420
31199
41660
33085
38964
49893
40787
45830
33205
43600
40133
49683
22493
21094
34899
43640
39681
40059
22290
33218
27664
49426
52615
28725
45253
45894
25971
53080
51232
21352
50672
37300
25366
46314
33213
22488
21896
31611
36823
22176
29554
37748
45641
29367
52837
51571
48964
46427
26423
34117
32882
32352
43001
44042
40072
38776
47657
28051
48923
36017
36137
33039
29364
28223
41200
38119
24870
24444
26880
30182
28191
38701
23447
45469
24574
46343
33066
47110
35556
36978
38927
49255
45582
25740
41082
30073
37730
32113
25770
44234
53575
51898
20836
44384
44730
31555
45729
51615
20895
34354
43140
53357
32596
50484
26766
39315
34700
33802
40725
45414
53595
43333
34034
26536
48781
23629
32123
50601
22844
52392
53425
44977
32674
32377
21946
46498
33323
49223
41361
22234
26574
44544
36348
48471
52382
25918
44222
46110
36508
52936
31502
23773
48336
41308
26953
26831
31896
33196
35556
22752
22847
25510
33444
35090
45521
37112
32529
35615
47406
30932
23336
37984
48222
44272
46928
33517
41764
45010
40591
48646
24278
30794
35838
30129
47979
52800
25722
34213
50902
25775
47261
32615
49811
21746
25324
40883
21375
24383
22098
45853
25580
38001
45262
44536
27637
52490
26216
31607
37903
37240
39017
51218
26081
22423
27851
52011
32598
47480
31215
21490
31728
35169
39566
40326
34911
26388
48626
44637
21586
47700
34918
50917
22157
46758
22507
41835
38715
52309
33068
38205
29830
43704
22708
46859
38246
47031
23647
49299
32438
41100
37134
48510
32397
26567
26783
43908
25035
38037
50205
50135
42994
26433
26163
29631
43320
46843
27111
51329
25306
23769
37253
21126
23986
53275
33240
50105
25356
22451
48544
52529
29622
29957
30017
32784
46422
27627
32441
46507
51712
35836
35284
49899
50696
40718
25763
31475
47125
41209
25642
50434
30583
42142
50521
51611
44219
35368
39486
31460
51324
27282
38776
31821
23676
23658
21999
44401
35571
30164
23746
23617
32806
45009
34689
25183
43580
36545
40093
45512
41805
46119
43036
38070
33213
48557
28305
42181
33480
38248
35916
48468
50013
38748
38094
27950
31536
45123
50816
43882
28171
22922
42660
21391
34660
38557
39307
44284
21557
22372
51976
33159
53000
25613
31526
34661
45649
46605
33558
41546
50433
25185
42603
49104
21848
31002
33930
21277
22011
32280
48731
46016
53574
24342
42053
25565
42723
35559
32858
33162
51100
36350
53454
26488
25453
22580
34478
49366
48606
36806
40142
38002
40080
38301
39684
35618
33813
40659
22931
30050
46852
34674
39146
21566
43853
49791
49551
26995
27083
35639
24662
37585
35864
48024
45782
29923
52389
27683
22557
47314
23818
49377
31139
24967
30362
34724
32893
31760
22843
35727
43731
44869
44149
49624
38292
28331
30408
46029
36456
21656
40771
51733
49639
26520
44370
23865
39432
53008
47832
44899
24796
47905
52349
45925
31612
33743
33866
50428
53568
50019
25203
46678
45873
28685
34931
22227
22465
47310
45662
22281
48826
43413
23155
44554
37237
23209
47857
25577
21324
44870
41517
25978
30289
26507
52448
50522
43073
35220
47813
36399
27571
26083
45412
35377
53653
47876
24872
41962
26329
48240
24760
50233
43628
32947
29316
53661
40808
39626
51358
46256
53130
25295
47820
34290
53734
45528
41691
51400
43481
38172
21302
22469
37440
48215
23479
26151
35047
42864
37052
47781
44613
22361
34942
34664
52582
34360
33438
33623
41000
43716
28161
43159
41898
51953
32990
48210
37122
25039
38677
33720
52782
23727
51907
51780
27469
29577
31507
40257
32784
24730
46423
24716
32107
47953
46167
41115
51088
31340
27112
50622
44061
24927
50881
36005
34964
23797
46219
26659
46349
37689
30263
45105
34599
43671
25236
49718
33092
35903
44321
30342
33270
42442
45344
36648
34740
28192
29419
33756
23762
45465
52107
53084
49072
26978
29319
41443
23345
41507
23034
40172
41838
46558
37096
31804
27308
23835
40914
53282
49804
23362
37768
44286
32130
51784
43583
29696
25736
51597
22243
39218
29972
37893
36527
35513
47943
49559
38138
40280
40039
47042
47444
41525
42383
36230
48081
35296
45733
26242
52133
47249
33165
35162
21489
28593
34204
46427
35549
28828
36688
31586
30439
48294
39998
40441
24187
38492
25419
48324
21955
43020
28959
53020
24256
29575
26839
45561
53146
28453
48378
52501
29492
29706
29871
37710
38916
25000
53549
25164
33058
39557
26482
34149
28062
48702
33336
24509
43543
50381
24613
33202
24713
24327
41538
44407
39527
49256
32430
36606
43242
46611
35732
43804
26536
44821
46682
51688
36200
39402
47899
24676
32565
47938
45144
48479
22961
25093
31466
32153
42156
40084
48699
35625
25845
54098
40118
44060
32880
27747
23676
25695
43113
23731
50265
44767
48680
51770
50422
53742
26054
41855
49744
53993
47935
53339
37224
52503
24007
24576
32317
45013
50530
22585
28151
42992
38575
35316
29029
47187
26884
36605
23465
50658
45760
21772
45362
39589
53213
23042
33515
42025
22213
32112
35250
28963
44903
35673
38412
45655
41097
25657
43031
49848
51040
26181
50112
31441
44382
31733
21813
54115
28747
29632
47518
39760
45207
34086
49160
50359
47599
42740
46753
36193
39438
39620
22571
34396
39382
53699
44459
48869
52383
36535
47201
38540
43471
26944
30717
31378
25770
38493
41232
37526
30316
39475
38849
41072
36501
50954
33473
38750
23941
44441
35457
44638
27976
25219
39074
29146
31923
48417
43949
39050
37040
29570
37636
40855
45014
47024
42776
29180
31805
47669
53725
40754
40848
46558
31611
25868
48483
26815
44871
37088
24519
40567
36081
31719
37404
44982
23038
42726
40487
39676
51065
47374
40805
39587
49126
26145
24734
23583
53624
32727
47036
48261
34948
46720
54238
44618
52788
52458
45481
44109
40832
50053
43486
24088
45146
48837
52786
53603
53033
44232
34906
27866
40057
28217
44901
32801
27377
34420
34638
38164
23429
38635
24274
26195
35309
43464
49023
40702
23893
36820
25614
51133
53590
21911
26866
34052
52005
37825
27441
35477
53002
40648
35187
26694
43540
22995
31576
37892
25612
45271
45839
21784
36263
32255
48421
29865
48895
24146
53914
22402
23108
47504
53562
25878
26287
33116
36394
24513
38840
27552
46786
37457
54409
44078
45978
30405
54194
29091
49640
47701
40734
43409
46857
49842
37958
53213
41565
39054
46244
52581
49496
23391
23147
43494
31190
41568
42357
38174
52911
28377
46205
35629
33420
37793
32398
38977
23801
46561
24763
32626
50619
51994
46097
51435
43619
47210
32714
31563
25123
30475
39875
33867
33761
25116
22321
38048
25226
37284
30607
29475
41897
26324
41947
35631
42040
44428
36865
47690
40885
30497
31896
41224
52601
37470
24268
31533
26694
50376
50331
49938
54303
43302
51525
42058
22108
22337
44541
33156
37885
47337
27365
37299
51775
45112
52281
22637
30061
29467
28618
32145
23033
49165
46767
51245
41931
53286
32567
49311
36825
43605
47906
48634
54264
48106
46608
25259
47345
23127
41017
52316
39640
37431
45407
31512
50073
26511
30721
46000
54228
27476
43218
24926
44523
51758
33385
47785
38745
47228
39226
44424
33861
24472
40901
22218
49494
45148
32525
34997
28618
48869
54092
42222
34754
35734
41189
52633
54496
23904
21914
45504
41236
37185
27135
30969
33203
33547
46894
37443
31434
29543
54461
27186
27825
36633
37613
52300
32739
31622
25892
29618
33548
35955
53406
36611
28516
34575
45919
47997
34620
38452
30572
47973
49878
54250
34362
27561
32634
35885
36967
48325
42182
40176
32168
45795
46150
38753
39171
45382
30533
34415
52542
38120
48866
32393
34199
25186
27238
23209
34485
35597
42964
51858
54239
36199
41666
38486
29804
29880
38248
47898
44410
31733
28663
50461
33763
22500
35372
35575
39533
27777
37668
44575
49217
29089
45938
33968
50079
51925
38255
53357
23759
38545
51153
26370
50523
47245
44671
44941
53115
25452
30116
39260
37329
26012
47874
28664
31574
48509
24970
45155
25493
47301
49961
50079
27415
41763
46308
49775
49182
51234
37159
42594
39830
52305
48218
35852
35400
41377
22454
27287
22097
39694
38487
25723
42194
25473
26770
38281
39914
23541
29064
33326
42209
42201
31483
35830
40614
22198
23393
36687
38012
44562
33335
36496
52464
44692
40600
36409
50446
33129
37902
34428
27604
37605
45480
36349
45543
45934
24397
41431
49541
49046
46415
44767
29371
37767
45635
49196
53208
52644
33553
30423
48673
42093
37191
44799
40646
54179
52147
30224
31765
25773
23856
46661
38638
22075
50624
47980
26743
26409
35291
29930
27664
34982
27655
39166
50570
48021
25769
36170
38803
23859
52251
47247
40565
42747
27390
41400
25345
26055
25810
32794
39365
44087
45252
41210
33414
33878
38086
50767
23530
25723
22245
25290
49012
27502
39127
22292
31157
42956
37332
37975
45761
28333
39592
51199
31457
34179
49157
29890
36743
41798
53021
40157
27783
36046
36976
24993
32131
53376
42211
48175
33703
25900
47379
45952
33687
45110
33512
45992
53158
46836
48493
27227
33353
32600
38623
52400
31947
25551
50436
43557
48706
24168
46013
28899
42689
36665
33247
34628
31439
33279
49215
24211
47896
30468
42764
41747
42083
45894
46434
44354
27588
39893
28443
39006
35603
41085
44265
41513
45468
47525
45730
47082
44312
32119
32730
54452
24285
36929
36535
38122
37201
29723
29953
41731
49572
31691
39801
24971
45503
25829
32620
30314
54903
23863
45703
39785
30215
30563
36077
22514
35517
53966
50567
34839
48627
31417
25755
54487
36673
49326
50337
33180
31729
38430
38226
45831
47795
43336
38145
37616
24466
51548
29742
30121
31783
54753
38745
25731
36877
48468
43796
45460
23957
53010
48732
30903
30394
25720
22313
45523
38487
42312
46404
47201
39319
27470
46937
27688
44461
35140
38477
53067
34246
30964
27345
50566
44348
46236
45368
22709
51725
49046
49029
42646
25483
41528
25033
23503
33109
23802
37036
24627
46725
38614
30281
38977
27947
35573
46399
24557
34299
31111
42500
41636
41026
40947
32381
46218
40479
31792
38860
53510
47343
24434
50794
25216
47625
37898
30837
30569
43948
39559
36427
34940
38453
49698
41303
29764
40341
41049
44331
54239
37635
43993
52943
36097
52974
32417
36441
50492
26422
33637
26302
39550
38299
37424
32744
50395
25206
49230
53001
34188
26535
26473
37166
34616
49102
42994
54295
37747
30142
27331
33094
49541
34862
42498
40790
33388
54706
26952
48526
44580
34026
29954
48566
30245
48377
24856
28713
24878
49721
38605
46636
46145
52014
41447
40574
27886
41400
40207
45105
45269
25740
48506
22455
54887
31972
49609
43584
27372
40054
51246
29508
22986
22435
53201
49243
39172
45042
26994
24405
32513
41660
23375
33415
42383
36905
48200
32611
32295
36443
51777
23372
31603
31976
32712
39592
29709
27790
44279
34358
41610
44834
38812
23201
26295
41930
26264
38486
44066
37740
23685
22931
39388
45414
42396
36033
28542
38016
48341
49412
45930
48158
44111
32528
38483
30139
44275
30782
45056
46738
26965
52703
31052
48542
26586
25296
42866
37317
24608
27471
52359
45137
32666
44812
24904
32671
24955
45443
39958
23067
48598
46218
47423
50540
37891
51494
39039
43499
54340
25251
54215
40538
52392
40932
45884
39891
23856
48887
41603
44542
46897
28396
35644
29575
44025
29672
47308
33487
52917
53621
43360
34530
28051
28444
28719
43178
42531
27446
36095
39010
39171
36863
23786
52044
32955
40684
34914
49575
45030
26175
37491
26844
47763
54488
27976
28152
52970
32846
47089
37982
33043
53566
35171
25790
36435
51683
27840
51265
23416
39655
29401
25606
45688
31353
31986
51410
33621
29088
42181
51971
44099
37839
26057
38598
36109
54457
27571
54410
27061
28774
43581
29109
24667
39303
41511
24981
30303
25095
30588
27289
32970
37346
48407
54209
27626
24634
39269
34387
42557
49832
43117
30672
45713
50896
48909
28710
42344
43576
29574
32807
37281
42074
36667
48186
43093
38647
52661
36688
36864
39087
36075
47642
46817
36303
53952
53882
42147
50026
52174
55095
36668
49323
42850
44020
46870
49769
29895
37219
52844
38140
26056
28086
28664
49231
39536
31062
26827
47671
23060
41944
22908
37635
23956
50477
29316
53333
36573
28440
53225
27184
25010
29413
47130
40529
43437
28505
49690
36291
37248
31461
42721
22702
38785
48670
49664
44144
45926
37490
34179
30702
35148
30995
25883
47660
52735
32312
31869
40732
49269
23685
29957
24244
23707
29895
28319
37443
43861
28133
28647
29701
54207
37140
41359
48373
53690
46665
22785
38114
30116
54516
46662
51397
37222
36075
22823
47954
30388
48036
29074
50125
43664
29096
44863
28447
29200
23620
54418
55081
40034
30594
28868
33880
44557
40024
34110
36218
53625
48926
39493
27088
45234
29253
34524
43364
40041
33095
28646
34716
42044
47066
49804
35856
33847
43369
44510
44441
35738
36036
24509
43946
24796
32791
35064
37348
50929
51481
27829
39396
51145
25989
32531
24416
26649
32718
55053
39538
51293
39951
30626
54323
55070
37184
46130
51596
30832
41648
46124
28745
50880
52655
23014
53871
53452
40843
37068
46032
30963
42943
50877
46556
22959
23142
38066
28090
54112
30454
23201
41112
42827
50986
53921
39487
50146
51776
24398
53738
42566
41061
39279
53592
29962
51822
24790
37408
47162
37320
29832
50501
53915
44210
54814
47370
41013
29353
31851
53511
24079
46372
39263
50301
48954
36994
30507
38631
54032
51521
45222
32465
41150
35184
51440
44781
39936
37479
26197
46436
55084
46773
46196
25962
38514
45146
45472
32533
43106
42807
27526
35183
42926
31682
28432
37578
35378
43518
28554
52051
41265
55467
26884
44522
28386
26809
49655
43825
29995
39171
45099
35555
25004
37434
25815
30568
47871
28447
50187
26534
29502
38134
43851
23321
33734
28727
35708
39974
30267
27014
23045
31916
32461
42725
40238
49373
35769
27945
38859
44108
28178
46506
55327
25926
32705
52287
44539
41574
27339
35178
52262
54884
30162
31951
39169
52782
31199
39915
29291
30010
25950
51458
26851
46106
28778
50777
46572
40273
26187
27046
29110
23653
43069
41925
52218
39733
52595
45228
52262
53645
33884
33697
23738
45816
39205
50091
42482
44757
50559
27718
31653
46765
44450
26202
25197
48836
44690
44398
28680
44270
24993
54553
35582
43428
31029
33466
52612
34647
23243
44905
36769
46084
39484
50734
23695
26889
47679
29296
55140
36151
54832
45744
54002
32040
39184
33655
41195
44499
42444
46732
23625
23901
54466
51819
45804
50739
27265
54771
29317
34901
43984
23647
23732
48373
29427
40311
34413
26688
43561
46599
50848
48508
53113
42129
30745
26963
26030
34367
37541
54894
30369
40987
24438
41030
35510
34946
52424
43063
47529
34006
42181
32983
47243
28532
43942
41861
35079
47590
26908
42053
44522
24409
41198
55243
35043
23377
48867
40917
50566
30875
47586
53694
30103
35972
45656
27472
49798
29256
53210
35291
55350
23245
41484
55171
27906
50321
35009
25310
35586
45025
26467
38079
32394
25421
42902
47180
36340
54360
53016
51543
24224
34932
44267
31979
43832
33325
25015
47140
44857
36516
51050
26948
27567
34623
31777
30468
43328
23455
37963
47656
23403
30674
47115
46422
51474
23242
45023
32552
40502
28942
42112
37504
51971
34736
38409
31004
54284
27519
52826
33898
30679
34941
53951
34973
52636
40340
39117
52736
49482
55428
33421
44170
37067
28192
26077
34227
44681
33466
41746
36999
44337
30428
36578
44025
39095
27705
45954
43897
24730
38626
44299
53705
46953
44733
42274
28172
35718
38196
45528
53024
32042
33578
39887
33069
30121
54067
53151
35198
50167
48132
32375
38032
25195
36648
45576
51817
51652
53237
55198
48427
30058
46783
34448
42473
31990
29771
34267
25529
26355
51590
54538
28939
39142
51063
48217
49977
34957
52083
43033
51295
37477
35728
54102
30572
39278
51036
34232
42617
54322
28878
26791
39770
27396
24956
47026
35443
52102
28687
53298
30669
54638
31220
25642
44650
50313
46421
54386
49621
31744
24392
30229
52732
38618
39494
50935
26946
25026
37086
54715
31953
41482
45226
24803
30509
52721
37251
28985
36111
39457
23793
29550
31856
32892
51685
38146
34276
42008
32939
26723
36905
46728
31514
37977
43520
49758
46350
37537
24123
32493
49432
49625
36376
37204
38259
52892
50637
24248
42298
47085
48996
54224
39385
29401
34761
50599
49346
29016
31266
53149
33121
36981
34142
53935
28497
45486
28689
31225
52432
33694
36479
26745
37232
48601
40694
29718
51472
54296
49250
37345
24331
25750
46875
55194
43439
26041
29697
46710
51697
55029
37323
54047
45918
30958
48284
40701
28757
53468
47063
38580
30324
31540
30261
51694
40784
37253
30741
36954
39273
42911
25619
36853
25949
41979
36315
30856
45915
30551
24384
39025
46299
30625
55176
44711
46732
25110
38154
40441
38542
51371
40188
26006
27362
28332
54662
33490
27679
55459
26138
40999
30822
37755
29192
46458
49815
30437
24909
32160
33221
26363
43948
25889
46312
55587
55809
54844
52946
41015
45521
34347
24165
50147
48933
42920
34562
26446
45209
42671
23876
33532
47536
53638
31727
30195
28522
37627
25891
45596
54041
41453
33750
34797
32624
51725
24961
54597
43997
45542
25624
39831
31257
49691
43072
49483
49661
37360
52157
33377
53143
32012
48169
54360
51069
50814
24044
49486
42337
27901
40808
32360
35046
38004
52340
49524
50354
43198
46604
39373
25540
40365
33350
53375
39176
28754
47240
37804
52521
52600
24057
28975
48807
33138
46645
25726
26665
38167
31813
31701
41236
48138
42958
55441
44124
30783
37512
36570
43419
38586
37362
43140
40032
27034
55621
53047
32201
25431
47014
25038
35924
30536
34463
30974
52722
25448
23760
40760
30813
51033
55522
49104
45996
44201
39101
37214
27429
25685
45307
32613
41042
23947
47260
55090
29783
55732
48379
48135
56194
41394
45568
42617
44836
41062
45720
29463
37279
34422
42338
50252
55489
56141
39340
48007
29264
40803
28829
52632
30438
25534
42675
46686
24319
31417
53617
53151
36433
42500
42321
53047
43356
26092
38912
45173
26945
52700
29386
52418
25047
33316
26963
26499
28156
49914
34953
45377
46633
43198
37334
34311
34122
30083
38554
27404
24524
40906
26584
36754
37111
31376
44592
54542
41598
40588
48653
41609
29268
30898
31775
34630
56002
41467
26124
28837
41143
25704
37730
30535
40031
37189
49873
34675
53238
36011
51095
26809
24799
45640
27451
26837
42736
30562
38782
44502
50705
28186
23695
29567
34309
36334
42878
47085
23687
25986
48371
39802
23961
39328
52256
30690
34329
54653
44532
29348
38037
36926
42129
36523
25696
52154
44801
33070
32485
45186
50468
52693
55100
43807
36845
28189
25595
28314
29134
34813
35663
32834
29553
30666
38219
45225
26793
45400
39039
42480
25000
48226
38093
56132
48242
53291
45176
47529
27282
53862
52094
44534
48907
48467
23848
24609
55441
45356
53215
28605
31737
46271
53057
55745
29423
26972
48244
27531
49895
46577
48314
26405
53334
44404
38470
48326
49697
46209
53071
32156
47445
43589
50018
27592
45338
39066
41724
52139
39650
44915
37208
55904
35558
36731
54406
36233
35027
43001
52157
32847
55488
44023
40946
45476
53348
25251
25257
30667
35974
55029
36620
52507
39604
43666
41274
55808
27448
36849
47073
24642
40776
44988
29711
27530
34685
32121
35653
27426
26247
49001
49102
39164
52254
52656
45902
53750
39995
52407
51102
50012
38537
26319
33239
37294
29206
51479
41901
56484
24911
26527
28415
50288
37419
52429
51115
54339
32422
30720
42919
30226
41329
36724
39246
54170
25320
26982
44023
51362
53828
45176
38604
51840
32530
42838
32218
26846
34532
53146
36196
52158
43846
30701
24445
53948
33779
30063
24534
47507
41289
35930
41428
26083
45819
52194
56549
49714
34566
24927
33557
51760
29926
42669
42460
44095
35081
28627
40250
42034
33924
56292
42246
29525
34053
44323
25732
39342
26888
27754
37941
46211
50254
56269
46579
42525
30859
31866
37693
27339
50784
44003
30159
48937
27272
39968
52853
31649
39766
43918
48674
51507
31327
24509
46396
37746
52852
34697
40251
56271
39379
51334
49266
53786
24733
39842
25644
54854
45963
32005
51451
51053
53981
54076
34125
50195
32148
53655
28224
49071
49377
55759
33464
37224
56285
41196
36014
24604
35706
39782
27851
36774
53946
29835
50229
37729
37663
38176
28841
51688
35170
32075
36554
50720
33384
30129
30392
43385
56433
56283
26341
29552
43155
36318
53540
27225
32871
47419
32259
33115
25602
37124
31323
24508
46118
44864
33573
27998
40122
42385
25487
34954
33656
33044
31056
51437
52966
50569
54072
29664
39303
41908
40459
34285
42322
28418
54159
30094
41827
38512
24548
37687
41969
42153
45332
43671
49792
35694
25835
51484
25175
48699
35081
52661
36661
24616
41269
42459
54848
35085
26612
56274
43838
26089
32090
55852
44551
47237
30753
34960
25658
31316
36088
42425
47920
42654
49181
33473
26158
28637
54574
33696
27871
25704
28989
35056
32257
50766
41762
42739
55902
39557
50709
52694
27646
45892
29308
50999
56731
47533
28929
44262
50773
31407
25576
48360
48551
31531
39583
44738
27546
38741
50071
28148
26936
45406
28755
56771
34116
45904
40895
35387
49448
26681
49858
27253
39471
28811
28438
38934
29428
54723
46168
40984
45339
33097
51035
53453
25406
39575
30658
43296
33578
37022
41934
52511
43084
53861
40564
41910
48742
31476
48051
33213
38022
29808
30500
34358
55353
54919
26835
35791
53500
33807
31821
54191
28659
52201
40442
52590
34782
37164
53933
41061
49480
48767
28026
55849
40705
35015
55240
26194
42703
50435
40870
45953
33377
54643
49251
43425
44164
29184
55640
54636
32410
53208
50953
27953
45639
27737
53869
37589
43885
32560
27273
30489
40539
55234
40004
49690
26177
43467
48246
25886
40935
36164
30786
47501
56479
46475
49062
37182
33145
41918
48720
39924
42677
55399
54963
50729
35710
51295
54107
29962
29141
39148
49789
50114
30411
26413
45011
42491
47859
40632
45222
37794
28439
41857
30253
41451
39210
54014
55829
44438
42366
41096
39265
31344
38967
53509
45428
27676
29440
39364
37740
48147
41724
42664
41394
53482
35583
52105
43983
39636
32255
25815
56450
39271
48581
43904
52751
28323
53736
32788
47321
41776
51964
28968
28723
32743
50695
33016
41332
41108
50228
28240
35145
41978
43724
33964
37712
40216
32609
47006
38882
43435
46157
36208
44080
53748
39259
40202
47249
38331
50371
41751
51482
51860
34908
29284
52336
44897
50957
50056
46298
55576
48772
42954
44954
56519
39211
41791
26238
56021
56408
45619
32690
53130
34501
48586
53208
52433
29503
50151
29274
33085
54178
46669
48127
45131
55300
54533
48061
32743
54833
34815
48591
48945
34136
31740
34055
35456
41475
34474
44644
28839
36428
38417
29415
32120
49742
44847
48035
52615
41179
49119
48148
36657
33901
51200
34481
38108
39006
40402
53188
56447
53851
53667
53882
45158
40982
29868
35894
50479
40251
50998
49707
31001
26022
37377
34090
39038
55251
44773
42936
52125
56213
33978
55908
37277
33035
31350
25176
27855
35792
42389
40493
42036
48755
47038
52484
48703
31271
28579
52178
39131
34491
37161
48379
49840
38604
43209
52771
31138
56377
40501
36928
29339
49367
55871
38388
52875
38758
33783
52251
24749
55492
39188
49312
43531
49505
26006
52116
44612
25331
40617
52865
34189
32363
42187
32251
53238
47655
45361
27001
28143
34921
29287
46435
41482
53768
56376
47980
32770
47461
44749
34082
52477
35233
31001
54467
46350
42509
39540
45139
31230
36322
34693
41707
32588
51251
54886
43092
55154
52255
54787
30421
46698
47435
46275
39752
28017
29840
31339
39795
54283
31984
55615
37526
49735
36047
39530
31809
32836
56159
43423
41320
52980
37469
33793
56249
28192
52219
36416
41773
50092
44317
38405
39390
34845
28615
33425
35352
40024
29142
30881
35506
27820
39919
30100
48543
34067
46262
42447
56512
47797
29760
31329
35068
36526
27594
49635
36755
44561
38315
51362
39343
45869
41351
50177
31293
35855
53446
36120
36346
43592
30532
28321
25041
24560
29770
35349
37732
36330
47038
38930
40937
34666
42902
34816
38199
52917
31122
49908
55584
36648
54571
38356
31490
30844
53703
34493
50073
57160
42286
39329
30487
50887
38465
51253
32119
47068
34794
45322
25870
35155
45135
49657
29539
32106
53323
25029
47168
55440
32542
56572
55049
54636
56931
39454
31309
39457
51779
55553
42395
37585
55785
33140
55703
54624
50229
50467
48716
29306
31925
39099
51140
55255
40145
51278
35030
42941
27973
43768
43072
43463
41941
47555
44022
47334
43323
36296
36537
53925
31589
35223
54250
43953
32733
45529
36257
28056
55945
31028
35066
33233
40084
33647
38063
36349
57260
41943
38380
34156
41326
39649
57182
29667
29470
55056
32398
26012
53660
48409
29549
37007
47507
47942
34351
41712
52212
44056
44893
56057
38563
52272
50726
52201
54640
51055
26871
29773
48968
41309
54347
35198
45996
31943
39875
40043
56419
34477
31097
31640
38764
34907
42898
30311
48439
25813
30738
26007
38677
34168
40692
40202
39404
31199
25211
43723
47407
52996
42435
34639
26125
24999
33179
39675
36585
45044
57239
48359
45835
28256
52064
36578
56981
25556
28239
55990
41656
53517
26938
54445
56871
26435
32910
26451
27084
37384
52894
27774
32187
39028
28731
30604
25188
55679
57221
38124
49676
42926
28928
41696
44670
34802
42731
42880
44797
55245
52941
51203
27262
40630
40272
50490
49684
36543
48210
41309
28588
30837
32570
54026
31994
46599
45448
43403
42675
53675
46001
50776
32765
27454
55849
53212
27172
41258
49857
49532
46222
32909
37939
31958
30961
49304
56315
32838
34755
52533
32361
26287
30962
25836
27893
38008
46294
52743
38610
46548
35172
26356
51142
29255
40868
38380
26936
31078
25957
56274
55691
52446
48943
36446
52650
27575
38521
32122
28900
49882
38940
34796
46843
34513
46856
25398
38007
56015
50997
39610
37184
26864
50397
35362
26988
53185
39913
55039
45142
35075
33705
44464
43504
44460
49863
50566
52826
47919
28542
28710
43955
48637
32775
47150
39471
34124
48980
54043
30313
50199
31233
27242
54779
50022
30600
32765
27213
35279
37812
29121
34218
39997
35928
57486
30361
48112
55104
32334
44394
50629
37992
34658
57359
38584
28780
27457
41005
39335
35648
26722
38771
25177
46881
40797
56875
31166
41931
24909
40974
49016
51693
48504
33629
33947
43738
37426
34349
50097
47233
42238
50691
39426
31135
34295
26016
26130
48691
49774
34078
44906
30771
43733
32828
48027
35965
45019
26359
29825
45072
39641
25690
33733
42364
42349
34710
51109
28311
46180
41813
34040
50802
47582
46924
31340
30603
33452
38927
47379
25156
29437
51498
26142
51092
30266
48493
51688
44029
42542
29063
53302
26302
28010
38103
56765
45385
43240
46206
40676
51959
36078
40121
46028
34043
53557
25710
56717
51861
26699
55044
37059
31112
50742
45176
37194
40653
31322
57261
31557
27529
41117
49924
56677
30269
28104
37677
51304
39996
56112
28733
30687
38755
46487
50432
30773
39940
37709
29840
28141
37667
30106
34342
25131
50405
39265
49969
47222
34629
47869
31653
45500
50441
53615
25750
41110
28916
33979
50437
45774
47422
25487
25850
29727
36673
39974
29395
28219
55157
48236
53979
35347
54686
48483
36126
38482
43332
56773
52604
38698
28260
36843
43517
50004
54885
32493
41828
53842
52557
28427
37895
32760
32565
32075
32989
26922
53755
33380
32985
42471
42806
40155
44662
50311
31343
42604
55188
35392
44942
39083
57218
40175
42386
42219
34652
31253
57733
33631
37015
57120
26031
48511
28122
34541
35083
30637
30223
57482
25335
32281
52667
41792
40751
39138
31370
25553
52732
27518
54575
36606
33961
25435
52586
27980
25143
31174
46186
37896
52306
52493
33110
26505
30851
54496
50215
37557
38310
46589
47800
38855
43423
30989
48160
56911
30537
43208
28223
25209
32943
39776
31127
27027
31103
27421
44893
57290
48571
25156
54736
49972
41138
56894
36554
49172
43055
28150
35989
25177
34800
44931
35071
32871
29017
45319
45745
49946
35690
55511
33980
28424
42735
39132
48245
54023
33526
28985
57731
32752
46470
34349
37942
44450
35982
52539
38427
29001
31516
38281
49357
43232
26319
28551
57101
49140
27023
47056
39957
45483
56187
51541
32042
27654
47395
39608
39281
30819
47608
51958
33795
36166
43777
57673
40003
27992
57807
50253
47216
47024
56242
44129
56950
36178
56621
38224
32522
45045
42408
29489
26357
32266
35685
44683
55984
28665
37813
43965
36914
31406
56172
57757
31494
31572
25490
50016
40608
36960
38491
33210
56049
33746
39001
26437
26425
43703
47601
54311
28445
56819
40204
40176
34297
28733
25358
53441
25719
50539
30476
43699
42081
28400
51258
45686
28339
29091
34978
53305
53237
39106
50204
55242
42695
31286
25466
52991
57534
36888
28675
29524
31086
35701
43811
49877
28616
50254
52832
35903
42407
27363
34704
51810
56741
56882
34121
52937
52019
52154
42906
32669
26857
31876
43256
44231
35098
29540
54139
49237
54444
49277
38475
52767
44070
44547
36693
50858
40715
43589
56642
53580
28007
37610
52649
37265
51111
50554
48003
56286
49325
39201
45536
40276
42532
42416
42713
31479
45841
31717
58054
27664
53419
45804
26545
54224
55661
28453
27914
56885
37481
50728
50075
42034
52959
41991
46527
56074
29198
38355
47055
37629
49994
40289
31966
51494
51279
29261
50086
53412
39381
54336
28609
55032
26213
53871
49949
34734
38762
44132
52138
37696
52363
45057
55637
40247
41272
47298
36922
54675
28803
46146
27413
49517
35634
53249
49658
30427
37906
46180
43335
53268
30350
28925
48342
55764
43903
32269
43895
33026
49222
30535
38557
50065
54297
29655
39511
26788
32666
40867
37250
33781
55982
31185
27198
51319
38028
56457
40606
28218
53780
45564
42404
44943
50787
31397
28780
41326
47524
35022
51111
27412
29224
38231
40267
41200
46010
37299
42633
50880
51500
56115
53760
48376
52278
45959
28208
40291
40833
41602
37937
51980
52990
42269
43684
47455
51836
52671
38123
44684
44666
47547
58005
34092
36665
32794
37660
45351
31254
32156
49619
35797
41239
41465
52762
43875
25796
41580
54228
51577
45112
46450
34843
32025
56183
48080
52786
52171
34818
31443
39098
54775
43945
52187
27433
41618
48545
25883
36729
52732
47574
40858
54301
41001
28290
56957
26169
52736
51199
31625
39954
27136
36570
56548
50116
51241
52264
38939
51763
55578
51229
50793
52803
49271
55002
28215
29772
43661
26503
42463
36296
42297
35234
54197
26959
32773
56470
44872
57030
30613
40336
26597
27603
45122
51086
37981
29843
50180
31161
53256
31888
26517
38900
43274
27629
27347
55733
50133
46308
39015
47891
55280
28019
47268
33825
27126
45393
48049
55931
26337
57383
52971
37150
33928
35837
57733
43645
35687
44018
56433
49361
28063
26417
37252
51376
53053
35872
42453
57825
58303
34779
31590
43631
50389
29152
56838
51196
42596
32780
30581
39768
35792
30406
52938
53842
57979
27002
55058
52174
42377
57161
53562
33304
28391
45054
34095
28536
39307
44356
38467
41223
55549
27671
30419
27584
27158
49785
48934
30682
49415
52582
27545
38486
55454
37641
50681
38100
34501
38192
32305
33706
31308
26622
46629
41527
50664
41183
34013
25973
40059
45505
46310
52430
41621
33922
49653
31025
31035
27300
55758
47716
26088
46408
25700
34460
48082
35162
55106
36939
27246
50185
55337
28217
54582
33658
29435
35286
55466
42941
26327
51151
41109
57344
52870
40671
45969
38914
43030
37096
55245
55755
32708
47682
46350
30619
49696
27474
55284
37408
31083
32863
31359
52971
31300
27554
46545
54053
50052
42396
33078
54910
38246
30637
41569
57959
33771
54497
29433
37249
34940
46349
40788
58197
54993
42523
49794
30789
30995
34722
33677
51650
30525
42170
38911
45760
36296
40974
53157
56423
46983
26162
36243
58124
36560
39479
53864
51039
51676
45181
48083
32742
54896
43977
40278
48810
55485
45207
38474
48944
37254
58034
51492
45226
28544
49409
38902
36975
53246
29604
35385
34985
45773
49216
49097
42829
25949
39062
38193
33105
26914
30555
56617
38425
39226
32579
54109
34610
54096
36960
44144
30786
42944
51114
26433
43839
54524
40159
50029
44256
37422
37517
33045
42321
27935
44140
52705
41259
48983
40946
33604
26275
32390
29474
39426
43778
27682
32165
30448
48213
26706
32795
29947
29541
27659
50611
53356
33257
28280
33785
55147
28923
47520
27888
33729
58313
29251
42849
57826
29325
55044
41330
26922
45503
31438
29050
43367
47496
32368
47380
29080
49531
36234
48755
54260
42112
41645
45045
43822
57616
54974
50682
34040
27048
49051
46838
38342
55671
41473
45509
39380
57690
31406
53823
51050
33035
41666
50189
46687
57494
37739
34747
57564
56844
36033
36365
41314
41850
41967
40343
53774
55580
31892
46728
28956
51151
45417
26823
28331
32709
45091
53313
34751
55164
35995
43905
53900
55025
36652
49281
57330
58129
33372
33727
38468
48496
33727
46484
43341
44093
56345
27073
54165
56950
41667
44363
46304
57432
45136
48778
31224
46106
42095
35708
45484
58074
33555
27231
29465
39384
44242
49278
47400
42978
46731
35659
38744
28431
58444
32686
43966
40624
52083
45981
29258
51588
57363
34285
56651
44075
29081
47207
55093
47069
55983
28703
37282
46428
26720
36865
50584
37927
48253
41389
51466
47601
44864
49285
40353
26193
29744
47875
56508
32443
34372
56913
42165
54959
40779
40979
27494
51248
48779
39559
55787
45176
33449
36561
38314
42218
56009
57744
39569
29768
54005
50613
35487
51238
32707
35221
38566
31391
52530
47677
58447
29766
46294
37125
38238
42591
40757
57192
54327
30032
29808
27922
35233
42834
40998
31803
40907
43884
35989
26676
30349
52386
55554
37439
27887
42346
53083
37028
41967
26463
56604
54273
56959
52025
37743
46818
41678
48381
29335
43921
32968
39025
33934
31792
41440
35283
35565
53508
34317
26314
50189
28948
37394
37789
35692
28915
54019
51363
55634
50138
39685
52219
58804
58105
56149
29564
29272
32527
57228
33519
32826
28729
52769
47740
29743
55303
37423
43363
28360
43477
37496
39149
56185
36185
55723
41889
31482
53112
37858
52410
27886
54622
34159
43993
31939
50637
57048
33016
46553
56501
37408
50335
33510
40198
36168
34906
56473
54466
32278
47978
52093
42838
33557
42939
49441
37418
28125
47894
35958
40823
31380
28824
28024
47961
41141
28259
35856
57125
57616
43923
54841
34556
46355
45684
35171
42400
33607
54002
27412
35463
48413
55632
29909
28206
35307
40221
30540
39088
41778
31844
30886
54935
50722
38692
53816
45042
56928
57087
53605
38312
52742
53046
57282
30987
30444
57557
30328
33200
26918
36651
57578
54655
56013
32893
37528
42758
52483
42748
37955
32274
33329
28147
52307
28289
43411
51013
42613
45394
58359
44311
56968
54270
34241
27594
29370
29195
47667
51244
33006
44254
27627
54767
37730
54737
38573
37466
41102
32389
26211
38718
49743
58234
51042
31276
26692
58588
52207
44005
35192
33184
35586
27666
39234
35024
56394
42293
50026
29987
38256
50400
45965
42705
44192
58405
27587
28581
58438
54349
28286
42324
58389
58316
49078
44557
58190
28533
33091
47953
51263
37867
44682
42757
57610
37720
47963
42694
39335
50017
39450
51580
54060
38745
27933
29490
49228
39604
26454
52005
27422
28607
41010
53274
51232
42639
57024
34549
31356
32823
40982
30600
44426
29247
56561
27561
42901
32337
53915
42119
31202
45620
54034
31294
29166
58367
57446
39336
45048
32390
38755
54390
34495
29209
44400
46976
34957
40302
34231
56154
58740
49883
41350
41768
32472
56776
28661
56755
54318
27749
49354
31932
44290
33176
56985
54928
42047
45882
37936
42460
30891
47234
41266
48067
50865
52417
57857
38958
36707
43600
44769
56419
45247
45511
46683
52186
45873
37232
55008
53067
36954
33020
48047
44556
55056
58740
49401
29082
53414
29042
58178
42870
35693
38288
48650
30002
28282
54561
56749
45771
47786
54047
26760
32569
40164
43877
58205
33605
46494
27678
38136
54939
47523
50046
52499
47904
36883
46512
37496
41605
37291
28431
31845
45597
52550
34456
47924
47339
30116
50335
37947
52224
56427
49602
54514
32004
40555
29212
33107
57106
58662
28859
49543
52681
57744
40787
53950
43679
58387
28211
32607
33913
46550
57465
57953
56697
38719
41090
31224
33559
34743
47269
52597
44148
47789
50209
43623
53994
56797
44115
48391
30952
38098
50733
34771
54013
52649
58339
32376
34610
54041
44775
51189
30365
49072
56856
27646
50483
46687
39991
28574
37854
33849
45722
42273
41168
36728
52260
45873
49686
47041
58484
38719
28272
35753
46941
42789
51296
30583
50326
54793
57217
53547
48051
49284
39962
58816
58452
50179
35059
27567
54941
42350
28519
32436
38886
35592
31163
35028
28595
52631
53166
48287
35046
58564
57681
33971
45875
29380
54297
35969
55509
45880
50739
50772
31871
53586
56343
37519
54166
26938
52320
27701
53405
47280
56795
48815
45553
49906
35806
51402
26806
27616
50395
45312
27665
52830
30516
44792
52375
53754
57425
28240
39942
50127
53745
36505
32051
30376
57789
58531
28740
44649
46883
57595
44831
55979
27489
49075
44579
58535
45024
58721
38165
37973
44740
36202
50269
53461
55745
44417
47730
49165
39728
45674
28051
35220
40290
31236
28088
49358
39988
44678
58056
47705
29923
59145
47884
53416
26658
45383
40420
56302
49770
26786
30392
57662
56978
32360
44082
48368
46751
38741
55210
52294
30429
41561
37090
55888
50991
52380
41460
54284
48803
30400
46984
34770
46409
36710
57674
29679
26694
30451
30364
26769
42020
53396
45959
32995
26988
58495
41464
46968
49015
30588
41769
39405
43393
48036
44381
57290
29183
48745
37328
26794
49202
30679
57070
58780
44029
57114
45763
45512
50164
43071
37299
40534
47541
36671
38251
46475
43131
54329
34839
47413
43504
52479
49109
57418
44355
45012
52842
38860
50299
31604
55605
51951
56331
41045
44385
30334
37030
53037
58462
35707
38740
37044
44177
58630
27590
35499
35402
54655
47334
38429
42231
36591
44979
35557
29848
27300
49228
58480
58227
54300
26954
41924
47113
56101
37203
37569
56136
45377
40685
52391
52994
38479
49807
45017
26782
30824
42750
40161
41998
51976
31703
42675
41729
55662
36455
38966
44121
38981
58563
29440
49119
47747
36629
52065
37429
36242
41781
42404
34061
57518
38521
47249
28569
31630
27085
47415
52034
59462
56326
37864
39069
37996
38515
46724
37019
36217
34741
53243
30208
56435
57553
43277
39702
50377
26756
31316
28578
27263
39127
58245
43799
41866
47858
59379
59146
30846
30005
37972
48614
39014
32645
45512
49633
50163
29156
43543
57390
29658
57669
33082
33908
48759
48798
34846
36992
49334
44094
44196
31799
36403
48481
35564
45518
27808
54274
41939
31293
56936
37104
56506
36336
49297
35364
44170
40384
32743
47954
39412
59427
43351
58558
28414
44703
55705
52305
50619
40837
53266
38124
53849
34779
43256
40956
36450
57754
33463
44367
43323
37402
37523
44326
57841
27850
27791
30859
44596
52772
33422
58340
53924
58080
40633
57289
53324
28520
56608
39955
52076
43917
59556
57653
53116
34424
32532
37840
37997
59107
32918
38529
43314
48009
36425
32254
42879
28634
31784
52065
54481
39156
39474
41155
54446
28367
39112
41997
53294
58807
35926
33803
46778
31744
54325
54210
31764
36853
59600
45060
30615
53777
54534
58177
51393
42866
57040
31648
58606
37002
41764
34638
45670
59416
43289
27414
54426
36438
45131
34611
36267
54388
48769
40546
55596
48198
45197
45883
42025
57402
53876
53184
50792
38796
49871
27447
41198
43709
42353
57909
34245
44097
26954
46332
52477
51576
42379
32774
47857
42975
53771
58082
39884
41608
57066
51519
47179
31687
28532
51783
34756
55087
48200
37422
50023
36796
57529
35338
48836
48722
38772
45541
43405
33894
43619
57616
40605
28411
39378
57531
42042
34257
48849
38083
33175
56025
27865
42699
36253
44523
54962
59278
56043
30907
47763
55923
58652
30474
39308
40803
41800
32537
32289
44759
41933
48739
38456
39989
38223
44683
42037
53852
57597
54932
35683
32381
47638
44112
31638
40238
50860
43547
32782
56761
50601
27849
30111
53178
54799
28124
44047
36585
50052
44538
46784
57652
31757
58271
45198
31505
37658
33296
30459
56850
30147
44176
41098
34233
46161
27093
45672
54927
34048
43965
55633
33648
58371
32574
43442
56617
29897
30875
43787
49221
34943
45022
45720
38179
28118
57730
53552
38476
28166
34672
55405
53508
39699
32301
47885
37919
54094
35409
52376
49430
40480
53819
42051
45914
50691
40963
42773
45544
54225
32688
32072
40734
53057
36267
30450
56013
59566
35188
41957
35471
28699
32916
41683
48219
48501
42451
27574
38742
28183
43178
39278
36588
39828
41211
30380
52256
28592
58112
53776
49440
47535
53122
56718
39709
59603
29771
40214
34393
36896
37085
43124
30850
55138
54116
50293
30014
32113
57834
38731
33031
53172
33738
31794
46649
47844
32615
47700
45161
55570
32797
41706
49657
41196
39032
55973
42985
39484
46244
53836
45040
48049
37157
45734
33996
54754
35272
49050
38102
44944
54490
30357
50905
46891
32407
27692
28964
28056
47333
44291
50910
28210
54083
42477
44954
47119
28412
55124
48427
40068
50080
55260
46010
30443
34740
27203
55318
37283
53673
43660
30794
56409
34059
38492
57973
55174
40955
29860
48598
55609
31967
57472
31271
36631
56408
31583
51500
57760
52085
35429
54923
40116
47654
33549
45534
33109
54771
51987
40711
42158
31981
44945
49347
49236
56549
55144
53635
55245
37597
46305
56951
55119
57020
47764
47339
36809
48966
55177
37334
46120
35402
32414
29616
48083
54557
48424
36485
52855
49480
42205
35400
40202
33150
36082
54121
52234
43729
28288
38313
54022
42533
57388
55598
30048
54756
29959
30162
47185
50163
33459
53441
31277
27621
37576
38979
36585
30063
33653
29142
34266
29468
39787
52864
31935
31042
38134
55651
41986
41269
58477
46226
55355
52410
48589
30755
29942
48575
40353
42886
50358
54857
55589
37141
45626
38061
31146
52203
40702
40963
59196
51194
33541
30936
42627
42072
47574
41507
44519
49114
41157
54906
38391
47076
60019
40326
43276
51583
52120
54709
38441
51372
58624
34350
52006
41465
36564
36106
47630
39505
59675
32193
36293
49432
54656
50146
37358
51320
48726
56840
53771
47093
52953
50441
46054
44360
32951
54128
37169
40810
41679
49454
37993
55279
48440
34700
56576
38549
30341
49508
44730
37661
56903
56209
45144
53593
49364
43428
32116
31623
59463
45784
36780
46813
28360
52041
49922
42597
34318
52576
31107
36875
55329
34706
41511
55285
58725
45642
42745
50706
33748
33315
34423
51702
58251
43611
39996
45285
48264
58245
56540
33325
35250
51837
35088
30137
29977
43937
39955
47332
55680
36414
31051
30091
32025
37961
40236
53094
59791
33360
54618
52120
34121
33711
50189
54916
53742
32519
45754
56291
29732
36588
30704
42259
59550
29406
29824
29106
35413
35963
27616
32364
52757
48370
48081
28177
55100
46779
46912
51435
51647
38790
43114
34382
32109
56945
48708
54384
30328
37501
59674
37499
50993
44355
60022
45281
48915
40419
40003
27632
35587
30782
45874
38054
43734
42085
32861
56262
57364
41552
30251
54059
31227
46548
29811
39261
41671
36559
40932
58210
37425
49574
51364
55511
51510
41969
42039
30271
47897
57716
56995
59802
34731
56658
50897
40250
43722
45949
39479
58578
50472
28273
46004
32976
57934
50466
41403
27628
57312
30002
59316
42753
55842
36200
28319
30492
49595
48222
59643
51667
32441
30585
44518
46041
50390
36382
53125
48591
31993
32035
28838
29532
59392
38532
40356
59519
57021
53592
44171
43300
54078
54787
59517
50934
30546
39596
35925
31093
44104
41970
53385
33864
40954
48602
36949
55252
47883
49420
51734
40973
50284
47168
32500
46476
56869
31219
46531
42211
48978
35422
42283
49197
53099
55720
51463
28393
34505
45659
59148
45064
47206
27669
50859
33348
43237
46720
41016
42676
38610
36995
34635
29085
38954
49082
54375
40332
28958
56356
53721
54433
51220
50204
45027
58414
56047
35979
33818
52865
39312
49499
55309
44797
51612
35375
35623
42096
38784
34641
35799
46496
47283
31467
44013
58407
33595
37499
37960
57729
40563
58497
39854
39524
45323
30330
34043
35919
45136
57106
59518
39270
46254
55446
52384
52861
30579
55208
45510
53107
56789
31286
38265
56769
46391
58029
45253
44370
33960
54121
30174
31638
38829
40561
37130
40146
42560
48481
28858
29626
48664
42407
39162
34625
53547
44274
50700
43696
36210
37352
41552
60405
57836
32024
37736
48190
54501
36399
58008
34503
36728
51566
50291
43504
49747
31067
33716
34451
51130
55479
54122
39316
42703
39089
35928
54202
56336
38745
55707
41917
35617
55895
39053
59040
32204
41437
28650
45632
37958
42970
57905
44590
35507
57201
57165
28346
47085
51369
39285
34384
43393
44134
41297
49416
49403
54424
36190
48760
46692
38066
45203
56781
41992
46686
42053
45082
32637
40558
43336
58607
41952
48662
42071
58670
53602
42073
47541
36890
50691
50114
52245
52913
54174
49236
58040
28988
38694
55747
47829
35620
46383
50661
34877
49415
49072
36707
43327
48395
43271
52404
53705
48498
59453
49996
29137
29039
45708
51984
56051
38968
28190
34318
59740
38493
49688
49259
46054
30040
59351
35996
34692
33125
41337
28633
45537
31124
31136
45775
57156
34332
45170
43670
36791
59634
31205
36322
59240
40090
28985
43645
56911
54590
58822
36597
37649
38909
58615
31890
50469
56453
42391
46474
47669
27876
47179
31608
37575
30619
41312
53771
53788
34804
49095
55803
40280
55446
42334
55362
30180
46167
50290
48520
29457
55633
38529
49631
48894
37432
41028
59568
55995
31211
30444
33013
28078
40264
43693
30121
42038
28485
47737
33405
57743
49980
29966
41165
51446
49543
60210
49362
57869
35405
55101
41753
56448
31387
40409
58932
46825
51127
52230
40111
52465
58545
46689
32582
37048
58938
40357
36692
29560
55481
31858
48527
49509
48284
57933
59635
29911
40172
32745
51708
50346
29733
51364
40472
29157
54084
52565
42844
39067
32545
46149
54390
34831
30719
29307
42211
58907
40802
43581
40290
41427
28705
53971
57512
31077
31931
36238
49237
38724
42990
52233
55847
35461
52102
43951
38253
40585
49524
43645
38079
54748
33567
39177
28653
35933
54015
28100
51765
33951
42087
56700
39097
58512
46498
56613
44336
58712
36930
28888
55515
47748
58293
60444
48058
29796
28185
34661
37889
57777
59217
28378
41414
46195
41561
44635
29436
28194
55510
40643
43940
55052
54514
47210
40514
34038
28006
28399
51342
46342
34776
31284
34925
31969
38248
45225
40223
38672
48518
54990
51386
52904
43782
34803
42455
52778
44918
40002
34187
54696
45231
45056
59801
39977
38058
45072
28389
57423
40853
36793
48172
60471
30758
35753
51443
37025
50736
40505
37053
56145
40820
35058
34433
36021
46777
38736
56411
37063
33055
32455
29570
32565
50608
32772
34938
59071
52024
44405
28555
59361
38998
31499
30065
58035
31188
31551
47189
48141
49972
60755
36092
32238
32139
32986
50239
55071
30867
29306
58555
48659
29179
58865
44233
47890
50945
41302
28849
40343
58435
36257
43290
41206
59346
41070
50629
50241
43401
37630
39035
55661
40349
35455
60484
36785
50548
38285
40154
32047
41659
41720
49757
60374
57523
54728
50504
60807
42955
55934
28324
31606
53108
41373
51324
42196
57905
41833
58000
37035
42989
37103
53069
55049
43666
38469
60669
30048
59607
37395
53052
57901
43866
58962
56491
33752
45038
50772
29928
36571
40758
42501
45757
36647
32883
44656
40599
41155
40858
56197
58682
39863
39338
42777
59060
46888
33596
58670
45455
59332
56667
46453
48715
32097
52375
44561
32524
50144
50773
41886
38799
43864
43113
45682
53602
47985
28391
60706
41045
54797
31797
54344
52012
36142
42853
31620
35990
36884
33986
32705
49251
29605
40105
45754
28913
55826
33947
40892
55527
48568
36495
52653
44326
58180
33421
57933
49917
46875
38520
35516
59036
39417
38956
52541
30156
57559
32201
43065
37597
35859
53325
41607
33759
31179
42089
45290
37397
38793
38285
38107
32166
55078
30534
39049
55702
60136
45257
52255
58357
36078
30416
43077
44630
54734
55204
47593
43651
59004
52603
47935
28527
59758
51973
48646
51820
44797
30274
51982
28830
59663
34198
39671
58544
51699
29471
52283
58565
35468
31302
47727
29874
39858
37780
56005
55402
34517
58056
49622
37561
49635
52006
46750
48182
31340
40465
30408
50803
39941
38876
36908
32630
38378
40670
29591
59757
41959
30916
42186
47773
40568
59947
43973
39324
38447
29807
43845
59840
48726
42429
49291
48087
60118
44912
36959
46872
42327
46746
42325
36442
40361
37600
33615
54660
31074
28556
37955
52037
50889
33501
53822
60165
38643
53153
53929
56091
33580
42246
38604
35648
41369
53422
50576
38723
44315
46849
45705
49663
58485
50631
54835
40075
58546
29942
39804
44464
33473
51656
42627
44448
59491
36881
30880
43492
30791
48592
38308
42391
48498
46340
36450
35282
59877
55233
37998
31335
43130
41602
31524
58066
50704
49345
51692
53100
30183
53189
50109
59106
46413
50108
34784
38886
37499
41737
45047
53028
55994
35807
36669
51576
29642
47119
30479
54878
58499
29470
42156
40618
53437
46747
48185
50041
60526
57519
29960
59751
43538
47350
56089
33794
43088
46989
51681
30079
41690
49773
33867
54956
60053
54519
36349
31526
43258
50639
43484
34252
29372
40686
41426
41331
60842
48115
48079
45532
36312
41658
32781
37091
44537
51760
46233
44024
34576
50022
45583
38355
52040
30948
30116
57444
59423
30783
37994
54025
46026
31214
29648
53508
35285
39769
60264
33836
39691
32563
46062
40930
29845
51210
51077
53319
33382
41244
38723
43437
37078
51565
47600
44107
37260
54550
30731
45108
42914
39136
55566
52618
48900
29713
38388
38126
45849
60550
38135
44092
51366
53506
53918
41845
32495
54726
56311
38397
31775
57186
48673
60423
39145
28618
36622
53325
53104
59820
29575
44548
37220
40449
50801
51983
51566
55267
50510
53875
35791
55966
58887
58123
47684
34313
47592
30333
40748
38167
33260
46188
50156
43689
55355
34287
34451
41126
37617
32066
45754
52558
50209
58812
41391
45771
31514
36865
42450
52489
43752
44665
50494
29128
55838
54785
34732
30448
32723
30432
56213
37668
45547
57852
54935
44185
34968
44622
54554
35369
56095
37523
48435
39587
47584
34628
59593
50790
51601
50377
31478
32558
58314
29162
42159
33325
41158
38534
40104
32862
44648
42631
52850
41238
39036
47381
34022
37596
58944
49162
37831
40570
45346
54182
50339
28756
39116
59013
35578
35833
47198
30157
50083
40440
33018
35244
33642
40949
40326
39426
47358
33531
50093
43866
42507
54292
38439
47135
29603
36631
31803
47629
58850
37826
37506
59365
29394
28936
39149
31589
49292
31404
33289
37751
52896
56591
34690
34473
52919
41799
59367
47581
28791
58224
45484
53057
42151
34119
49013
49538
39828
55029
51602
48957
33459
58408
45253
55991
50567
50024
58956
57805
54725
52649
38171
29230
48823
29724
28778
40391
34782
43083
52079
45951
43739
35429
56941
32805
41104
53718
56557
39846
51586
42011
49483
38532
46465
52693
29045
39811
36492
37404
41200
55718
43759
33813
37916
51801
35502
40647
43192
42992
50214
36650
51112
43088
41970
58497
41974
53228
33804
39658
60184
28916
40500
46132
51825
43720
56726
54000
60954
32179
29607
35787
56545
50902
46160
57627
54674
47202
32078
40119
37238
41483
44249
31756
36890
40377
60291
57965
53329
29824
52580
34219
39548
53202
36468
51430
49161
35571
60984
47522
29754
47278
61089
58141
41512
45383
31281
60385
58375
48304
46431
45461
32683
44287
32573
55064
35915
32032
58712
30929
42374
51143
36575
31552
53155
43689
58120
42969
28957
59884
61104
35859
34143
59356
52546
52924
60620
50399
39129
61327
32258
48043
42409
42248
48224
36278
35995
52343
55238
37870
51511
41044
55707
51115
61127
43218
41749
55266
47289
39606
41140
40603
31302
39018
55056
35493
45393
35149
44245
53640
49298
31566
38412
32187
38131
49849
33948
44311
47674
52304
49680
37772
41705
54686
38554
38419
42850
32648
57688
37347
32847
61221
34263
41960
49217
61648
53974
33905
37015
53627
50764
52009
46498
57926
53932
44872
40455
55888
35175
38922
33124
35532
52914
37217
53814
39256
31371
30950
34554
46219
35574
30486
32402
30413
52109
39099
33771
60268
38455
40104
46301
59884
37176
51625
53330
48030
36458
57530
44971
49012
61385
32631
61279
32787
46389
34516
35557
61482
38772
55822
61397
49410
54391
35298
52298
34647
37086
49148
40074
41575
29374
32434
48105
39240
55713
35058
31978
57982
55246
34425
36008
51661
53451
47174
42356
59468
57633
53583
54464
58043
29535
51058
55356
57878
42593
45230
54846
31338
59602
32915
30055
29672
60912
47607
38788
43576
57231
59627
48050
30224
29025
30958
52166
54532
47476
47968
55531
50080
29180
45625
35725
32180
34899
29434
51830
39151
40254
46564
56631
44463
55922
58728
36298
33304
49495
49632
36213
60260
55051
60796
41201
55673
53674
29823
55244
49345
43725
42411
54028
54838
47952
52985
57109
53692
50265
45710
58573
43700
35221
51179
30205
33486
57541
40292
30971
45854
55930
60883
46982
44915
59420
48781
54513
46052
41777
39317
61316
61611
39388
47120
61727
43063
50340
45305
54048
29564
35191
32790
55687
41102
61423
31019
35160
57198
60116
31597
56897
45347
56033
31033
33661
52493
44747
43014
37880
61559
50303
60569
42420
52331
61355
55160
42091
34250
51585
50592
49014
31644
44472
31098
61165
51108
35027
49164
54288
44343
56229
30316
30949
59983
38933
33659
45859
40668
47903
39375
44623
48730
51227
54769
57637
49064
35138
36041
29241
32536
47470
56918
53214
34499
31521
57507
32583
45343
49353
30454
59116
55763
35394
43338
38959
37065
39837
36863
56384
33669
37152
42961
34878
37046
29837
41479
56479
47627
47016
34028
29649
59464
47091
45187
33825
46489
44988
39799
30941
45606
47193
56401
42677
55015
49587
53997
40807
39610
41729
34351
59548
56755
43222
35314
39436
40627
50270
33089
42729
44860
49124
37066
54907
55683
40088
54671
45064
44231
32144
46047
56822
58338
50188
37509
52275
39454
49406
54847
34261
49737
40906
45426
38398
37900
61002
39963
61443
58232
58901
34825
41677
38626
56065
42314
56191
44785
29414
51939
31576
38133
35493
55236
50396
41850
60521
40954
58414
40222
47917
47655
54977
34207
46975
49455
30255
37176
49539
56885
43625
40494
48186
44742
34577
60582
46596
56147
55332
35001
31332
61925
57820
39626
61700
55564
55253
37399
60921
61208
53102
56719
55111
43404
45426
42724
50088
51408
61176
50144
30345
29734
32135
53756
56662
53727
56958
45103
61943
61391
46515
51972
42651
36862
45915
61167
48820
44448
54570
38113
47426
52808
49851
56602
45141
29528
51505
44095
53709
49084
47647
40620
54629
42456
45477
50699
37872
45502
34780
58661
41954
50085
61812
40441
40721
52887
37788
50699
30141
61289
36642
54527
29390
61424
50908
41318
54622
35442
58694
57304
41847
33115
58732
38979
39454
57137
41739
34178
56976
29386
46579
37682
54475
56253
40111
60865
48976
47894
31336
55495
35880
56398
60423
49050
29477
60026
47258
46109
51562
34242
57593
53208
44589
52501
53929
43854
29884
45083
49664
57226
61374
40299
61322
50684
33212
57599
56492
60035
38624
50916
45959
58315
60412
54838
58911
34265
50893
47180
51389
41700
33666
41008
43922
52839
39800
50770
47004
54900
35144
52349
37582
59211
44547
40457
36715
36139
39868
41043
60083
34920
59719
51050
57025
42942
29505
58123
35764
40165
44624
47056
31757
32613
61100
47268
51288
61868
51423
29818
40463
40030
61385
35903
44475
29676
46054
50444
50268
31848
34772
35489
37899
32664
44559
30223
61406
59721
29696
44212
32524
48613
40502
43884
43857
57160
59891
53766
52884
37840
51178
49909
58312
33715
46151
60232
48912
41110
53232
50909
37158
43867
40714
46289
47613
52282
37056
61498
44709
61715
46143
33049
30320
58882
48901
47498
33619
56373
51292
37694
59790
54010
56865
33067
47759
38684
54986
35202
34580
52336
33960
48098
52369
46507
44648
55243
53713
44662
61664
46933
46815
35781
60937
53794
48167
54884
60743
60561
34009
37842
53489
50996
55438
37203
34061
57989
43054
58689
52059
43732
55825
39587
34966
41092
41316
47873
30454
53367
58575
43638
57849
45255
30804
35334
53091
46519
44667
37938
47491
45801
33964
42954
48825
56529
61148
29955
59957
32361
34412
32969
31233
46886
41037
62038
50754
54571
36457
57092
44475
40894
36926
34911
43922
42488
46796
49279
31319
58816
49074
59541
59458
57082
43924
48579
49340
59131
37823
59441
61217
53312
33552
32861
48837
47712
54802
32434
56373
40512
58982
51549
31679
60038
34152
54364
51508
50256
35343
34775
34028
49189
30229
57524
61963
42796
30296
32614
31235
40091
49793
39173
43354
46963
40931
32420
59822
58475
35750
44767
40182
42025
53284
42419
32266
31160
35219
56979
60006
40247
56805
48311
31018
50894
60396
52664
33638
42471
46530
39514
33173
55450
35432
31144
57959
30568
45741
39495
48836
35117
58705
46596
36621
62288
50795
41903
50597
47677
30216
47916
62128
42517
61973
49095
54554
40867
53119
50376
31963
55699
36504
49223
57978
39390
36541
49218
38864
46985
58678
30189
30223
41103
39773
35657
60675
31772
38914
30456
55191
48379
47119
49744
31130
47186
55912
30126
35523
38029
58133
40717
62195
42136
31139
42711
39867
33617
34503
59130
31518
33597
46405
47167
48024
50809
31248
59864
42335
37620
59315
55095
44264
46812
53487
36903
51885
37206
32422
50965
32814
37746
31992
31150
44597
52574
50091
34736
41055
56282
48592
44025
61912
51691
29859
35813
44902
47828
57780
53462
55977
61506
44100
32788
45729
32967
54770
34008
58736
53897
39575
41123
36705
44604
34670
46548
43818
32333
36216
41082
55150
36448
37662
37223
38278
57085
51481
40838
58753
57734
50831
33646
58217
45165
45182
45366
51656
38819
61534
50315
32107
33108
48642
62209
34406
39633
32960
30887
39513
50638
52177
45790
39921
43469
31226
56683
46001
31194
44140
42442
58866
49785
45290
35013
51752
54237
37673
44614
51048
40026
56700
46954
31271
34589
52401
45782
42821
45851
31541
43854
57418
38471
51071
33924
48367
57608
31148
39469
52704
46570
60519
54618
44224
35220
48396
44038
52589
48890
50957
48875
62598
54227
61076
35227
30507
45390
32362
55499
43012
29952
40215
31474
38277
50721
40267
57107
32112
35577
44412
38358
39323
37525
43729
59614
43507
34494
39743
31831
57281
47660
37618
44750
36396
42742
35054
43846
50175
45389
57078
57736
45741
33386
41132
55482
34451
36805
48635
36915
38012
41608
50354
57998
32874
62275
56689
40701
49556
44513
36809
52448
42923
61915
37279
52631
50529
41643
42449
53396
58412
40068
52765
52660
58695
41280
54334
31183
46075
37274
61015
59790
44316
50845
33429
54908
40918
40796
52752
47712
52138
38628
62195
46283
32691
30319
45533
61165
48942
30682
53895
61868
36665
60505
32678
41464
53723
47978
39443
55128
53829
52743
50985
49353
58967
47648
48750
35785
51558
49736
39542
33199
37949
32175
45317
36669
30305
48208
46708
60024
38042
31595
45142
51895
45230
32310
31579
59131
32368
57040
59508
44670
51705
43894
46391
61327
54070
58361
58246
57500
33443
60271
46187
49041
56149
49705
51783
31585
52798
39910
46636
39905
53933
42566
62599
56285
59412
37762
40194
43366
58638
48473
51624
32873
47008
62542
31050
54150
31423
53008
61730
30494
34067
36410
57783
49838
54523
59452
54016
56412
32209
53657
39884
58064
31343
38228
59490
59717
35058
53668
37988
31200
62398
44271
56313
37440
60354
55030
43050
52822
55293
43598
31373
46455
48704
33295
48161
56751
43318
38864
62330
55641
44963
32210
42526
41708
33001
35195
59694
31512
39632
49670
58697
60690
35974
42874
53677
60716
60133
58840
43679
50600
55797
51353
42766
50638
53170
33367
45427
59196
62479
40139
59387
56702
49722
42231
59368
50142
53026
59300
59444
56701
55607
53775
59256
39843
34160
51936
61709
56916
60819
38747
48497
41764
58289
41178
45548
38476
36591
44667
33651
47612
50573
59158
32972
38899
51232
44914
51187
45390
49698
47288
60093
41117
45997
54055
50875
41532
43140
55562
37985
30433
57427
50663
61799
54385
52280
52730
60016
55576
34177
35297
51178
46232
41400
35481
41525
31713
34781
59817
33031
56035
43762
43421
35343
39072
52669
31414
33496
41349
46025
47072
43505
35834
58286
45028
43851
52024
56978
36575
46050
33882
61680
31731
59551
47543
32920
48956
50301
49264
31735
33798
41452
46149
52889
35645
62323
56749
32492
57892
61336
48677
55623
61770
46084
46792
52266
30651
41955
32032
55752
50803
34186
53820
49858
53272
41820
45058
52790
57576
62446
57543
54008
37616
36201
46365
58911
53886
59440
52204
53956
34522
46275
41157
48902
45873
51428
54386
41553
41938
59384
58322
61665
31645
60079
49380
41089
46519
35303
33313
60057
61315
53454
39951
61287
36558
31303
55571
40589
38986
48528
33670
35020
51774
52769
62988
32527
53115
37591
34337
41643
40594
55377
31989
51941
55620
33435
37498
58293
49210
33289
40635
43465
36599
36710
62831
59341
54282
62286
40910
39146
39304
56537
59555
38028
61881
35706
61091
42857
48146
53286
45309
48575
46691
43448
51762
33500
44626
32916
52519
39396
59144
50570
30841
54223
34602
30718
46096
34481
41739
55110
36087
59966
46880
50004
41834
40333
42676
37013
48945
47644
37596
54040
32301
38933
40366
58611
53553
42959
60846
44003
47891
33944
34185
57906
34306
42162
50182
59102
58137
51867
41017
55543
43061
39825
62970
33353
40964
32598
63125
54587
41055
44337
37315
33271
56026
35381
60121
59083
39833
48325
44608
57295
60005
39256
56101
47561
49662
52346
54641
52301
53683
58900
54268
32553
32049
43500
32509
48896
36505
51567
53958
42292
52949
60079
39598
55049
30763
41128
38990
57352
46866
47303
43760
35746
44357
33197
35652
33302
43799
61232
61269
44181
37638
49058
43708
42147
39826
34390
40723
45760
58192
48993
37037
41032
35642
53406
45956
57496
52041
39925
33907
54642
46406
34524
49830
45731
39389
39709
40270
50402
50163
42202
59801
40956
32313
61903
62689
30766
38657
38360
50980
43730
54865
55475
59828
47679
39478
45318
34351
49386
36187
61604
61874
40913
43994
34316
30794
60441
35410
30515
31915
57333
37690
31107
49189
53963
44661
52003
59091
31890
34598
45433
35862
34943
58309
49389
31553
47840
50291
53744
57494
44616
48010
51005
34418
60396
46201
35167
62148
58189
40143
56180
30915
34071
41877
60720
37601
34121
33505
52773
39162
34967
34728
42561
42706
49421
52180
55192
50878
48628
54934
60771
46241
62201
38654
31817
52506
47756
60617
55262
31996
55175
45946
49514
50431
47632
33708
62443
42421
35776
40614
45405
34751
50949
47152
46392
62528
56772
37541
45115
45458
45891
41290
45416
38968
60743
42206
41040
46100
57465
63090
44176
34266
39950
62587
54940
30917
55463
50726
62907
57481
52854
59627
57171
37768
46755
48229
37735
62792
31726
32865
37470
34085
56981
31029
49158
50499
36728
44627
30680
36295
34427
63261
46718
41031
38956
51707
31890
36734
36518
33195
52905
53061
51637
36057
63120
32959
43578
48112
59861
52947
52433
41263
31113
61151
55218
46847
44869
39338
57301
49284
31595
37019
43354
39026
39086
33577
50983
57890
51413
59539
56787
53477
52923
41425
36291
31128
51611
30666
51346
57976
54666
51655
38326
50488
38213
32808
35425
46929
35117
38742
30886
44186
55184
55032
39389
34840
59946
35178
47176
44823
34028
51050
39927
53881
47612
44053
48872
57935
57084
34067
35955
57254
59279
54030
45029
32931
51481
44648
46700
56019
52167
58413
34867
34748
60624
57158
31949
63416
46586
45552
36567
59139
44639
54125
62169
43282
51313
58873
38254
48678
61756
39168
50341
59170
42219
31630
34982
43929
44174
54023
61337
34348
59674
51736
53443
43795
53169
35821
51954
40185
31524
40869
33308
33805
63159
38915
57411
31574
42532
60262
56731
51270
61154
34811
37871
45203
34470
30769
41281
57922
35627
43885
40369
41477
50991
46848
43168
46022
51390
41814
53524
45444
44210
39279
56670
50270
50043
33939
46587
62445
62236
31810
63417
32727
31350
35435
61722
63393
31177
41438
36605
33989
58488
55554
31867
39685
49164
48331
31248
33534
54396
53223
45051
62208
45484
35384
32743
43549
44595
60551
39370
49536
50017
31863
55310
43009
60033
48311
42735
31734
57179
62844
31524
46923
60413
57647
39873
57813
41403
37218
50012
48611
41845
40969
56430
41750
58648
32999
56573
31603
33895
34630
34168
38583
40700
62443
34531
51178
51593
40777
54323
33079
35940
37877
41724
57851
35139
44378
57161
60188
44612
36526
38603
52636
39472
34341
40759
34670
38400
45156
31721
49800
51104
61496
50893
43577
33268
36488
41087
43709
54809
38536
60337
53007
51693
49712
55246
45310
55249
35565
32476
44931
39853
45718
39591
57170
53557
55457
38172
59823
34667
61335
63475
52611
44389
42693
32657
46767
56401
39989
54572
57248
33462
60124
46128
45347
54525
59669
32481
38011
42799
43854
34370
43954
37888
40705
35126
58412
38157
53735
44774
38786
61538
47464
32866
44685
40767
36437
42379
31424
37404
37081
59696
47547
62954
51373
51319
63262
56988
38284
37247
49307
31462
41959
54595
57424
46404
39385
45250
37203
58943
36957
45405
57998
31724
44223
55424
48077
47797
61008
33412
47381
31579
33886
46292
53304
35388
49251
38735
62630
35794
63613
40174
44422
35453
60958
40871
53765
37250
36101
62353
57326
31059
38509
46408
41084
51473
35972
55187
36716
53583
61982
46148
47189
58393
45739
42080
32316
52788
50790
58240
33123
62888
59088
49783
38755
49532
59229
60725
35194
44737
34413
51180
36134
46802
51837
42865
43763
60121
49055
59620
34705
59541
43303
44179
49961
35931
31656
47132
58097
33883
45855
50130
63743
43301
55661
46946
32347
49004
53515
39351
37719
34569
47097
47130
39459
47938
63223
51358
57244
59469
53496
35771
50789
47632
34516
45369
43065
43051
58173
33871
57727
41784
49908
41741
47903
42833
60732
50423
42645
55251
53392
54515
32836
34914
63377
57957
52236
55086
51778
44440
40990
48244
61303
54112
45583
45895
57995
56317
47660
57232
37202
45379
41230
54612
38478
49144
43886
58677
58150
51326
38970
37436
61267
41649
58599
38101
48925
63763
44042
36635
54982
48935
53794
54870
60933
59162
62648
62914
63414
39592
53163
52883
53711
31550
36037
63797
45462
44380
45457
52184
40977
45886
40817
43564
39614
55995
55787
33385
44165
49773
34628
39827
37611
47634
57168
39164
50056
33330
31880
55050
58811
44803
50013
34106
38044
45705
54220
41317
32050
53761
47411
47171
44263
35456
52323
36653
42040
43224
31734
39719
33201
39099
61155
59677
55577
44835
46415
56173
35562
62448
31654
57510
45060
44755
62443
34703
60833
47980
59724
37996
50572
59567
45562
31612
46734
59276
62263
58566
49449
36047
60337
40214
42121
59973
47118
38978
59320
33568
50632
59569
33553
40860
59451
53278
48631
33763
50172
52634
38087
36398
33901
52432
47882
32814
36750
55949
36336
63402
44054
33408
35578
55913
52675
47678
40694
47442
31726
32136
57648
61138
34402
32721
36583
31870
31854
38651
56062
60410
39481
50018
58868
46873
41046
63771
61974
31557
51608
36478
42995
31778
54056
62433
32529
47470
51924
39079
40670
39980
38826
41338
52201
32513
61638
54228
46418
38366
46696
56004
46720
63711
57674
51439
57617
54899
31792
31701
58135
37054
56256
50261
40321
51771
34964
63603
32471
42406
36750
53850
63019
48409
44139
49309
37452
38005
33435
35778
41276
35587
55376
62721
58340
36955
34774
45641
43527
41093
39714
60292
60021
52063
50605
40220
43905
52030
45187
33726
53172
61144
52374
62814
39619
55906
40793
52091
33471
58357
48522
49828
41356
36662
59471
62267
55956
60470
32901
51065
35004
56727
50261
37554
51352
35313
35592
44506
45786
31859
62236
48457
39697
47310
46743
33723
42640
50766
39323
59035
53163
63050
42811
34689
43306
59839
45197
38649
62967
39480
49664
50310
59674
59889
33520
61414
41447
32571
45944
32664
47222
61218
48264
32924
61012
31566
34359
62330
55160
59175
34906
60037
36729
43069
51541
56673
52990
62950
48945
54723
62837
31785
50927
55672
56072
46554
42524
46505
32460
45575
51878
36701
58684
51347
48366
56639
47847
33313
63518
44706
36709
46899
40125
58306
48271
43667
45441
47948
52720
41715
58980
55585
31862
51152
36345
43607
37485
50588
49409
51841
52142
32027
57402
52785
34324
49678
59511
38587
54832
60687
52469
37691
54334
50364
52205
37593
46423
33303
61798
35915
34024
62509
48205
32412
37474
34550
39367
53036
59187
45437
43718
51449
55542
36672
34779
41244
35814
43226
63307
42135
63897
45023
51556
62285
53227
45576
53009
60498
48184
34704
40621
44901
63182
32989
39701
55227
41633
38755
61697
54271
54593
42438
32404
32662
56074
60222
55601
57639
35738
56896
58769
45659
49801
37467
46610
38113
53332
46432
41810
39094
63385
59333
54013
63395
51850
62539
41187
43527
31900
43743
40526
47318
31871
58046
39826
61666
59987
59357
61413
56153
48665
55176
62321
40847
45671
45129
57256
45566
51040
39179
35288
62604
61924
41855
44031
44044
51972
36287
45024
61190
54201
50994
45142
61883
41173
48303
42217
54116
33593
45029
60319
53435
32841
40442
42260
32700
44701
63858
38605
63661
51961
47955
34762
36956
39296
36742
52058
34728
59172
41089
60980
54338
48993
50723
47554
59061
43563
39903
33216
37284
34341
49693
61446
63059
54035
52957
49826
39530
32914
45470
45098
35573
38151
36478
58961
45230
49365
54434
54967
47487
45523
37848
50694
47939
47869
54651
53562
62413
42089
31896
56640
51755
46973
61774
42179
62763
56160
39803
55363
60191
54702
61589
33895
32478
33648
39125
45716
52747
40523
61339
63422
58522
57847
58126
58750
47503
42483
63234
37221
59657
49015
61216
42641
53120
49067
58432
46461
59979
57878
51482
46621
41317
48985
41502
61483
56944
38941
62624
48572
38138
52298
45368
56342
40960
53881
40297
48837
39088
50093
32896
39148
35443
53053
38847
37082
43051
43797
38331
53725
59065
54303
45315
61531
41155
45819
34306
54302
42932
63734
53287
40176
58884
51514
48707
46440
63161
33346
58930
34819
54830
48017
39869
35446
36883
52132
44735
37699
36533
59941
54407
44427
61311
49761
49278
57123
32961
35324
45065
38122
52401
61411
60849
43353
54704
63363
36738
47451
59342
37945
62640
47967
41871
39177
50817
36012
42480
53394
32870
59637
61861
53569
50027
32814
32165
57798
63698
40606
36072
33220
34811
39732
45935
60109
41864
32798
44166
40333
61886
41368
58950
53061
37933
38658
58973
52092
53907
51766
60434
40433
60670
37144
62339
39123
55601
34159
32305
35636
61257
36595
50367
48060
51616
54182
46583
64410
56306
33384
59150
58816
34238
43974
55593
40528
41967
40212
47135
42577
58812
61883
63105
38823
59597
52947
60120
56642
57503
31989
53805
48021
52521
54346
56271
48458
33984
44776
41552
55348
38200
54623
46545
56965
49228
39310
39807
36929
38719
37820
58974
57586
63940
46564
52550
50590
64540
43343
57899
40694
63614
43624
52897
37840
53179
54989
47518
61399
40226
41378
47746
55937
57761
57898
32086
64066
59950
45208
64593
55296
62821
34082
62113
38598
56435
52568
60520
54204
49970
60340
38916
49751
37781
54642
48275
55501
51271
49825
63926
41164
51855
42107
46230
32875
59255
54770
54821
36705
41005
47755
48807
52340
55721
49007
37488
50997
44944
62144
50159
37355
61017
42281
32491
36813
63662
51641
55565
62324
39957
34801
60319
33167
39119
46107
47763
60377
57600
41438
36039
55368
54033
34064
39303
59527
62291
54475
44884
54695
59621
58563
47075
62482
49623
43222
48489
46016
49807
55013
54550
61613
50284
56035
37599
42890
59306
53547
60033
58034
40070
64279
41411
62305
51106
57806
47099
52000
34218
39773
59091
35204
53816
58890
41037
37400
38389
36324
44549
48792
57346
53407
54711
33120
52886
45983
42752
35875
60136
32851
54889
52960
64591
56004
51617
58130
38567
42606
47370
46888
59384
44366
35447
36404
35154
48444
51509
42983
55035
44923
57160
42173
37837
36495
62454
64117
56281
52814
37770
36036
43600
51770
33874
48714
63140
32270
60650
36293
44266
44183
44988
37765
34179
59589
40904
62240
32763
46338
62113
38246
34097
44226
37816
48791
62648
60508
48349
54484
41342
43800
63491
60116
33195
48009
60996
58072
38348
58909
43045
48609
52017
53746
41754
60192
56723
61419
57421
43950
64507
39940
53403
56957
46302
59618
49631
51343
60813
51631
45428
44389
59597
36388
42997
52155
41153
58599
33351
37490
63505
55320
52186
41422
34373
63526
36395
60641
33650
43240
47502
36679
38681
50409
35626
43796
36428
35587
37957
58123
48402
35375
50882
50449
36621
32667
43751
47329
35674
56061
41572
50944
53177
56616
56465
52212
50926
34012
57336
60337
40551
48611
52499
55636
48926
34393
48727
50963
52673
32332
59761
37492
62993
38277
58831
32958
34184
52132
48226
40877
39230
46707
42146
40554
58125
49780
37587
45754
51699
57788
64391
56950
59833
40196
61541
43323
46546
47870
64040
41570
50054
61925
54251
48947
32592
55128
60323
59733
53636
33384
52205
53641
63028
37872
54026
55961
35925
39205
56103
45194
40990
64621
47074
57369
46257
63605
44299
33382
37117
49533
49831
53482
54243
55543
39483
46510
37783
48977
43335
43967
35914
63503
64784
33757
41478
37916
60322
57715
47577
46690
54806
33740
44597
50840
57361
44931
58007
50779
49293
52283
47719
64641
36828
35473
63263
60074
46825
42575
49584
49431
58306
39138
58146
50368
42835
53263
61562
56224
41076
48353
60896
45908
55335
52966
44289
46564
45850
44955
60083
49377
40052
53796
61399
53936
52686
43840
47492
41509
55422
42365
60514
54356
54300
42408
38739
50339
54847
45960
35161
37668
38792
39628
48820
60706
59874
38977
43338
50170
58375
59208
55372
58924
58951
50056
49943
44722
56453
45792
47960
48785
57730
43935
51828
62637
42846
60152
65063
38881
51547
36784
59499
59215
60133
52506
54939
34037
51151
51781
33752
61058
39392
33140
51884
63591
63374
46030
39405
32560
36873
50519
45284
49941
59515
38175
59055
41420
32398
42426
32996
41634
62512
43503
56695
35018
43155
51636
62430
57333
57975
45915
61810
46883
61355
52486
62745
64952
56785
39520
44578
46802
45155
43663
57968
63194
47091
41572
40923
57177
61111
46805
40147
36109
65092
43950
35910
44093
53914
43651
59588
42825
56929
34281
64226
41861
62578
48358
40668
49223
55961
53925
36222
52287
63897
52846
44100
58631
52849
63446
43200
46331
32990
41779
58172
49995
49953
41555
60577
35407
57090
44398
39831
51226
37909
55384
64750
48465
43836
59387
41789
52798
58221
39941
39368
47648
39862
49374
65191
56517
56958
40413
34853
44635
45581
37819
63847
62852
53839
32584
51790
57256
47060
46172
34461
62351
36892
42257
43103
37423
35602
35119
61827
63938
41430
39400
35018
32540
47807
46534
56803
61756
52897
32993
39124
56097
62283
54613
39067
38879
61268
38899
50453
60657
47896
50487
47136
40657
37629
51834
33276
46022
32507
32617
36088
55549
62299
54198
58442
40412
61118
34062
57918
63891
47458
61770
35219
52980
43425
55529
36385
57988
37306
42430
53440
63186
47828
35302
53862
33543
37184
35581
57999
47039
58879
52625
36066
50711
59780
46295
35345
40199
50106
43677
47105
37107
60745
41856
56619
41340
44566
45919
47938
53660
58632
50704
46357
50674
64786
53329
35768
40282
45934
36097
63198
47041
37670
39568
40074
57144
51673
36020
44007
34630
47548
50781
40819
38531
60639
45036
60003
61026
52658
40351
38212
42319
51399
64080
36318
42746
48089
35424
44637
44786
54798
56046
49075
53621
52601
45388
64312
34439
36323
36531
53139
60225
50379
39989
60638
44396
61099
37620
56325
54606
51581
62610
42351
57796
53374
42984
51937
60049
42290
52731
39071
48374
35240
58155
37332
42627
53247
32942
64563
57900
58153
53821
52959
56223
52463
37901
34952
48341
56629
44289
45271
63975
54912
47390
35085
53028
50101
38975
45031
58720
56100
54538
48324
37006
37572
63522
38409
56466
51648
39838
34501
56400
43827
53947
55185
61193
44592
47565
61115
61415
55046
49788
48035
33750
40386
36908
61796
63894
40437
63677
54455
61454
62391
64885
41237
46820
59883
53306
51484
40266
56773
47365
38452
41755
64394
61331
60274
49190
47255
48478
44989
46538
44709
64459
41775
40643
48203
49829
41917
45379
36548
56010
42267
59204
63731
51492
57306
33053
48036
34267
64468
38484
41749
46025
47561
43188
40373
60463
57418
60831
45099
62118
61398
49573
60058
58712
57924
64085
49956
48495
63840
35410
63917
46030
57561
43946
59617
56831
42843
33892
59512
38765
54008
63832
42168
35540
38092
41796
36668
61429
57313
39451
52469
53646
59216
35488
50542
61321
51113
51764
46932
37236
57237
56556
63029
56625
39866
41447
46472
34287
47583
39391
34030
59225
51025
64509
57783
57612
56965
36082
33192
34383
59390
60483
47867
62974
57969
52196
44456
61128
63016
50697
37347
62363
55204
50489
53222
37979
48518
45732
50416
44762
60848
57014
55694
48133
42407
55276
52505
64859
57915
41959
55936
40612
51819
36543
39495
40927
49539
33945
50640
39804
58503
43388
49114
48331
63188
41824
34375
64181
33285
51848
61730
60074
44308
46098
58080
49114
36545
51917
52710
51880
65336
59978
45900
35931
44270
45110
65249
45847
63692
63462
58479
37389
56719
46132
41536
59886
58991
39818
52448
38309
63742
55868
34853
61253
63060
48923
53613
33088
63337
38471
48935
55259
43202
42564
55701
34526
35152
33616
61647
46992
37013
44276
37900
53986
65544
43482
36381
39915
58299
38366
35642
52884
34363
54887
52225
38549
56247
59640
35260
62112
43109
65538
61411
55259
58914
57853
52962
43412
44377
48822
60443
55601
42277
61163
37679
49765
48826
53781
52345
38826
49153
48773
56540
62187
57730
47026
62143
56960
33671
57042
42069
60000
48766
53671
41762
41362
53920
60316
51387
62437
47824
40208
57549
59361
59078
52466
54368
43261
57452
63630
39517
50707
57480
34214
37198
46096
38556
64197
42598
59632
43018
37328
60865
41706
43644
55518
36844
45031
40323
54601
45224
51513
42879
56582
45803
55178
39358
39473
65064
45842
65512
60652
43216
46094
48794
40810
44057
42861
34129
41031
34046
64460
38794
46875
59015
47780
45351
59214
57674
41410
35349
62766
42034
61688
48428
49470
47743
49171
38486
60881
60174
61708
35828
33496
40155
37507
59261
33785
58564
50792
57704
44257
41104
65788
46157
51162
49967
46072
60231
53920
46659
47627
61340
58736
62688
38538
39328
36963
50064
56676
51414
41722
43419
55124
51033
37370
36741
46682
64634
61306
42711
61035
45739
43322
65315
34408
62620
33078
60482
62797
50595
62587
41440
57259
47457
33850
43067
51544
44707
38171
36391
36708
45446
55507
64598
48720
51423
62969
36310
39035
45785
57877
37339
57565
54496
41467
39615
48631
58046
58455
65095
51466
65796
43656
43816
40328
59052
62386
63433
64712
49660
40462
52811
55805
58542
62085
55751
57961
64333
36478
39126
54734
54242
40948
63831
49958
63440
42955
57708
64915
40189
46692
51654
56729
45618
54895
52515
41611
35525
39424
53524
34883
60789
64997
44036
58646
35477
38712
60534
58376
40301
48944
42382
44859
48349
45372
58579
40622
40771
53075
46387
48932
54687
65669
54088
50529
49653
56791
63193
49564
52467
41293
54692
42802
40660
35656
50010
64664
57220
45586
37612
51091
49669
61368
40197
35243
57105
57880
36823
57565
41729
45370
60443
41104
53997
36836
54099
63178
60693
43624
35667
61860
59519
63425
56063
63739
38882
41182
42070
36969
46019
62014
57264
62835
53214
35773
56387
60932
49095
49838
59884
56091
44753
59945
53293
58304
61231
62886
46706
52284
50265
43467
57752
52617
44210
53123
60079
65800
61031
40272
54015
46194
60314
51938
39242
47633
65984
33512
46161
35120
63559
42790
38553
49872
49788
39624
40815
61084
39085
34550
40234
33823
44170
52648
50352
37941
64721
40636
49724
42687
35883
58182
51038
41115
65361
62247
47683
50644
58994
51425
59958
44053
46553
42921
60775
45412
45515
59326
35819
51980
53678
56570
56325
49371
56945
35750
62372
43150
53287
40851
54060
46474
44789
55654
60793
45261
64303
58932
61730
44323
57534
54607
46842
52125
47557
41055
63965
42047
42116
63924
48041
42745
45180
54490
64394
35033
59091
56686
41339
37246
45563
53297
49929
56528
59535
59995
42330
58606
65405
58162
41071
59496
42858
41946
51110
65711
55634
45423
64387
64713
38511
64849
51375
54345
57181
36799
47169
50815
42619
49320
62781
63980
49556
62141
60250
45048
40639
33995
49929
57576
49283
60744
57010
54282
50495
46124
48449
34866
64969
48898
58849
65642
55126
41790
49415
51430
40090
62161
33459
51254
53808
46843
35315
45247
45627
36192
55720
42604
35662
39775
36492
60577
34441
52127
63092
45169
39173
35306
44243
49936
42099
61759
57472
55435
35583
40994
42681
40630
47739
42807
65383
49254
62137
50703
61091
43233
52024
59970
53114
39827
48131
42174
50157
62467
44503
35166
58940
41477
54660
44223
40805
46640
56981
46159
50919
37522
43315
44198
61387
37795
40775
39450
34533
50552
58591
63373
42584
63801
59347
38794
49752
52949
37544
39825
37684
34548
42676
62894
57491
45358
65923
43088
37373
35450
53626
47193
43166
40937
64954
34162
34375
35220
50504
64673
42422
53714
55658
55581
43031
56495
63316
59233
56267
58266
50435
65151
41063
55646
62826
41911
52224
51796
63436
35912
62886
36054
46697
61830
51502
54774
43100
60205
51253
34416
47812
50165
40033
50142
54562
64614
57066
45611
64770
61422
63833
57674
56542
53297
33680
49960
45631
60064
49931
48607
59173
60493
44901
44588
55977
38909
40990
60963
40161
41599
34715
46113
41476
43325
57198
56835
45262
63249
43480
64661
36902
35674
44172
45901
47103
38734
51382
49210
35196
58770
37948
49207
53847
57352
38980
33636
40835
42984
55542
34263
41744
62482
35459
57486
45392
43426
38758
50856
39224
58053
56298
58069
56328
55244
47852
43276
34863
56959
61410
61564
47976
62388
49692
59844
36906
66336
64842
50534
64063
57708
54079
40569
54962
44171
35572
64927
45807
34380
41168
34871
36646
56619
48166
45012
40944
46957
40448
62957
54069
46188
60699
38870
40013
47151
66354
46830
52069
62781
40831
53531
62501
51379
41600
40307
42896
40085
46839
41276
34091
50274
35892
37143
59233
34795
34198
53880
44838
53348
66384
45401
62171
43964
43113
40496
38001
39466
49671
34846
66258
55817
46060
42857
43644
42469
36417
52268
55663
39126
45202
34125
39498
44300
40475
46000
51889
34988
59202
56746
61681
36059
52324
54969
38119
56087
64980
36722
40990
50382
40225
41402
35127
55593
58264
60729
52878
34089
37386
55308
33818
63990
36304
34746
63637
52596
53003
42602
46557
35094
33840
34899
57499
39671
36549
50547
47906
56615
48485
39812
53146
42818
59146
44076
34141
40520
52108
60276
42401
46760
56676
53883
37720
40094
55478
43628
47700
63167
52111
66477
63919
46803
62315
44377
36202
60642
37882
49393
47956
53394
43811
38478
50989
62640
42570
46042
61964
55564
64718
36608
35070
52874
54230
45281
50928
57718
36686
37705
36303
48664
62508
51681
47853
50056
49144
52134
39591
47300
55691
61593
48965
55296
65303
63416
48929
42045
38247
43310
40460
48413
64616
59591
58861
42230
36073
52390
45739
44325
41887
35898
46413
64677
56684
56174
62048
58592
59616
34336
49049
63684
37121
57301
50364
39450
58695
56235
66492
61715
41707
57487
44068
66084
50018
44463
48565
54804
54308
58162
48721
59476
64433
66343
34584
53134
53206
65212
60624
54400
57644
41905
51082
60171
40931
65036
40322
49543
64957
66061
62792
55898
61789
37476
37661
58313
48834
46754
42400
49678
43279
38382
42410
65450
61837
35321
60790
38908
51186
56884
51973
53267
36836
36672
37312
37313
40889
40613
61280
64752
56449
52936
34827
41785
55110
56087
40383
41395
53138
65671
50932
36105
48946
59968
63613
58320
54074
54934
59056
64279
63049
34876
65990
39231
53262
55220
37253
45837
56843
63754
46108
65277
35225
51650
50254
53977
57133
47887
60114
65419
51929
44102
57082
40752
65046
51601
39572
35181
58048
49896
34062
57862
48994
61245
55773
62892
61620
45047
52766
55575
56418
43170
47486
65109
65807
40677
50776
46178
51098
38580
60702
50424
63904
65222
48890
42152
65858
65866
50101
59690
54824
52438
61143
63986
48069
59808
61456
44803
46301
61168
58070
53768
53317
44245
41296
46497
45803
40472
48755
55035
66326
46702
60267
48547
39150
57585
52284
36252
38974
49873
65449
65455
55161
38471
56917
46082
47099
45515
46376
37612
54162
36743
65268
45064
41789
59659
57688
58248
66355
47938
61669
36300
47143
50853
65664
47412
55755
57262
65543
36402
50835
41872
44600
52643
66747
58661
41422
50527
46219
58920
60908
62222
63450
45220
58815
51518
62161
42156
50016
51891
51697
36429
46583
61438
49495
55233
39718
35666
57663
44005
59301
40594
50120
40174
66345
55214
61431
41815
39819
42800
58877
35101
45862
42258
49341
38191
61057
47059
37001
35616
58670
45514
54060
54048
63985
55481
44334
56874
65061
35749
51283
39551
42076
64229
64357
35922
34374
42618
40755
57029
49620
38558
46298
65812
61852
66207
49475
42000
66688
55790
66029
43984
47242
58227
57069
59811
48411
59172
48691
45640
49221
38358
39950
42082
60277
41811
36083
45862
37717
50860
35962
51543
40688
38097
48553
39028
59928
59742
65653
59440
42756
53688
65670
64034
66366
44633
41275
54718
37821
65128
60142
36996
52301
35213
56697
58999
34360
56323
52216
46801
55839
51439
42449
47349
53545
59120
53490
64933
45408
47863
63834
36981
59735
66905
63963
52607
57104
58658
49694
48985
42526
50605
56807
39236
57607
51825
65946
41382
53740
44318
49151
41147
56940
49641
52546
42887
35525
38435
62270
49935
45116
56593
39674
61384
62144
40696
36724
57680
47562
56951
56734
62044
45191
43033
62887
53490
37177
49195
61819
47832
49115
58059
42125
56908
63491
51778
55508
45813
37389
61332
56595
57114
41846
47445
51294
64786
65158
36029
38618
54523
54578
62719
66500
57007
66368
54487
50357
40948
50092
54882
35364
47859
54603
36147
59692
49388
53934
65187
37519
40231
49481
66664
64252
44078
39892
48490
55437
54073
56306
65746
39316
44010
50961
34659
47255
38970
66193
48909
37273
53940
45864
64703
40091
52961
43909
65662
45411
65027
60979
65460
47228
52229
34497
43466
60798
59571
65056
56056
38544
45351
61004
61788
54570
52611
63790
63562
62496
55014
42690
40420
55004
39320
61045
42730
60906
51080
61393
54483
54459
44793
40539
61980
64674
51576
58556
63712
35107
46865
66336
34729
49517
63938
44252
39046
47909
66864
43347
44637
41573
63129
64538
60547
49925
35082
55386
52362
46873
39378
58230
58970
57018
53558
35566
65155
66826
50022
61828
52946
54898
40368
47005
48419
35886
46068
41705
62581
61708
66136
59718
37956
41840
63292
41698
59923
47260
39281
42912
59720
42286
56997
56254
54588
36586
50722
44980
53651
60346
35769
55135
52425
37363
34552
64606
63758
40410
35492
61373
51028
53351
55395
40656
39078
52041
64696
53090
39355
52777
42804
59152
64715
55603
53995
49647
66977
55507
54054
56437
39922
48828
38999
54422
55277
44079
49490
67117
48403
37242
52409
50846
38729
59071
65208
66489
44587
57846
52979
51682
49828
52789
62141
62831
35515
59439
55179
37714
40880
58364
41384
46328
37448
65560
66346
47985
39269
51629
65316
56784
36569
62997
60701
61141
44668
62874
53441
42441
52093
41857
55767
61098
61429
46920
41075
66952
39618
56107
61805
57647
36754
35821
48913
45318
60734
42452
35352
62007
65114
49910
55000
57360
63498
52915
66231
50090
39702
62083
36325
59080
60225
49138
44363
44545
61655
48104
47294
40482
47238
44846
51577
53454
66926
57390
40138
40039
59771
39418
36619
62258
47091
42128
49876
48565
67147
37469
51311
46180
44863
34559
55692
64637
35874
56143
64822
35889
55410
49823
43014
39428
62383
54592
44183
39798
62829
42056
36921
38627
51113
47761
38890
52392
47961
44805
41346
64391
52038
44057
40237
50253
65822
37016
47902
61617
45253
36258
41346
41344
65005
58868
48819
42999
57318
45674
35759
36464
38839
53185
53960
37954
52333
55714
52893
41186
49587
55004
46408
62030
56483
64242
66521
35499
60124
41173
40452
41260
57301
58098
38422
39479
64625
62575
45357
51907
38099
40882
64425
35589
59507
36388
66014
56395
49265
48436
65803
42536
51242
50334
42128
52945
54282
53741
41819
45767
35489
64830
53668
49078
41976
56136
64218
46749
45861
61593
38877
55600
44573
59938
46445
67195
42954
48886
40675
35527
61533
40783
41246
42689
36838
54482
63937
37337
53025
63508
50844
64489
49811
40796
35175
53783
35798
60075
37814
51964
50482
37113
61225
65030
52077
53954
38371
35354
55779
62913
36670
36734
44249
44540
50365
65783
40462
38912
41795
36910
61331
43118
56450
47448
47325
46262
56501
45590
43545
63779
51346
49050
39359
49176
38778
47116
36970
36505
40436
45868
50919
64012
40025
44600
51851
35649
42449
42768
48074
53937
62333
62104
56070
37379
63478
53854
55205
40661
50935
36221
38246
58040
42326
37057
56309
40060
54585
55819
42173
50863
62086
45815
64253
51040
62363
65213
41502
52520
41536
40789
63044
64876
41177
46559
47907
55260
53217
49729
52500
62271
42899
58898
59495
63347
55786
52919
64251
63663
53452
35531
46093
38924
56450
52933
50766
36164
42604
60628
36920
64953
48115
66574
40609
50361
50622
43722
48529
37120
48937
38986
35665
64382
49651
37278
49604
64347
47670
40388
43514
56121
38557
50452
60931
37817
51409
57308
48385
44864
43572
47175
62849
39675
39122
66435
51724
35104
57493
63010
37880
51319
50360
63425
51332
46362
48509
47592
50213
42617
48675
46642
57370
65184
38674
55214
67142
48829
51290
54148
46911
50396
55387
62684
46755
38646
66245
57339
53675
57130
54212
37039
62466
64842
66420
38894
65239
53657
42395
56506
38449
42195
65943
58439
55426
53614
42645
58720
46208
37408
36868
43783
53552
39329
61002
35420
48195
55218
59317
61376
53926
36702
58804
51001
38741
41600
49735
50200
60528
46725
59828
52186
58000
38515
50300
34893
37467
63018
64909
58612
46166
64235
63673
64427
60155
44310
36199
46222
62220
46904
55688
40216
44582
38468
49357
47752
48025
40737
60439
56201
37751
64869
56624
44305
55275
36705
60088
38538
53452
50013
47202
41264
50546
55844
65376
61114
43209
45764
47899
66364
52131
66447
36392
58956
35155
42085
62327
57188
41591
52790
36814
53639
47637
62402
46966
64039
43242
38819
64565
38727
39678
50062
55164
47325
43900
66774
50400
49530
62145
37425
57550
55852
47795
65215
57211
56740
52564
40520
61467
65172
37271
65222
57427
44379
60018
39715
37872
65764
35892
43843
42201
42699
48153
46405
48962
40642
44571
50182
36387
50484
62732
59111
52201
61736
47330
57041
52075
43367
42834
40054
36127
46305
53920
62425
46222
35405
62133
43280
61957
58128
48242
47688
46222
62816
49988
35595
47134
39337
39160
54462
50192
57135
40913
65646
44498
54262
49880
52684
62431
66527
67700
60277
66797
62227
45882
58487
67431
38820
58630
67345
46365
38514
63563
43195
40763
51020
66471
60262
61047
50264
48059
59397
62351
67765
42809
57932
39923
57950
55614
59832
40638
47954
42467
35791
62955
65010
66831
64425
63430
39082
38799
53935
42144
58579
66152
52899
64711
62680
37995
45281
62134
36248
59915
41700
52616
53004
66412
50187
36787
53290
65724
50333
46578
45577
63686
45580
57987
60997
40388
55414
51347
58533
42101
56689
60407
60411
41328
63496
35100
59980
53432
59905
47425
47153
64400
40546
42723
54141
61585
37171
59001
42272
49657
58500
51042
56908
48710
50866
45340
45270
55044
36327
57526
59102
59875
44256
39560
40370
40972
58611
42017
42992
55221
55632
39553
56043
52211
59271
63625
52048
61136
59722
57775
48394
43422
50036
66806
51810
63371
58955
44062
67179
36469
41730
51991
40605
35327
64131
41916
49088
52452
51563
53694
49676
35979
62805
53982
57486
47836
65371
57184
65485
49747
40922
42684
51118
51282
53110
50326
38037
59836
57694
66032
66509
42431
37585
46751
40746
60145
46050
57083
60396
64159
52600
47579
57575
38497
59544
66241
67553
44018
56039
40017
52796
62271
48234
48904
51413
45758
60049
65578
61227
40449
48244
50428
37316
66187
52316
63028
36812
46818
64133
67502
36864
65510
36130
43104
49354
57440
37282
44688
58285
67294
58162
37956
42980
52671
64131
38907
38982
65930
60109
54682
41069
57732
45076
60329
60695
36481
45738
65727
43980
56314
41973
48443
60866
46944
39026
36149
45565
39344
66298
48821
55994
46920
62788
53282
37390
57849
51628
66301
57803
53597
39474
67279
66211
50538
43206
53343
42640
46920
40131
61737
49779
35936
47545
66316
39675
65462
62319
64579
39112
46456
66344
65430
42960
44247
57894
64721
42498
66581
52589
46454
42282
49887
46793
63919
66581
40670
50962
45446
41717
61065
54703
67160
46854
48701
63833
49287
65906
48015
38433
44400
60787
60129
36021
41373
55735
56115
61151
60219
37128
52284
56654
51406
46636
64185
62105
47139
42762
67334
57217
45446
39695
43499
40055
41782
65744
43960
54366
49430
57073
53652
60561
64677
48197
46354
52776
47408
54070
47621
54391
36935
37992
38550
66776
47725
48281
41363
62379
61459
65996
56074
64154
54984
39846
58135
42018
52906
43800
54010
61518
46112
50494
44140
54982
59851
42375
54068
43529
48825
51991
50421
49143
66780
66921
66378
66450
60347
46137
58388
54277
62312
48801
48147
54502
35762
66946
38836
37816
45979
54565
63018
42676
44301
39458
47808
43209
39112
56705
51310
46817
36511
52256
64426
53862
67044
52564
63104
52484
41505
60627
62181
41393
47112
39890
36681
57067
40621
36202
51563
67137
41203
45632
39793
66837
41796
38757
61240
43680
53638
44155
56297
48951
59722
46362
57805
41164
62534
59762
39010
67767
67333
68145
66222
57015
55261
60327
64979
48435
49698
48167
64996
35526
67993
68017
36087
52475
61999
51919
49275
38997
65515
61117
39116
49555
62242
47308
65285
46129
54506
60168
54550
37426
42960
66585
52246
65821
37070
37991
62682
51270
35959
61058
48838
42062
66677
46784
55523
62445
55605
38440
43314
41455
46049
38030
52800
61565
46223
56832
57083
67998
53432
63329
56516
63742
62955
42580
35781
62189
50370
36956
42373
36010
63510
54593
39353
51682
52335
43189
53598
41844
64446
44855
43012
60279
41295
41528
36717
45694
39417
65404
37206
37402
46232
51140
41877
65697
50877
37034
66148
37422
63907
60876
66813
51945
58213
62764
41063
59017
49263
58071
35983
47383
57650
40901
49050
36084
40989
45057
45946
41501
62408
52233
43455
45742
61810
43384
57776
41125
54189
46818
62619
45289
55640
52992
52329
63371
37070
42765
59509
55627
58205
64623
58527
50782
62714
50586
63132
37486
44082
59954
54672
36323
63076
50799
49118
50273
39982
64966
37694
66705
47653
57542
43793
38181
45513
59968
63730
47894
42680
38826
35726
62768
56353
41157
63413
37073
67196
53886
55217
64494
58744
37138
54486
63574
47669
50550
61274
37947
60852
47606
63591
35822
64396
43548
62063
63722
62686
68051
52160
61972
44938
51148
42840
65857
62883
36641
43002
37369
51489
52281
61825
48507
36822
63723
54389
38912
48036
62438
55260
58180
49900
59216
38226
51779
64841
66221
39772
68160
47231
35843
51706
44300
39342
35899
56699
47237
40652
39627
39829
63325
54353
35986
54965
48925
37684
68099
48020
55145
56087
53382
40203
59013
40127
41755
45608
67352
67782
44609
64129
60208
46740
58134
48328
45191
46987
36287
54176
51717
60034
43786
48303
41605
41845
49490
40437
56540
64378
49316
46428
54551
56567
44575
59024
50949
40979
40609
56080
48630
52074
50336
59526
45505
52485
38229
45396
62732
49033
51488
45935
55495
36782
47912
47472
43258
38387
60482
57832
59073
63633
44308
45300
58260
59821
45946
57362
41420
38353
40744
57395
40547
54941
45457
49682
59388
64954
48392
63683
42787
52240
36645
43663
64469
59705
55915
66559
54339
61237
58151
49463
41171
56927
62363
57733
67944
36255
56156
47418
67555
60130
65017
54713
35818
40903
46301
59341
35816
61083
67703
43072
42836
56200
66712
60073
48695
62985
44060
53893
41448
54945
53196
56969
49946
42189
52355
48695
65817
47415
62608
42416
65105
45100
43100
37833
40464
65616
57933
48736
36749
59793
47593
39153
68136
53337
41535
43364
40691
55560
59266
40745
50034
55201
45048
57479
63903
59331
66578
66097
47409
49372
41437
56603
65054
39577
40857
46731
41055
46497
41382
44659
55539
56450
42920
59390
38950
61675
46307
41065
37139
55581
55271
43028
40552
57756
54642
61913
58473
59178
64146
44188
54328
56565
55818
39715
62547
66320
63735
40488
37470
57632
44723
42157
49699
55640
48122
63120
52695
59303
56651
36191
64414
57647
56465
61293
52306
51194
58883
49446
38784
67304
42057
65695
43188
43500
59360
40818
49655
59000
56767
61128
42901
67638
39227
37303
39204
38393
62760
59855
56257
49907
36929
45551
47517
65576
59594
47965
39609
49698
56179
65814
39661
52967
67968
66915
49455
43048
59943
44461
48146
58811
68409
37010
51085
37964
50437
59961
40958
60495
58746
43746
42606
62776
38539
54209
39447
59631
66520
38412
68387
60286
66442
59475
60087
60173
50814
67088
56368
48145
54183
36223
43949
50624
53933
44975
36301
53960
59866
42713
36026
55872
45879
59122
50790
54495
36082
48252
57364
62060
51459
52641
54043
50037
65551
45442
63206
43844
68493
37325
60480
44559
60199
68237
52686
61295
39267
48199
51677
62739
37762
50242
67935
65974
39081
36646
67631
40014
58430
47561
49821
38791
59285
62533
56358
44399
50892
39758
41859
66419
40179
64450
38886
43658
52080
62594
54144
61360
55458
60033
65350
37014
41413
49946
46069
43160
58390
55463
60499
59887
57655
40271
60600
63272
41684
57375
50126
61652
41351
59484
51349
68482
54009
56088
47530
49642
58187
40708
57800
63339
40372
45701
58767
40632
51307
43018
40580
47310
63431
48284
42842
49193
40100
48311
64880
54327
53770
43864
56218
47373
44553
57175
45604
65369
39399
68343
57364
59543
62846
57788
37296
56200
68063
53372
59456
64736
36667
64441
53013
49215
51716
63534
41418
66915
66383
61864
67530
38300
57469
46103
43282
38272
56858
51941
41017
48863
61957
43654
52653
63226
39121
38993
61503
38127
53868
50318
42722
60536
53758
51920
49071
61653
58644
68741
63533
66567
54782
39371
37584
50751
52597
40069
58815
63894
63362
63918
50906
52734
61339
40174
63740
43385
47118
41579
65149
49289
49315
53986
62716
37607
49276
42486
56923
41079
59201
48840
64266
60028
43386
38599
39305
38153
44092
51914
65320
48312
37896
48732
52754
54429
47856
67926
68745
41085
37371
58292
45427
40764
45515
66465
55830
63893
56957
41428
68896
51470
66257
38943
44778
52010
59019
52805
68349
54496
42009
59661
38614
39500
41333
61332
53734
40613
36941
56039
59101
57455
47458
50129
61992
38385
38702
41714
37304
36330
66505
55057
41478
67712
65037
58804
52308
40057
51705
43501
51765
64685
61523
58742
66127
45499
57745
59392
57952
39932
49146
49353
39551
53685
38153
44653
40357
44433
62994
49406
68459
41294
56359
57942
59157
41142
45885
47276
49104
47313
58507
38758
44600
42841
57395
61998
51997
67182
59940
67144
66439
57483
44607
44579
60919
49337
57273
37678
66800
37634
59328
45548
60086
59689
59233
58443
39510
63384
37033
58930
43494
56986
39690
67673
66062
37834
55041
66909
44744
65484
42230
44308
44387
42042
54116
55838
56270
56801
43065
58812
60691
38702
39296
69093
67362
65251
63805
65943
60880
38670
39064
67436
57119
45116
42558
62061
66752
42218
52229
55594
40662
59708
53199
49931
52221
49906
48048
49121
37515
48535
53587
40384
36630
44795
52377
45329
60470
57316
47492
58083
67467
44289
57684
63874
59394
46111
37615
53067
59733
57759
51846
60350
49361
61992
64630
45781
48988
48281
67436
40596
62646
55362
37325
46818
38911
62291
54869
48023
55674
60820
41982
46294
65936
68439
38179
56733
65816
54444
49637
40090
54997
62675
61902
65345
60992
44535
37044
60187
56200
46361
60128
63841
39128
68170
62576
45257
43224
41245
40954
37280
49782
60764
67698
43033
59878
43002
62030
39141
39655
57417
59367
56323
59465
44397
62755
39386
46252
37905
50769
56965
59530
62552
44628
38766
51576
37910
55300
36638
54952
39233
42705
56147
52915
67746
68266
61779
49813
40144
51997
54401
55801
67935
69055
37678
44216
65109
39886
66993
54684
65501
43797
66490
41577
58944
44560
66531
66846
39440
61265
55688
43640
57511
64546
66777
55736
52432
41580
51501
65958
42947
67031
64922
38614
58967
36915
52162
42794
65139
49431
53487
50840
45253
41159
54627
47405
39607
55899
69097
65106
42143
49438
39856
41295
41014
50485
48729
62221
43852
39809
60495
37152
43706
40134
50519
56836
61847
40972
37736
52903
59567
54341
52668
45352
51760
56625
53799
53471
50599
46975
51368
39837
41003
43061
58686
44085
42200
47953
64508
56891
63872
38320
39776
53003
43932
40496
41185
61453
67977
49682
64455
69176
39921
55458
37439
62165
54151
59929
64687
65926
48887
56770
68423
63366
56604
54108
51673
45106
57204
43968
62954
37577
61650
66755
39689
68976
54355
44126
51551
49529
61587
53004
39560
50404
39713
58740
63649
40230
47152
42312
56226
55082
66191
63853
61678
57494
36827
50524
57641
67151
58611
63432
43082
48191
44716
45185
46065
37462
62150
64920
48122
64206
52511
62404
67922
50612
68903
42500
40713
62884
51092
49286
63913
53716
45143
51912
55495
55635
53454
54525
50903
64403
60987
38066
54085
47654
46197
46257
45761
38853
63709
56357
47578
63638
43412
45312
58830
55215
48363
55706
59296
62934
46363
49562
58732
58762
68663
42522
58872
38984
40030
44294
39563
53511
55349
68549
64258
40965
59284
65820
59424
52165
64640
42575
51238
52056
62554
56201
53667
46557
39253
54141
63630
52036
38958
66126
45458
64087
65047
62380
65449
67578
54004
52289
65516
48049
41929
64075
59306
46436
37235
55690
43191
53343
46999
52828
45062
47005
65497
39975
62074
69446
46414
64247
48122
55158
60467
45160
62660
60480
37343
44999
53507
50931
47350
66932
40611
58523
62944
37258
42340
62923
57209
54722
52525
48026
67594
55957
65188
46572
66169
61345
61947
67315
51132
52046
57356
45045
37011
52657
51625
68431
63351
60081
51501
42938
63181
65384
41559
59597
38752
38604
66649
37059
58126
57742
45611
38783
61378
58690
66853
62157
38562
42689
64973
46059
43913
54219
55022
40520
51383
45041
52970
39819
66247
51378
39760
45271
39138
46309
47793
55629
62771
58199
39088
59859
37274
48308
47193
57876
38053
40107
55476
52936
47804
58957
51097
41270
57243
47030
54981
40951
48134
65776
42798
54524
43959
66068
48788
40147
69532
62642
39769
47909
41023
58483
47762
39044
50310
64253
50270
68963
49308
49943
53879
56934
53551
42766
66822
52701
67292
44631
55740
59019
62951
48757
63774
58283
69168
58142
60960
55861
44898
57753
64502
67421
52590
39786
67111
59484
47416
66609
48867
65396
57743
44752
69526
59950
41059
46540
61373
44263
59442
66294
40441
55178
58820
47690
61281
59295
59928
52247
43293
68485
45214
62048
38961
43771
54695
40322
56214
55526
37145
37912
38031
37454
67943
51740
61754
61097
53952
45903
50533
42332
61063
38106
42404
68735
57092
39477
47264
62688
41817
45384
45746
67403
44983
61904
44977
67337
46545
37893
57096
40359
53649
47738
46603
37881
60938
37700
40075
40029
63151
37982
51111
37444
43202
55116
46822
53999
39183
55295
67459
37751
49625
39673
37384
55312
44309
65201
67102
61582
69334
48185
63652
40489
58377
56094
38910
50813
59746
40080
64176
55253
65174
41410
48171
49832
51659
53652
56294
44132
44876
49520
37553
49003
61826
42353
37447
48219
68896
68555
58146
45203
42397
59239
54419
62963
38375
44493
45841
57314
63830
68679
47314
47510
49374
63555
60568
63888
43146
40698
58062
52837
41253
63567
38099
59588
66106
65786
49814
42677
38976
57317
37475
66591
58126
64214
58108
62605
39061
48719
66540
68145
49101
40115
51224
69162
63472
67753
42647
60930
49127
61125
56771
41595
53761
62054
52368
62347
59371
61914
63005
48549
64221
38345
58249
39994
54289
61392
55304
40320
65913
60524
68406
58226
66225
39962
56747
54808
49715
38844
48079
51976
44746
66623
41711
50733
67913
63867
64657
47047
47740
53338
50181
56243
50527
39997
43581
40429
43406
54171
43999
43091
51709
60395
52631
64939
44009
60613
62130
50664
41486
48708
66025
44969
47131
46766
52346
68355
62051
43863
60286
65920
46549
67778
67446
69479
60462
46602
48679
41534
47213
51072
39592
65678
53127
50326
54201
57062
51549
66812
50262
50722
65003
59656
53900
44781
49858
61787
47244
63109
40120
63938
58366
69823
47582
39770
57239
39754
51122
63992
64238
46647
63894
65735
42123
50617
54145
53811
43585
65834
68853
61190
54207
62287
41009
55505
68449
53213
55719
45966
67916
49724
64432
43651
46265
39306
51839
40042
44945
62947
37971
53966
49211
56032
68081
51384
69041
52061
64338
50315
57818
53888
52377
51501
58900
40439
46920
41575
69135
68992
43954
69775
42210
56239
59060
55140
45144
50156
69536
46137
40587
51643
62074
65366
61877
66880
43623
64667
56898
39170
53346
40806
69418
46319
66097
50615
66685
51872
54679
44690
49216
55007
68556
44965
46455
58470
39210
60971
44419
44010
54569
40720
38830
62808
59021
37462
63237
40543
49118
69047
57958
59950
49177
47756
51929
65151
52133
43757
64547
45524
61832
47642
68505
69376
61659
52249
43315
45546
45691
45217
67297
57742
68354
44343
51746
68420
55542
62103
48082
66373
54080
65877
43587
44651
39903
49604
45456
63800
60125
54039
56878
49178
58754
54726
56772
68845
62921
46388
45629
52674
46608
46222
39707
59615
50451
49910
43278
53767
38427
56033
44997
66811
70003
61629
68100
67904
39196
46296
58359
58147
50625
44157
65478
38395
61421
58976
43113
39854
55676
52795
50878
62838
68432
58298
52440
47589
47941
55445
60314
50215
52838
55803
50821
59528
52065
67895
39375
53813
53560
59278
67253
60999
58938
47462
64018
67581
45874
42158
57647
64073
65246
69241
41181
39567
64930
64492
66241
49321
51582
64091
68848
69678
38462
53935
63420
59124
62960
68619
46541
38099
49563
65967
49779
49324
64046
69660
43578
40618
46519
40312
65983
56264
60629
65845
48835
58004
48240
69358
42878
56626
61351
51345
52277
39075
58890
64451
48911
44360
43530
52864
65061
69793
52141
65282
50136
62555
54151
56037
45415
38538
57829
45448
67521
59187
52811
50614
58007
42765
56097
66182
43446
58248
53673
63359
44180
62479
39476
57344
39976
56458
42134
47583
55039
47400
46295
44881
48013
38747
59435
55306
62657
57380
67108
38309
62684
46992
61991
69445
37506
62851
53533
69757
64529
39860
46954
53101
62771
60665
62243
56878
37551
68037
50811
52081
59525
46574
42623
46690
56889
43956
53764
55763
40303
40960
54493
53910
52920
56297
52049
42282
39084
69500
63948
50843
38201
49597
68820
44195
45370
66025
38207
43285
43595
48638
38051
38011
40668
57981
44559
68606
58501
42863
52984
50823
39065
44710
58486
50468
40702
55109
61617
58029
66364
60035
38037
67239
61395
66987
57806
65384
45010
58727
67824
51068
61093
63039
47093
47688
43567
52829
48365
64493
68377
62611
49393
39024
38761
39071
44889
40471
62294
41133
40239
46870
42074
45085
50403
67178
68234
68487
59967
52230
66595
65020
47774
37933
61285
41871
64857
63007
65188
48404
43139
42487
70300
61736
44502
56788
69381
40562
37868
57911
56679
41768
44979
42412
70192
48596
70171
53165
59396
60248
65041
43715
66900
58927
64177
48622
49202
43767
54711
38215
54371
42540
43575
64996
49078
61239
49039
47356
47253
46247
54425
59979
62170
48574
43813
50616
42724
42287
59302
49206
69353
45350
39211
51176
52877
60553
64913
51080
63668
58749
54775
63753
42901
46381
57203
52091
56081
46279
50179
57392
69954
66502
38855
58141
52566
50039
46701
49794
65694
43958
38124
68046
68066
56569
56181
58301
48888
37777
56230
67523
46228
41004
46850
38573
47202
51613
51614
43654
45394
64480
44316
40375
55860
59480
59357
52595
68228
64348
40051
56146
65927
51954
52565
45628
59287
58074
67799
53897
63930
70095
69977
43366
37754
39945
54718
63355
68337
63238
52768
68299
70436
62090
69825
53211
39058
62181
45893
65046
52236
41076
52255
58224
53190
45162
43082
70474
47791
43728
67897
64661
58878
53707
65296
43835
47373
69150
45844
47290
59243
66799
46688
45074
54573
47822
43227
59618
38276
59379
52326
40398
46997
57799
55386
49699
54660
48551
41265
55998
39378
69860
59523
56874
44778
61966
59701
57352
52470
40818
62445
68532
55799
61153
45000
45605
53269
60083
54096
61205
56883
49164
59816
43362
63175
57950
63498
62133
49385
67631
38772
68193
40874
58653
54941
67470
50086
50463
63534
61078
64221
60685
57647
46511
45758
58467
52159
64715
57477
68674
70153
64700
50119
42935
42355
61852
46923
47424
67096
66668
66588
55692
52857
63483
60124
60291
42863
40201
55131
53638
47205
53677
62057
67576
59331
69620
67048
51453
65453
53195
59173
40321
68334
49183
56168
65405
65071
39746
43721
61813
65901
39569
54598
44870
60842
52564
40467
56350
53986
55013
57649
53708
39488
55317
59202
62778
39058
67531
43932
46135
42235
48878
51356
69754
67559
64389
65084
56292
54852
40733
67304
68102
68848
60523
44686
47843
65645
67635
57333
58103
62684
65897
40015
46200
61993
42133
69905
44507
43139
40572
49154
61850
63759
45564
60818
52021
63197
66872
51566
66935
62491
51701
66897
62970
61320
50500
52765
57837
63020
64098
56106
40981
52551
64732
67550
39954
63623
44534
43902
40676
61565
59726
41795
65709
40274
58557
49841
42936
59830
51070
40484
63675
66074
48274
58284
40025
70687
66658
46618
48619
41550
51623
48731
42880
49161
48519
59141
57122
51649
48896
63024
43356
60778
70026
63879
38137
38700
59128
47263
62477
38492
49312
41351
58938
69290
60347
58272
55340
67996
40207
44206
40038
48187
61387
48176
65857
54540
52146
49389
67633
58945
63099
46288
41547
49201
54392
43765
38404
53254
40055
50180
62012
54965
66278
48318
45691
68660
41018
51925
63610
66279
38545
48129
65253
57179
47765
68432
43359
47158
50084
57534
54727
45678
50991
44805
53945
44474
66400
58294
40792
38214
48384
56713
55371
43179
46231
40177
62982
53534
63189
58100
49227
55015
68656
45626
39664
68374
52175
58980
69602
47473
54695
54687
47722
63152
63460
45176
63407
40685
66442
70642
65661
38998
54364
66005
53316
44581
69629
45898
64868
38866
57429
63909
59047
65670
44342
41346
55823
41684
39231
68627
39123
52388
50689
62136
56484
57199
41825
67792
49716
41138
52797
61392
48377
61084
49747
45458
63535
44298
58206
46319
51484
65206
41345
57487
38551
40619
48361
57344
55755
60925
60591
48902
39993
68022
60667
53042
38652
64787
47215
68534
55121
58353
61635
61304
68694
70018
47788
61797
57874
69444
69891
39688
69046
67636
54051
60763
61218
62527
70291
67549
60331
38905
58341
50660
58908
44177
46813
50741
63482
50181
63958
69842
53261
48530
68706
53011
55835
56943
50481
51704
70647
58042
69428
41662
46011
39603
57857
63920
66385
59432
39290
63296
38200
45104
61609
60246
46724
70940
41967
63208
49703
68779
65118
62411
47472
42621
54883
69321
50641
38602
48552
51187
67557
55636
59448
52536
55217
65690
69349
58167
55851
66895
53479
53330
69624
43530
55493
65028
49530
51007
51321
50292
60426
70510
45263
70730
70786
48026
38926
62145
41727
57341
54234
64509
44005
51450
47705
57248
51747
59475
61077
68504
61112
64156
52257
63802
51574
56560
46592
53397
44805
60130
52418
54784
41004
63670
53232
54774
54860
48594
44714
66340
63789
50031
68495
64191
57853
43924
47069
58139
69526
58437
59865
55418
45056
39672
45682
39970
58167
66632
63009
47538
39726
52205
60691
38581
48403
49388
61066
41080
59349
70155
68481
68633
66532
44680
48271
56545
65592
40714
42765
42195
57492
60120
48507
45957
65804
56649
48928
42799
45765
49020
56049
70658
38396
55880
63924
46523
54601
54390
62309
57207
42533
49454
46041
40393
45739
62128
70305
48906
53403
58693
57905
46576
43428
54900
64066
68194
47331
56440
49524
52363
49575
70130
64056
48686
41847
43484
55021
42553
44886
65470
39241
66204
57925
63524
49403
68699
43274
50511
69006
49634
69936
58411
55185
60314
68431
58753
66805
52921
41613
55150
40118
66142
52581
58132
48574
39645
48039
62095
64774
40791
50624
62250
61182
64911
57660
67539
57391
61432
48777
49101
65822
68115
62462
42405
67956
57079
55835
47719
38493
63025
64787
45329
51246
66255
51079
65096
58186
69816
51861
69706
63558
39999
50961
49956
55115
51191
56338
58661
53948
42184
65201
57234
70937
49218
40717
55195
69156
60722
40595
56206
47938
64115
64380
61515
53027
52231
54678
70392
64677
68198
45128
66294
59638
56342
71120
59411
67833
56700
65488
43265
60908
51954
43273
67079
50503
69914
44134
52214
69607
46961
70972
45919
54379
55591
50384
49155
53471
41006
53530
46219
61336
63121
49352
61049
66398
57863
51334
48735
69329
48584
60797
69710
39685
50847
45337
63634
57712
44352
43536
63644
52486
41693
44704
69696
38562
70644
62488
61217
65704
66923
51097
55913
62952
51166
50206
39613
69574
62776
43450
67184
51096
60544
47649
64502
55120
49142
48746
57500
68955
51551
39443
63351
38857
55453
69446
42138
68269
45186
39002
61580
42439
50662
64157
57338
40288
62711
63057
62376
60022
41169
47092
58541
58905
61775
61125
61664
46101
41760
44163
52110
49361
40477
62072
67182
54903
50649
69558
67286
68949
47226
46241
56110
39812
61384
57261
66726
51143
63620
67433
67876
66485
46075
42429
57728
61723
55259
67695
38900
54940
41028
68332
43726
51098
59426
40262
67432
66394
39867
48249
45402
53090
47492
49138
59886
53542
54585
41042
60373
43748
53548
39791
69400
57293
49630
55707
59729
50021
45004
63530
48666
63532
43915
40238
54214
49534
59415
63621
65615
44216
53097
54806
66192
54684
50503
42327
64436
51703
68704
39443
40175
53376
65944
51818
56684
38660
41377
60953
52358
68544
68811
41723
54330
58895
64797
56016
65500
41541
58020
54846
39690
62682
39435
53525
48351
63691
61804
50135
70504
40253
61286
56952
66396
71267
69744
41058
61447
54691
61036
45500
49032
52468
67200
57836
61244
65931
69921
61274
52346
45494
41072
64631
42369
70152
63690
54783
67246
58806
55194
61051
55283
63041
40050
45833
61060
44629
67675
40287
59091
56306
67433
42766
55999
56777
47250
66052
51208
49129
42943
47701
47879
68506
60964
42299
70044
52873
44237
49499
60007
40230
71034
60489
70715
70731
62893
69967
70095
40478
63489
46442
66999
65080
69565
66710
39571
59655
49833
50251
48007
43632
50465
53064
45291
40889
40039
65167
62787
67751
47934
41905
54897
62435
52404
63563
46889
51874
41279
42705
66726
49029
61963
53386
46235
42174
61075
46300
57197
60789
51311
56778
51871
56938
45420
62907
63374
45531
65506
43645
68190
45736
60738
49545
40244
70325
41711
49545
54181
65680
67919
54551
49775
49236
68897
51912
65383
52173
53009
54889
60851
48604
61833
63368
39481
68893
63691
43319
48215
55752
61757
48908
44757
53973
53251
70508
62744
63076
49619
60169
41112
45403
56325
45482
43668
41553
58346
62507
71172
66475
41055
48068
60879
65796
59810
44686
62270
64467
60260
39234
69808
66375
52511
50756
58512
66422
46249
50657
63621
61367
55050
68565
63720
60492
68491
67089
65659
47941
70927
69819
52312
61600
71078
60277
60455
45493
57440
70626
49812
66514
40287
43366
59905
60962
62512
48686
53623
62163
45148
47473
42467
41847
70713
44789
56191
54443
52742
53204
60302
46327
49975
55424
39500
51958
42510
40965
55589
40631
67947
44174
39205
70242
59109
61739
41392
44575
51993
39121
49011
58163
40002
66211
57242
68204
44811
54127
60227
41408
40353
49276
63283
68913
70923
63363
39880
57076
68798
51195
67887
60113
40044
61849
43991
43213
58398
48152
62758
43783
47746
48182
40042
43744
71046
59903
60434
61790
57637
60493
61214
40659
47233
48528
70356
71097
46387
69067
69813
68833
51423
67039
46255
68813
54539
53260
54164
56410
62769
68021
67019
41121
44818
66147
64070
46112
64846
60429
62899
63765
59442
57495
53751
43819
41169
57496
70104
62552
53846
44896
56569
51462
40344
45114
63500
53105
62191
43246
68931
54864
48711
69002
55559
40631
39282
47458
69357
64828
63683
47446
68326
71257
67032
68435
41654
47633
40119
63261
43943
41686
40733
58443
67710
39851
70162
53651
54190
53638
47553
53575
63948
54264
42887
44832
55363
67855
61002
41787
46153
71804
61708
46689
40465
70129
65471
48011
70722
53965
46683
66213
64425
61179
53807
43155
48938
41239
61812
43122
44029
67027
61736
70176
56855
42650
56602
68094
53477
71539
42561
62964
59456
44071
70481
64438
66974
67750
40848
46150
64901
69799
48102
47291
65862
64143
42548
60480
53479
67988
51943
42847
51553
45858
58573
43136
41740
45949
53031
60844
62551
54697
48639
56215
52412
62087
53436
54750
64499
60224
45811
44173
55654
41702
49024
66276
40934
47961
55766
70491
45468
39272
61843
62691
55362
62521
58456
50543
54675
62443
45527
56755
55295
41849
46637
61995
42916
47586
56947
50528
40826
65159
68495
53095
50893
52436
71504
65194
40689
64290
44987
62955
63793
43228
64671
60293
59656
47073
50032
69109
42644
62762
64849
70042
62791
46253
70515
52153
58080
58497
46494
65220
62105
56130
65293
48092
67746
58807
56703
64916
43471
55218
61067
57336
58254
42040
50996
39374
61467
49378
55741
39707
60151
55427
60863
62697
43414
69899
56952
61000
68695
59564
70502
60051
56250
60987
59156
66804
67022
55512
61493
66858
53224
49873
57583
70026
53402
68548
61561
49732
50659
42500
66280
63976
39844
54078
66374
42793
46675
70749
41957
54240
54771
53418
63730
42324
42308
63544
41293
45496
51511
42367
61848
52981
66724
66119
54671
48810
50239
62408
56215
56177
42697
53775
40601
43877
54659
44707
66064
64481
49384
61033
62561
60042
71067
47813
43884
65423
64927
69122
69472
48431
65990
57076
51155
51324
40812
45019
40722
69471
58980
66699
44981
69597
45875
66506
69751
42136
55676
51194
62021
64153
53948
41720
58517
70732
50488
55619
46073
64972
63283
71777
71412
71265
66147
44158
40204
70472
56230
47447
70688
40882
66290
64086
55292
48654
61322
52734
49195
52875
68728
69770
40972
57049
55607
68049
68905
42800
66224
62061
57283
55444
67688
54300
41394
41047
49655
51558
57196
66783
55484
57473
69475
65450
68047
42353
66452
63630
50231
71539
72028
67142
63325
69020
39822
71722
42433
52926
68292
60734
69612
57483
49138
64622
68518
53757
40257
45592
56168
66805
49434
42699
39444
47906
61312
45903
69348
59940
42404
67045
64928
39665
68531
40143
50965
55416
47347
51731
60866
61829
65038
42109
53972
70117
43438
68067
48981
63178
64329
71340
69024
49777
47167
46739
67352
45825
71458
45737
51737
49335
62804
57497
52271
59200
68312
55088
52358
40550
69730
52253
51874
50671
68528
65269
54608
67778
46621
54650
50653
64332
45428
68892
48005
63778
65282
42432
60206
67048
60655
59841
71511
46449
60878
46900
50251
57127
69234
61041
64666
41134
65027
43471
47561
62404
56402
41646
50505
56172
49770
59323
42406
60491
47464
51311
60417
46162
70540
72153
62912
50589
56207
47262
63108
59547
52791
60478
56923
47472
70186
69528
61496
46231
41472
41649
40096
63180
40091
43441
62629
46121
61371
64814
51480
43663
69837
61357
51707
70471
47108
60518
47669
55273
53675
62280
68489
69245
72122
71229
63177
65761
71079
56239
58439
50027
57470
43595
47245
40654
64820
41477
55630
53570
41785
67164
65180
60127
47436
40415
42074
51530
62099
43760
45045
63124
49643
57800
40527
61279
71549
65467
52732
70723
40082
59325
47537
51824
57768
59430
46841
69524
45764
69042
68906
66815
67083
42956
63640
46597
47244
57868
60936
40355
68961
71422
45672
44902
41718
49189
39613
59273
53928
42815
67676
42589
44690
48331
62813
56046
70051
47049
42317
49380
62964
58049
52771
46503
66905
47622
52597
59591
71735
48956
48620
60314
71317
42520
65782
58407
61301
48743
69818
59202
72292
48978
44625
48633
55120
55264
49203
72239
41114
43196
62703
65159
66412
68409
65056
56708
53837
51603
63388
46062
58866
44152
52974
41591
57431
65990
48903
51870
42511
65687
46128
62164
66009
44667
44099
46557
42611
43524
59163
49530
66227
65160
64329
59461
39891
58658
41736
68316
57869
71418
54644
40001
45927
70854
65526
50561
65745
67473
62467
60564
51565
40635
56582
41605
57390
69442
53914
48339
44964
71743
56061
40470
61462
45236
61889
61925
66514
49796
59077
57336
60865
71363
43364
64138
71230
55088
54252
60417
53800
51456
68434
42961
57398
42206
67364
41630
53387
45103
54718
54689
68235
64410
45249
69964
58604
60104
62913
58161
66576
59752
71486
70432
62098
61815
72150
64399
43039
50878
61880
49471
62087
68508
54364
44573
62739
70405
53874
45927
45594
70603
52760
55055
53967
41244
41295
69732
41309
68685
67760
55279
59702
70613
42587
61083
45479
66461
45361
40986
67249
43639
42051
66691
50196
51435
66185
66880
71340
56634
66264
43303
43008
61597
47118
60391
43033
51662
67984
42150
43408
43209
69622
49128
66539
61396
43524
53427
45098
56765
56796
48369
54172
48483
55923
67861
60663
44663
44354
67329
55208
60292
65598
60455
72040
45357
62473
70383
44560
43703
60010
60249
50606
67527
54523
57060
43224
40812
56353
43950
46912
50271
62017
64220
46217
44682
42801
46652
55129
40392
53229
57641
52912
72172
54924
63664
45432
62468
50802
40689
68701
60639
59590
71111
66014
42188
66855
52395
45220
47269
72346
67029
54291
45068
42183
54949
54048
41205
49510
67394
45410
44133
51700
71041
71275
47224
46506
57096
57176
68521
55215
46771
61095
44366
52621
59702
44617
44898
45538
62724
63480
50567
59224
63856
55243
52555
69590
41234
56584
43947
66552
68461
60729
41942
57021
63950
52610
68403
61824
50039
54833
65188
46122
54525
66711
64781
66981
48879
57111
68368
53396
71608
57212
50203
59457
46279
55183
64677
45526
65261
66538
55732
60881
58886
49415
65955
46514
47067
71324
51746
66038
56903
68907
67454
52297
51353
66004
57635
41464
66618
60527
53087
47781
51344
52183
42600
59198
64033
44168
53921
60720
59644
64877
43545
41431
52821
42739
63316
55865
52591
71778
41295
66293
64447
49005
70846
62582
46158
40456
53912
55148
47711
62073
51157
44413
61266
42418
53879
53815
40904
62430
71623
67658
44040
66362
69601
59124
69537
56614
60018
48060
68689
64892
45249
46179
64550
60448
51436
58648
69347
70872
48756
65259
63141
53598
62460
51844
51142
55732
41550
47893
69634
69304
51359
44429
59608
54008
61972
43023
67891
58823
62597
44450
72266
62609
68736
64042
54213
54891
64145
47767
41761
42478
67008
71004
57941
44358
67420
71458
57782
55430
58359
55230
51480
41534
71090
60257
70710
44624
43963
62479
44628
67327
58131
59219
61730
45129
48277
56368
68324
66935
46132
62810
69584
70898
64900
48039
47799
61016
59772
64704
41192
71375
55674
66076
56658
71578
58247
46127
63208
56042
68572
64990
67146
51958
47014
66615
56993
59213
48391
67167
48586
50283
46173
63947
51128
43403
61126
46771
53523
49341
46564
51396
48421
68920
47325
47126
62199
72689
51878
56925
44471
41581
54658
72803
44125
65491
42949
66486
66703
54341
64990
51357
40129
41584
60820
69713
70048
44898
71312
61290
68273
70812
48156
44184
49717
47209
44074
72595
50257
41070
71576
42069
43371
53889
49074
51846
53207
47039
40185
51512
55475
46552
58147
71380
60431
62126
67170
58708
67666
63007
42473
62131
57560
40478
65453
48546
69600
71945
53608
62077
40870
55862
51940
42109
44748
48336
62838
42799
46078
51425
46280
72741
42198
52911
50396
67819
66557
52300
55630
67900
72340
53609
49626
61814
57554
54635
47133
62796
55790
46017
47776
42683
59199
49780
71954
57663
54946
46847
71125
62790
45084
52578
49341
42981
67264
58738
61204
56010
53459
68211
62689
61554
68399
71912
66409
49308
44005
63146
53495
45309
43046
69944
60889
50741
69988
71246
60075
49410
69044
72377
46040
72627
44919
41833
50781
64480
61497
50376
41424
60505
53977
52298
72609
62300
61674
43077
63393
55563
63322
66052
59840
45596
54865
48663
58651
66259
43100
55020
56374
69165
70859
50596
54917
42335
45400
60703
65330
68478
42761
47961
69914
49536
40535
62714
50201
52835
46735
57128
40839
55212
68729
48032
54786
40467
70712
51973
69230
45693
51825
51575
48699
63274
65711
72040
63718
49456
51462
69803
55491
44584
50423
72654
58617
66087
56212
43946
71886
41456
72420
41272
61477
64871
51337
43943
73028
65097
58784
52395
52187
53019
43497
63255
70978
69216
47656
64430
68099
49679
40395
47158
62616
40772
47052
48335
47478
64054
50905
56195
63562
62057
45235
54814
53890
44837
72916
40512
64271
49190
41556
56240
62313
63125
68877
44275
72148
51767
65022
54814
60643
40677
60141
53736
43066
65084
49488
63747
40599
72085
45166
45997
62740
43063
57026
59778
41894
62924
69280
41876
57066
46354
63003
70845
53025
60115
52773
64564
47224
66839
56568
71263
63630
62104
65461
69608
64816
52854
63307
44819
71783
62508
64667
42831
54708
69571
57306
51979
46234
65094
46902
69578
60509
70261
57532
71802
72970
70077
56185
47617
70071
64872
48095
44570
63500
64530
49003
59487
45314
63324
50053
49574
40683
49636
41896
60817
70835
55668
49858
61025
51813
72057
50142
64267
64240
61879
46592
68494
69420
62780
46928
65411
64024
54674
54139
70390
43622
40505
41303
71028
46393
50260
58310
71525
40493
56995
45532
65949
57496
72113
59972
52013
73231
48207
62943
49535
71212
53312
73135
71330
52111
49974
63476
43490
64035
70654
45204
48796
49826
57335
45248
70992
44892
58568
59861
72440
63028
51794
51072
41624
72683
51428
68902
56599
56481
65454
41603
66381
64920
69497
70545
58973
60476
52629
51115
55877
52832
41746
46066
44723
59339
60467
68848
43547
63731
60447
47995
47878
64264
43226
71900
54189
56628
50036
46641
41926
42786
41088
45840
42142
42173
62664
59245
43880
65338
68159
58558
62932
59224
53559
70236
58596
46310
70100
59693
55804
40838
53697
70272
59960
62642
49697
60984
56321
61180
51657
50221
41699
70298
65452
42191
52633
45857
43414
48397
72298
67217
70430
41333
42425
59794
53462
54428
59095
47357
50116
68800
61211
58526
61718
64684
40757
40761
66065
41948
50879
53194
65611
59874
57877
43025
41498
67848
60007
66638
47948
68663
60428
63562
42520
58391
55065
44438
47189
55160
48691
63255
71914
54001
63393
48579
67974
56262
54437
43685
63633
43535
58125
45607
61282
44567
60677
58512
45234
66819
43823
42956
72528
41140
56566
48748
42263
42734
47903
49133
66078
52153
63648
58941
52270
43783
50614
54395
48761
58776
67890
47870
55688
66843
50195
64666
66422
60310
54106
47390
63580
53767
66586
57633
40716
72268
44495
46847
71170
63552
50928
57630
68759
46631
42952
61814
48248
71756
61313
67152
71511
41960
49026
59469
64736
52550
49403
51627
68847
53541
43197
68292
59904
48478
44368
42967
65511
60614
41791
46091
41665
64086
46007
66993
72234
61321
57680
63434
60592
45574
53035
58569
65416
62591
65085
48794
56960
44761
62698
59362
49205
57741
66774
45705
72326
43086
41720
42870
56136
57324
67056
64409
71995
58232
65178
54831
53565
42153
48867
52289
66494
41854
66267
46446
50804
67877
53260
48619
73296
59932
48907
55752
46512
62358
66380
64885
49878
67616
42298
49028
45721
69508
41607
51120
60250
65005
59585
44831
48186
54861
56871
46564
52362
44028
60602
61896
40836
59298
50071
55882
65592
54102
49795
54756
59848
45575
50120
44176
49112
58907
47168
66443
60225
60247
51631
50777
44805
43007
63317
41225
51592
55614
57540
61370
46589
73415
45808
51038
41502
59837
60293
64446
60448
53969
59005
50879
48358
72618
59889
62691
70261
57225
42031
47890
52904
46893
53262
72091
73252
54260
62334
61558
52111
54852
60515
43212
54013
58153
49060
71608
51627
48447
56958
65104
60912
58579
54815
51935
62320
66373
73072
65397
57235
42416
62770
57762
68150
68301
69196
55166
71328
67605
60003
71148
63671
51750
43692
66592
55923
62568
49406
63583
62868
58352
46892
45574
46480
72101
65681
46286
46544
69537
68076
59726
61467
64986
64367
42690
44883
53761
57618
68106
72287
57002
44333
48630
60264
66990
51526
71872
42824
57805
43303
45786
59711
45976
70708
56042
71400
71055
71932
68372
69740
48006
57102
50039
45302
49485
51982
60922
45927
52367
43272
44872
53066
67067
53507
51481
41482
44450
63962
61876
47202
52896
44615
50353
52246
54783
71745
45316
68065
69848
71304
67639
62382
54715
53374
70391
45835
56657
48184
52946
61402
69184
51925
47423
65353
49231
44814
52191
65285
47819
61967
69122
45227
61993
51845
57197
43392
51436
59897
57435
43617
55242
46172
72385
46077
65802
71139
53462
43841
54064
60181
70867
41492
65244
44834
69111
71749
58352
58486
69327
51393
63985
60302
57524
55050
71600
48138
59541
61668
56873
46084
67831
47186
51883
61857
58681
68032
46137
60133
59933
62082
47153
47052
49028
60285
55851
49814
67449
44068
56100
53858
69233
43431
68572
41982
53457
71270
73340
66814
63921
62892
47996
42251
48864
71578
56772
70014
48680
69985
47633
69422
49107
66997
46491
50821
66157
53630
45045
62938
62412
61648
42036
73210
64334
45085
58707
56584
47458
64937
63958
60296
57418
61247
55982
61366
68127
53283
72029
72476
45077
52039
45402
50787
42752
67009
67767
65386
50455
48509
58369
48533
70904
49199
53608
45160
47597
52876
53023
56404
59758
49082
45318
63952
73191
63749
67975
51884
59067
69075
72125
55714
63880
72666
68828
55343
59565
46992
66253
69281
41737
64739
44568
70256
41222
71723
67847
46801
58070
56157
58889
60297
41981
45953
57172
65023
59408
70246
59854
61590
50364
73876
69422
56377
68873
52098
70494
69688
49632
66569
67876
58450
60364
49433
72194
61715
49661
72363
66907
41568
49810
69878
72406
55376
73752
54246
46088
68157
43085
73418
61773
73755
67626
64589
48630
62985
69921
67239
57258
48678
58276
63508
70918
46246
41702
73605
67463
55845
71141
69014
70826
43066
55720
69057
45649
62544
67781
49105
62057
62641
64551
58777
59850
72676
67854
47333
65118
48697
57431
56753
57478
46498
62206
50329
46009
63428
65505
70033
43631
53838
44743
56022
71997
49546
56480
54309
50497
70962
64783
47658
61888
55172
46373
70203
61710
43672
70512
70214
48302
69618
67892
50440
55483
52820
67832
48768
67206
59861
60996
62628
68225
57911
70314
69714
67932
43894
46083
51849
49261
70813
69627
43481
73045
69853
55504
46104
63713
71392
59222
59479
63790
68187
52799
70932
57105
58339
45721
57010
49845
68353
69016
68134
66438
71304
48022
57330
61262
59174
64600
47959
58526
53306
51347
72134
62576
49893
73902
48793
50954
44900
47306
48896
51238
69789
42496
68158
56911
54775
61673
49685
45454
73583
45412
63358
50502
65513
71571
73630
59741
47555
67111
54518
50844
43440
41438
47322
68185
54212
64073
67876
62803
50891
45011
48681
53725
51679
47871
50412
70975
67642
47345
43410
45145
44872
57648
50710
54153
45824
67754
51518
43471
44149
54777
43470
53039
67240
68324
55803
67159
60833
67369
53026
61826
46014
59514
45498
53916
74058
60357
51592
71335
57937
62392
64017
45149
67251
55429
58197
67095
51320
58594
64186
63213
68707
42068
45127
47903
53450
59054
62482
41908
65189
72916
45052
64864
53476
62149
67995
72363
50694
51929
65656
51536
53223
65095
48251
46819
46553
67305
73891
67767
56567
63044
62970
43775
60086
56771
49865
72499
62909
68675
41480
45494
47351
50388
44824
44725
64742
53950
55733
69202
43834
73411
46630
59394
49314
43428
73142
56627
69858
69607
45928
56115
69926
64214
73959
46157
72853
41675
73660
54325
59178
50859
41667
70566
70335
48305
46048
61257
72299
65645
55790
42457
67598
57868
72440
65925
43050
47833
61100
53397
45045
51972
46348
53585
68012
42146
66919
70942
47913
51190
59784
73451
72376
54511
55597
49355
50727
62961
68027
64739
69660
59353
58927
60807
55211
49979
50008
63648
65064
60141
42052
53841
61242
50122
41720
70362
61233
72112
53603
58300
41882
54731
42645
67614
68112
59926
52269
50287
53589
71198
57360
59725
51361
59658
65121
66981
55609
42200
42925
66588
48708
59113
55141
47022
61146
47552
56978
72597
61023
62471
54980
51821
63247
67794
49483
61589
45785
44328
42666
48600
63089
63168
51785
72269
45729
55304
50794
41595
69600
73067
42078
44737
59429
53204
50425
59894
70397
73838
44355
47948
47068
49583
68464
67450
72368
53652
67603
68890
71356
47406
46990
57423
48036
42333
49101
51628
49348
64732
67124
68689
49862
63357
63957
55127
65396
47798
52711
58991
66506
73565
47219
71109
65616
66736
67921
60715
47015
54424
44371
58995
47969
73007
61888
62236
60182
58239
72708
66866
59827
70541
43429
73583
64790
45462
52345
45222
68568
45208
63255
48738
44394
70164
69003
41674
65636
45842
69198
57799
47897
60007
51061
55657
43631
56371
60456
53639
70382
42669
73302
44710
43030
52259
49319
52252
69110
65084
42162
49526
71930
44673
59761
71446
49157
67611
73201
44577
62655
46814
64590
57240
54833
73607
53471
71364
61839
60738
57774
60120
66900
71792
59947
64466
64148
51878
65313
71330
67726
50169
61160
58510
46722
42361
61917
43477
44994
50427
48911
55186
73226
60956
55611
62692
65044
46210
43003
41804
74344
47973
45370
49750
55410
71246
67307
63100
58326
42783
48378
71495
50184
73044
64387
51383
63511
64136
65859
50149
46281
49211
43596
70375
49389
43730
52988
50164
60397
73183
69423
55240
53923
42403
56756
61258
58989
45522
57342
64621
60036
60821
63004
64084
56201
55509
65260
61625
62817
67255
44171
50831
52035
42339
64783
42982
42511
45834
43897
66320
72930
66599
44261
57602
72679
65285
69124
72956
52592
45185
50380
49005
72005
73233
51822
65553
44603
63749
70025
45916
51721
71437
44189
42779
45912
54268
47298
45657
72217
49355
57498
64639
53787
50145
68484
49088
72669
69265
68882
68276
61345
68581
59582
50499
65217
44186
64984
64709
57158
46187
44995
47975
71095
60563
56929
61137
61743
57229
49868
74246
60850
66078
66631
69259
69825
60821
72052
51403
62508
69458
51655
68538
62248
61829
58170
59321
44449
65848
63554
55482
54738
62864
47618
67492
64530
48207
49855
47865
52465
69534
58517
47798
62851
71946
53352
43898
74236
50636
43293
42219
51837
45133
55049
67413
49710
49897
44969
54421
48269
63475
50580
69686
48390
56058
62639
60121
42179
44875
65184
48346
53957
57271
52101
70704
68148
72599
74469
55701
70387
50445
61670
53480
51320
70796
60353
63695
68315
71066
44404
69024
50732
57556
71095
45954
66570
46899
67632
68559
47985
57999
56042
47549
53972
65377
67844
72254
67692
70605
64934
45860
46287
71648
68409
73097
72644
54038
58072
61294
48982
45855
73729
59554
59687
65506
48273
59110
56839
69827
65775
58702
61381
59169
50311
68330
57669
53795
70266
68774
53459
65461
67219
58991
72887
73421
63102
44951
62986
63219
47924
69243
71112
71936
44730
69475
51238
68902
45579
58025
49701
74288
53075
50718
62823
49675
52317
73129
54849
61318
49487
65329
51219
53590
67477
46525
74708
61021
70939
65498
68849
65324
71615
68926
67672
63686
58630
65450
68047
46246
70157
62229
60299
55812
51139
53510
66558
60501
42838
62274
52720
74513
53995
55719
54993
61112
61074
63320
59214
53015
44409
56090
72226
57032
48992
46846
54575
47096
45644
68417
55501
71276
72832
63600
55650
56006
74409
64719
55091
54021
44633
73980
43129
60492
59574
55248
59832
45540
52596
71046
51276
48515
59904
57887
56132
64719
72958
60164
65140
61470
59894
55278
58310
50816
46410
59139
52945
64255
64620
70722
44717
55077
56909
53280
68101
65215
67609
67955
61805
59617
55841
69264
60406
59946
55577
68016
70144
46153
49027
72857
51792
61120
50027
57210
56675
52456
58453
50966
54017
50486
54644
46628
52757
52668
55324
48630
55995
49651
72314
53850
58011
54711
61059
62654
47990
47507
60714
72343
66558
54335
55766
54019
49899
46439
55827
61356
64587
42414
54663
46320
45337
63475
70185
54592
64786
65491
57517
48070
50884
53615
60738
59979
46568
44655
67712
61015
58353
50247
64668
45466
64229
73656
49887
43402
46700
63898
44374
43598
64295
49370
55498
57563
63554
67007
64242
47197
67405
43633
57576
44760
48711
64699
45530
56591
59388
72976
51714
46501
54930
54988
49624
49026
50270
52669
62854
53112
46844
42210
73884
66854
71838
66162
57861
69405
64420
70944
48186
64066
48237
65182
58805
69748
62829
51040
64937
68206
63872
49058
63728
71918
51326
61868
56132
67863
45584
67925
69811
67603
72386
54470
64333
51710
71513
49792
67872
71679
53862
65697
58982
68024
61467
74082
73724
60897
58462
59621
51734
42543
61212
43054
65330
64123
45792
51567
52042
42784
72100
61832
55118
43685
64487
56014
59601
71324
48639
52491
68099
59337
55217
54983
60895
43399
63999
43974
58533
59496
51009
52434
62603
47132
53623
56507
60079
53396
53982
50843
63569
67174
54465
72030
45119
74356
47250
48258
63632
56521
55097
57884
50325
65219
43692
55836
43789
61559
46528
43729
44184
46417
73279
70320
48751
72699
44346
55121
60753
42368
43424
67002
44225
59314
49424
67552
42606
61129
62188
45931
73203
57932
45487
46522
48320
61749
44672
65831
55896
51536
66311
73612
70846
73188
44415
69126
52521
65941
70412
67064
56575
71561
64591
55123
71425
57290
49208
47125
59587
74475
69916
44304
45152
49391
73736
61421
72299
59238
68180
63088
72745
62169
50555
65278
56829
65384
64810
50780
43555
60594
71574
51897
45985
55541
54291
49135
51579
55158
47075
71942
51751
58916
48459
51961
60224
59000
63724
44221
43391
73119
43345
71808
62694
65499
58565
45615
60734
52007
55655
63290
49860
46362
54144
64411
69408
45069
65043
63509
47766
68480
70070
69049
49536
62394
58785
58031
60924
70832
71429
64563
55778
58408
47775
63966
52473
55070
52364
71207
52074
67175
53855
69673
59508
67220
58225
58023
45410
63257
68472
60493
50362
68783
47963
60728
59832
72438
48197
64953
48122
57695
55545
57942
49021
73545
45413
57618
61640
45930
60537
64495
75111
51825
48185
46256
53403
57577
59409
48611
65616
72801
53609
48415
42575
49098
42618
66187
65973
48928
46944
55711
48292
46669
74096
55087
70200
51018
50379
51365
69821
74631
47155
43150
52255
50317
44830
48216
70817
71650
67081
48985
67026
74284
59663
48916
65982
56730
51386
68792
60513
55168
69913
59370
47969
53569
55059
50884
44540
59506
61434
57118
49470
68156
42852
54540
46200
46594
67382
45735
45551
54084
58881
68881
61393
73412
44946
64179
56685
62183
72644
48841
45218
61277
51097
52769
59288
50180
58505
69919
70319
74506
61978
67333
64181
73299
46513
44657
63324
62490
58536
55080
68075
69338
46240
49425
69683
48239
50713
44165
74693
57464
73024
49094
63842
75265
72967
58828
54451
62559
47227
68168
58426
43866
52819
55011
72073
60050
58052
54726
53682
59419
43933
73056
57854
72299
74383
59747
56546
47478
70092
50448
74542
56087
52949
43701
71048
44722
71564
48244
64025
72728
50577
64069
60038
51626
52171
71998
56866
52674
45637
57363
74850
69454
66620
44249
58257
72126
58486
67599
61380
59425
48085
59614
69137
60298
46635
69280
63484
53433
65872
70560
45874
51447
66162
72992
70010
55874
62893
52385
60648
64170
43995
54878
62547
64251
55982
57626
72714
66716
45820
70427
67267
44727
45401
61559
64212
61082
56555
61070
47014
59230
59514
57560
48998
56518
59847
74465
59645
52585
72479
74641
52803
63508
56111
46513
60015
53354
57114
51627
64723
42701
51913
62609
66502
67458
74627
59489
58337
70927
53437
49544
69486
57832
73523
52644
49693
68939
64055
44942
75001
42857
53065
66712
61083
73926
53225
61203
54173
51426
66985
43541
56146
73753
60550
68217
60596
65736
67448
69926
42910
58289
74568
62101
56892
50081
48034
46989
49855
58448
46699
56113
73045
65672
59732
68157
73304
74633
73136
59277
73925
45485
67203
63967
61681
58440
56539
75481
60279
48338
71267
57166
67701
45896
59957
57533
75512
74703
71664
45082
44212
49051
75018
45521
52729
66831
66664
66313
70114
66341
56364
63525
59088
60433
56783
58513
56086
47905
58479
69563
52726
61928
52586
64351
44237
45211
48939
57096
69770
44475
53828
64724
53092
53492
53437
45943
54989
62790
65452
61826
57761
71266
75526
60902
56996
60759
52149
51635
72491
49261
53227
65318
67097
59985
60853
49635
73485
56435
49107
46207
58842
73901
52423
71489
56888
73253
51244
54314
64441
75124
65097
68658
68094
67592
73190
68053
58666
48838
54366
48334
71319
58356
61430
74531
43464
66647
64621
50017
52639
68504
69077
72745
71120
53229
44449
44267
61590
65781
73214
64498
74917
64995
59239
48545
60255
55006
58483
65788
64330
64936
49138
66922
71362
59774
71993
73144
62187
45632
49850
50274
68330
59090
52952
50446
45909
74434
57081
73562
66023
75563
59612
67287
56697
64217
58925
74837
51757
54701
74326
64610
50669
56131
72345
73485
51476
59603
74843
66800
49002
64085
52675
48493
68950
60137
44164
53815
62799
70773
69367
66580
61844
70288
50029
50402
54813
44191
59843
70360
52945
43837
66359
71951
69113
72929
46201
47425
48885
52666
60934
58064
69933
63198
61105
56074
61259
59556
54402
55979
46760
46158
44996
74915
66307
71916
52314
64026
57977
46973
75090
69554
66993
53846
46781
59404
49240
72648
74173
46989
60877
55293
55007
46434
69149
54819
47787
64961
44849
66764
63610
59762
63046
75157
63368
65167
56734
58374
75338
56968
64117
54202
69634
54633
57143
72128
61584
61024
60912
50496
47755
45434
44804
72546
50064
61101
65568
55915
68314
47643
44912
47146
52755
64917
55059
73618
57450
50014
68812
61864
63462
73266
47610
52640
58618
53895
45002
74818
59481
75027
52139
72339
72459
62094
49154
65458
72897
62649
54559
55808
64614
55455
46704
53123
69366
68123
73717
60813
43155
55450
65524
70552
60374
55586
57582
66933
74595
43412
45009
59558
55744
63790
45679
45320
74599
64083
49711
49333
53017
74127
73475
48936
61558
54742
61082
60322
63691
62988
48086
61133
53803
55243
68224
61343
45249
74592
54075
61314
69220
45334
64438
45490
66668
52152
73510
45542
63428
64593
47860
60978
52033
49974
70578
67628
68658
57926
58964
65870
52537
72817
47517
71323
74585
69239
58327
65413
63823
66802
71879
70671
44326
62359
70624
73263
44038
61881
45751
55926
65613
57358
70583
60402
67040
72630
68886
51028
47300
57977
69639
55630
53736
52305
52274
60479
75333
65064
75617
69906
64553
63970
56700
69475
51920
44958
56503
73956
71733
46137
45578
64512
59687
49428
72162
61886
63391
57624
67862
74471
74577
61175
49692
69739
53377
51380
51837
68353
43288
56421
54406
50702
62455
62008
61760
70088
63115
55220
73379
65691
70818
53313
67079
64460
74365
61163
65243
68444
72998
48483
43417
54575
48388
54342
46841
71533
71340
51362
44902
74281
48634
70327
52910
70720
73569
53754
51197
57220
66431
70240
67084
55322
61684
63192
48022
54049
57461
60697
55308
71828
63260
52895
46217
44146
47874
70384
68872
45852
62992
63268
72149
62718
47890
48804
56641
50545
49421
61746
63898
53472
67795
47658
74586
71210
65748
52487
66463
69448
72503
62248
73435
52528
68138
75477
70605
68345
71286
57213
50864
64575
50262
62273
52402
56009
47753
45495
43943
63337
73638
72679
49663
53796
57776
56730
60149
64915
72682
60373
45834
53641
69356
60576
45234
45303
57079
52235
54605
59148
68742
74355
51800
57248
56101
53250
44773
48850
72326
61813
51528
72688
67026
70178
65812
58264
44349
48953
46406
75037
73181
57418
49855
53036
48060
63751
52984
73648
66092
47180
43761
51954
73306
63580
57962
73221
71718
70766
52054
73825
64818
46952
43405
63694
49721
67562
47809
72068
52899
54670
48819
63376
58966
43886
53158
53625
58830
60391
73492
51492
66672
55709
60065
54517
69915
45503
48461
52279
56577
48013
53485
70334
51381
61719
74716
75722
75652
75079
71406
72751
60681
52001
75685
46003
55548
49738
72360
46520
70987
52423
43632
45339
64108
70152
69189
46939
60913
54053
60777
54014
69469
46183
70291
48432
75574
49162
62366
71342
68699
67137
57731
75746
62360
65147
62597
60495
56696
69093
67755
60720
71258
55088
56947
44892
64711
46996
46021
47213
66051
70933
59686
61217
71906
57861
67374
56065
67293
63946
47164
67392
52069
47841
68200
68837
70008
66083
69049
67629
57201
60231
74393
64810
63780
64169
68741
61361
75818
70729
72969
45683
56954
58391
68332
45418
59193
72558
51624
47991
72148
75742
62748
69449
49995
50990
75141
44928
47568
72865
49067
49682
52880
43897
71000
65262
70097
55994
59918
61920
73021
58928
45049
70581
55421
57523
69923
65183
60426
43946
71911
49627
54848
67534
70056
71824
54965
74545
60099
67579
74696
51326
47809
75977
73341
70530
45522
73668
63624
52971
69751
68018
65703
57168
63102
56954
67893
57202
73267
69513
72957
53698
55253
58740
63052
68387
55623
57567
60490
47856
46600
74397
51849
46145
70501
73497
50911
56426
60653
73972
67953
58053
64806
57071
64273
75186
73342
76044
52682
59611
47236
61680
62392
49341
68952
45452
63517
55140
64352
63996
61106
61045
67389
73647
60731
49778
49662
56265
50014
45882
57235
55237
58549
54735
70020
60767
47394
54108
63971
73137
51043
47479
51839
66460
60902
73635
58458
50537
73182
50713
68445
51632
52374
70088
66123
45945
69381
67994
74484
59810
70564
47353
50859
44417
61052
72594
70393
66761
60291
63064
65171
64178
56104
49612
74378
64596
68909
67964
43970
54356
60853
58570
65701
68035
63646
60655
61208
75331
63248
54336
63150
75628
47958
66223
66332
73582
52973
56212
43758
51447
50907
69806
50808
70231
45634
75364
62222
58338
55093
68945
54904
75157
45514
62720
46752
51197
59761
48116
47502
54357
45188
73964
57750
51183
49695
72037
72144
48853
62001
61791
59081
45487
66515
71780
69496
51943
47577
49095
53876
71436
54695
44586
64356
70772
63559
60482
60598
58918
72120
44767
61844
44534
68232
74278
60435
53746
45989
64033
45998
45309
67696
60539
47092
68282
57107
63364
47997
73388
74516
72315
47906
50843
71211
58125
54637
69689
70481
62489
50767
72197
67610
59830
51985
46960
71748
48759
66189
73790
73616
71150
73118
44848
67024
69742
62421
62432
72002
68629
53358
72684
58140
63242
68482
63318
76392
71428
50046
72747
71954
59916
51923
60771
46912
66691
73199
67849
45281
69734
62829
57756
72073
53713
51336
67252
74364
54466
54230
57576
63241
75808
63539
58608
45849
51708
67066
66055
75783
76054
51324
53139
58290
57251
58794
48648
44497
68429
58901
53002
61319
59004
63769
71890
47416
67284
51540
71890
55962
58623
62813
72092
49423
70060
65715
45056
69682
48087
53492
70516
75951
60491
68432
54714
69977
72294
58940
48572
63094
65053
50027
51643
45917
49983
75258
72872
72260
66046
55531
56018
61011
73899
55764
47554
50173
66241
56280
51043
48015
76069
63191
44135
51721
75692
55010
60901
66606
70622
65522
62023
73687
53498
63961
52579
73612
56634
63608
71656
56405
66647
54323
54780
57806
72528
59042
45347
53370
76136
73609
67939
47705
74349
58891
74150
44477
71232
72218
60255
57945
63890
51762
46448
48283
60396
61767
49740
72508
73458
53500
67928
74517
49896
48149
75672
64820
72821
58671
50055
47919
75687
66990
59462
54712
60472
61688
72697
63858
59152
59361
46447
71171
44298
49253
46337
58219
76539
46493
74940
53652
75505
62444
50114
71209
59064
46458
65773
52396
73635
66275
67766
56515
70536
60464
59989
72403
65293
52742
71722
54992
48418
63261
51036
52564
50127
49652
62144
44782
56880
63171
66812
45500
51134
68018
60908
57660
68815
67912
75588
73823
54369
53542
60535
70111
63251
54517
76248
56019
67444
71581
59135
62337
44928
74423
45167
64115
67432
70214
50294
48589
51602
67745
67412
61149
67553
73396
66207
46068
50742
74856
62437
68724
73271
50528
44692
47915
53327
58854
54551
76511
58869
52261
44354
65834
51506
59800
70640
54153
62813
55490
54250
45743
75050
58144
58379
65567
74211
74588
53410
49657
71668
71619
54296
59668
70829
47353
58067
48462
69956
59627
44633
58400
44825
52742
58297
46454
67902
61095
76071
53949
48951
73938
73446
46141
72958
74278
59243
73897
66635
60432
64191
49908
64273
71744
51493
53863
66380
59737
61693
65777
73722
52205
68584
74686
76647
58280
55085
51722
58030
63691
47963
46648
51837
55772
63280
60702
53528
66972
61882
53156
53665
45370
63420
62093
56470
65222
59475
75924
59803
63464
70873
62139
54906
73938
55306
51936
55144
46963
75877
64657
48266
62190
76245
65569
45239
55114
66193
68603
54656
61803
63297
53303
57453
69441
70242
69739
73098
51263
56043
69572
64290
59919
56881
66389
66251
73092
69896
65198
58274
55248
52267
69297
61912
60407
59358
63137
49006
53379
47825
50044
45628
60794
65608
76171
47928
67213
59769
57399
70389
71058
56885
61470
73578
76084
45259
75622
59125
72681
51498
75857
46240
46885
68421
50706
53666
71374
64700
74720
63529
57583
60856
51784
58198
75184
76054
75463
73865
64390
61385
76184
67040
76711
50041
62923
61946
66241
50288
55191
47361
72171
75447
62705
58087
76764
66172
60509
73455
51802
66487
54789
69744
67574
48398
56072
55510
59895
74229
55060
66281
46740
60441
47159
45906
62310
61439
69874
49754
75804
74984
69776
74486
47473
58361
54709
47873
61531
74392
53050
69832
65925
76825
73528
61899
76032
73370
46179
63170
44598
44843
69018
67807
58399
63795
56252
52307
63927
56591
62908
70675
44719
45563
54008
49884
49250
53046
65478
48500
74508
45153
49232
53812
56118
47400
54691
47555
68469
56357
71938
70948
68180
76033
57728
68851
70799
67037
59342
62955
61314
71664
72785
73388
69600
73585
74615
76475
71848
51895
60492
73419
50773
50335
70984
66107
72278
66094
70507
47583
55997
70519
53133
65539
47675
64447
44527
73133
48204
54496
46101
51491
76207
49643
49368
52653
76057
62737
68279
57500
53290
52420
55406
51083
49312
52249
75722
46053
75211
62065
46779
63400
75329
46680
74411
63336
73170
75693
70158
64918
46014
64772
72762
54018
74022
69704
58233
49311
48065
69285
71005
56966
71888
57252
50516
54334
56404
67480
54652
60987
67710
67898
57785
76964
57703
68240
57604
44890
47361
49427
61702
74549
46926
59664
65509
70801
62159
52303
51294
51977
60736
72691
54292
70274
51330
74145
63527
71020
51161
68580
65545
76868
61783
55760
64141
50781
58264
76262
56641
53217
46000
61496
61950
47378
59234
55246
49853
66262
57235
54087
63404
62579
50941
73923
56194
56983
55592
50433
64015
69531
71062
49605
68887
56584
45886
68477
76640
58971
59453
66083
60938
62725
55751
61797
65567
73142
51299
56324
52331
67291
52312
71290
48526
63590
46690
62687
50255
71885
59562
69645
71731
64341
48117
58883
58959
58256
50460
55687
57946
57892
69308
54544
60934
44751
72494
70882
51856
58280
49850
56443
67734
64936
49671
72494
76330
50792
68822
50190
76580
68396
47344
56589
58300
50465
71005
67941
63832
71395
49623
70455
53666
49986
55935
47218
48094
65862
68558
48887
50299
53617
74445
70651
59111
47171
60809
64172
70056
66052
65473
69143
45225
62397
45027
72265
45521
69000
57399
69812
47066
49673
59481
72661
61281
51005
45804
71188
47673
58482
58253
59372
75013
57751
71942
69963
56070
64438
73668
57916
68657
66239
75916
75459
63877
66695
55145
51720
72603
76048
48873
46264
71551
74763
72584
60073
62910
57243
58221
76733
53184
50268
65108
72712
59224
49828
47564
46901
56474
65801
52642
70437
62957
54307
66717
46554
44641
58259
56683
66196
65090
73795
47068
66105
70125
61424
57934
68346
58082
45542
72553
68404
59163
65803
56332
64404
51868
55071
64902
48255
59212
62786
69642
58033
61187
46519
62813
46884
64484
76519
70610
60979
64237
44969
46456
55807
74956
52416
59282
72722
63732
71589
60999
72258
61169
61064
73883
47832
53752
46481
49310
76786
64195
63851
74723
47654
56220
72451
49204
64104
70327
59533
61572
52014
63172
51145
67109
61650
53701
54660
64060
53559
48669
73313
54129
70319
55786
54489
70635
74268
50325
75905
50043
58454
72360
74379
59927
71373
58335
76688
69259
74608
75649
73357
68971
60365
72432
68907
56396
53113
73343
72003
68915
61874
64645
67489
75342
66115
73392
61448
74210
69032
77211
77431
76421
71795
52898
63915
59277
68078
62453
49893
60872
76290
62187
49901
75886
46679
54425
55383
52819
53949
70820
72453
46945
55499
49747
51437
75334
51909
47080
61468
55914
60867
56369
63995
65060
53008
74330
64466
50477
47313
48133
61578
53077
55783
45468
49079
74612
75030
54502
46550
54948
76646
49625
53714
45997
62921
57776
68558
63169
74239
74813
63774
61802
50871
58239
61846
76480
58103
75127
72200
53215
56509
45112
63496
67736
53991
74814
62194
66663
50768
69888
58927
54181
56892
47048
75955
57599
52214
61635
77258
73511
70071
58964
74517
48841
45258
72366
45007
65729
66286
60322
47445
63627
49916
67765
53478
54011
67785
69494
77479
62766
48206
49679
56810
67520
50182
68633
65199
49727
62104
51637
49259
68320
63414
66776
64009
48753
55365
72934
66351
46223
45502
68739
45762
54297
52436
49574
75436
52197
50007
48110
47325
50097
48472
58682
50575
72028
67982
55412
75471
65110
70904
68269
67897
67925
67012
68207
65027
69705
64880
51534
60989
56979
50735
74689
54102
72561
61326
72496
55523
62653
73303
63054
52124
57816
70581
48041
63911
70369
44954
47744
59418
57386
62046
71124
65979
52716
49577
67009
74506
63545
62610
49935
75649
64307
60168
53509
56346
76668
46193
72061
64274
45805
67986
69438
70892
58763
73135
51845
68282
58038
68339
54245
64920
54948
56850
69969
55161
61454
66860
67960
53542
56873
75253
61777
72067
60120
73491
47094
66068
66848
47303
66741
54465
53212
51408
56164
46806
67762
52620
56054
48462
56133
50273
51788
71249
62636
48987
59213
60411
60196
65046
76857
58463
52737
69087
65338
58060
61931
46358
65597
61007
52550
77270
59647
57720
63730
62425
45931
51041
76085
76181
64035
68077
45813
55467
51037
54606
61739
70018
50672
54474
73364
77359
67758
76990
63402
48281
56309
54755
47314
54234
54657
48592
52439
55528
71300
53440
49047
63092
62457
53398
51452
52242
63797
72990
66606
71835
63679
53654
75527
58319
73569
56173
52680
60223
48511
61002
77578
54891
47784
63824
52215
63015
59243
65953
61625
70467
74092
67104
71987
69738
64951
53372
69103
58187
60755
55146
52568
76023
69659
71217
70954
55690
76233
64876
73766
57102
60756
57611
60426
70556
70268
67484
72640
60100
59810
48841
51670
51760
57822
71969
57134
54659
46412
47387
49655
45447
77734
52567
61659
66184
49944
74280
56954
76283
57167
60496
74008
67428
48852
45322
51858
49270
73368
61262
64663
54395
70608
61008
68884
65270
62466
54602
52976
77191
66400
61563
54010
68880
56662
51055
46368
61974
52063
59522
51681
73834
65052
69024
49157
46600
56487
65102
68235
48447
56869
53998
75491
76306
74138
64830
70493
50911
47106
47651
68066
54334
54429
53413
53986
57388
55178
49722
50317
71785
59031
53319
49734
72734
67672
64228
53332
69827
62838
56544
69595
65088
70730
67844
46859
46674
53930
52380
55704
52017
53763
64308
71018
55664
72104
75680
63381
76068
50026
60991
77195
59976
54889
46208
54929
69728
50218
65956
67951
69981
48105
54470
57964
68545
51248
72729
77177
71683
60072
45426
65709
51509
76336
65542
56049
73956
50988
46964
72445
64064
68127
77830
57987
77948
57469
58419
47529
66680
48058
74601
67261
66974
59047
57866
77348
66058
50430
51893
61076
49645
45371
62662
52612
70195
60590
58400
75744
57955
54735
46634
47872
63943
55505
73751
47579
67534
52858
74347
49784
70574
48433
71098
51110
69453
77913
62643
49901
69986
72157
67422
49860
64215
61964
54178
76036
68467
68008
63242
77213
76213
49721
52681
63880
57859
73895
68347
60925
57604
60936
75309
60389
60746
55991
49696
77714
74804
55206
61642
70830
65042
72181
63646
54897
56715
64707
65293
73751
77372
46404
48205
65938
54946
68883
72793
72828
65850
71370
61753
73039
65766
69841
72323
54488
54419
60019
50722
67049
69145
73527
77398
47951
73826
56429
63740
47619
55503
75015
72720
58277
67543
59306
60272
72997
72946
47877
46050
69060
47541
46178
67417
51771
65598
68730
73332
49209
73938
67214
62280
62995
60101
52659
63839
62135
58522
48238
71424
57827
77676
49792
50097
51348
47501
56579
61435
56768
66668
54454
72301
56135
65980
46742
46564
56104
52178
47790
50441
70896
48463
68911
53018
69497
76800
77251
70126
72400
51970
55583
70963
75383
63530
78039
66299
51149
63651
71031
59767
66762
59609
59087
51713
46831
58262
73358
72032
72317
74859
63763
70984
56806
76114
73855
70433
50561
71569
69135
76809
46977
59362
71081
59932
50216
73168
53172
56051
65080
69220
54573
76650
47019
64001
66039
77991
63139
64909
45427
66136
46756
73425
76113
68155
51713
63523
75430
77028
61332
51010
49470
61371
61618
58241
71987
49220
56158
57128
66238
49315
76989
55319
74830
48479
65483
48044
47831
77926
70731
66023
63597
62801
49668
74700
78097
70378
76842
53513
51659
48619
51483
75993
73209
63753
70220
64040
52966
63025
61570
52984
45470
72978
47173
50947
52993
56027
51857
66978
76311
73542
77264
46829
49315
76501
45829
61476
63995
70235
64330
61262
63510
72639
61820
65055
65255
55293
68661
64543
58857
73325
60410
54281
51196
52552
76214
57457
58735
62312
59751
66474
60510
51023
66840
63207
72510
69483
58383
70816
61878
57241
53831
74296
58288
53223
60449
56540
49841
69790
62038
52654
53605
65408
72240
76067
46463
74318
77306
48553
48064
76429
70069
46478
74324
59018
65548
77853
56677
50076
70538
62986
68075
50601
61451
52496
66241
71659
73840
77528
52222
72436
64663
59165
51330
70640
76683
56590
60879
57643
71159
68595
59931
55251
56545
61204
61603
77566
75924
58582
73793
72686
58334
52520
47169
66452
46972
59165
69489
58708
55763
78298
65911
58120
67297
54451
50791
68167
46194
53905
59541
49895
54935
68759
52392
67264
51284
55301
65520
50867
76953
76636
49402
73964
56179
75459
63073
52323
77700
64425
67558
56745
51121
63404
52675
51425
69914
46777
68157
50444
77135
49269
74105
62603
67777
70876
66448
63198
46454
60456
64741
51122
56833
77301
57527
69403
58546
58274
49650
50974
66314
76282
77387
55922
64881
58900
73611
73863
48939
49527
71467
56008
62089
78210
71714
71454
59740
69132
62203
72629
59823
64327
71722
49154
45750
76522
58528
55045
52737
47247
72861
69323
65781
75097
67782
59704
62077
46811
59767
78339
55549
48437
46170
71170
50312
66688
53305
49064
55634
62829
49936
72908
69224
76072
67175
78251
50334
62595
62942
73009
51657
77392
68618
78452
72751
46350
57727
52098
66108
63433
74286
47452
51831
67131
60658
62786
51124
60471
53605
63281
56714
56392
57336
54699
78087
60821
65603
70326
53667
61703
65945
47655
61043
74158
72160
46368
60319
46177
50847
63192
60438
68261
50265
59034
74624
68817
69658
76561
66677
61295
75599
47810
73452
59364
63962
54746
49910
70740
49766
52522
48044
72384
47352
47728
46693
50033
54215
69080
76333
70298
68174
70850
54131
75065
52895
56774
71682
54590
78074
73205
59187
59631
57758
64354
60000
53643
66783
57570
72091
48429
68985
48911
67744
65524
69924
56979
65545
71777
52073
75683
46785
54016
49843
66249
49083
53579
50089
46823
65508
63435
75451
59513
49238
67456
70651
73242
78030
59011
47407
61002
61024
56298
75300
47726
57961
49900
49989
72472
69062
63814
71275
57737
70723
68828
51703
53876
72790
60580
76319
65029
55054
73920
68741
55586
50246
52714
54798
64497
67358
67605
70385
76186
57004
47185
54542
66894
71406
72176
52354
71816
67075
70375
52856
69266
59803
60279
48705
51532
47277
76044
68776
78633
48488
69733
49535
62074
68459
70389
50046
57839
75320
76681
53838
62042
60390
60972
59104
55735
71703
53063
60931
45930
62250
58893
69942
62919
65970
77334
65978
57559
51238
68682
63980
51801
63194
72449
59602
60168
70189
65897
64500
69916
60164
55847
64365
56339
64376
60737
76865
58801
64460
49467
77041
64582
50082
51072
65613
53807
52078
75780
47754
50847
57898
61480
66708
76704
60236
75998
59813
77140
47349
71693
74519
48769
54891
78135
54903
77388
54985
63833
63962
52037
64501
57874
53876
47012
51667
57352
49510
53970
55736
49288
53976
56364
66082
66156
49992
78595
75430
46658
61217
55271
50217
76202
57488
70437
68947
57856
61331
58510
76609
76347
75859
73850
63098
47125
60339
56845
48165
76909
65065
72377
58233
62185
63693
46852
67444
50399
53423
77964
55504
54134
59502
48456
56371
56584
57350
76816
55462
78283
71402
77408
68168
60337
70739
61273
60739
56716
51671
72712
46336
64886
58429
49387
50071
52848
73360
73905
46474
68937
52082
59458
54706
74946
67763
58367
68985
77039
53538
72267
75082
63968
57507
61258
59718
64897
73346
46568
67129
65727
66055
53790
78540
63468
75083
53361
63740
63077
64073
71355
78794
66930
54840
70189
70964
57965
50969
67221
51301
59431
59276
58077
66601
75655
74983
48852
74147
62324
76681
58930
68418
58357
60780
70870
71665
70807
63226
51281
75406
74256
67106
51880
69022
76577
71594
55894
78655
55489
57031
70545
57693
78199
56043
65230
76329
48136
65502
59527
61639
46418
74768
58940
59975
56696
76078
76984
76503
73791
70387
72597
70455
72888
65601
74242
78445
53280
47728
57540
61369
59396
52966
77179
69835
65448
59111
56103
61492
52394
53679
60394
63515
65251
62654
69648
46385
55182
71284
71244
71143
48044
46813
78148
76254
50599
60110
46672
62878
72245
60721
47487
77452
66687
55965
76508
62230
73091
52010
55535
54065
66230
48771
64646
48389
57326
69180
78261
74214
53376
55910
66075
59271
56229
74849
58471
63850
69667
68594
54555
69275
66345
58005
60560
63390
46714
67861
71226
67750
76237
52057
52526
62472
72564
77441
66017
76014
48189
58674
68915
68176
55958
56877
54444
70176
51444
74023
66565
46277
66421
60885
65514
71883
55492
53574
62974
63193
72253
75125
77344
46563
71505
77599
65773
71584
59436
52690
71557
67903
52118
62023
55442
60502
72727
52977
75399
60443
73823
63190
54054
78550
47844
56990
60485
70550
48333
62441
50641
64547
57359
48870
58643
49973
77014
49698
78130
75491
52774
68765
68858
69470
72130
78371
48603
59871
53069
73177
50229
77790
53935
62231
67795
61061
58810
61557
66485
57956
75022
67881
49170
64358
52281
75920
57757
56580
66851
54282
69384
77496
50858
73483
58822
53429
67209
75119
56086
51413
49790
65550
77373
64467
74924
59281
53266
67258
51006
63876
58304
52381
56141
54188
48328
68745
46851
63898
65093
70584
69377
47232
49012
57351
57087
64836
55667
50858
50610
53459
49737
62239
55283
61112
71975
53856
77597
76269
51182
48733
46775
70640
56816
64937
64851
72218
67579
60276
68789
68909
51604
56249
68920
50988
56192
69560
47214
58223
54153
52903
57095
48374
63870
63141
67060
75518
60796
72175
57036
70610
66412
64598
73582
73188
63437
66801
64744
75548
57780
63503
52631
66160
67088
68975
71312
56245
61491
46772
67647
53684
62350
76307
77390
63105
64188
66895
54984
76296
51139
72935
62591
66281
67990
52110
65707
47494
60126
54747
73683
51545
65017
46658
69105
48268
76355
58691
71121
54723
65173
61921
71610
68669
68876
65110
58192
69147
78860
62725
59577
48383
63620
68016
66815
55513
54643
56043
60853
52478
74923
51152
65502
54139
66773
52725
62986
58024
57525
66459
51650
71936
64431
66088
50214
72495
75658
54488
66005
71789
67445
49071
60941
59659
66631
62130
63764
64331
54795
64854
69078
66165
50876
71225
68303
72743
70221
68368
49707
57325
67564
60640
50476
68881
53384
52338
65229
51893
65169
72449
57765
77342
51967
66357
77069
64339
74645
52821
68997
54247
61031
76216
72788
51219
75418
57468
66159
65032
46699
56699
49820
58242
78450
67963
61143
73121
55848
55717
52469
76533
65960
74297
77447
60375
51378
65919
65537
66816
49909
63233
54044
53332
62862
64247
59512
53247
52684
76291
64646
55235
62774
55582
56229
57488
75471
75218
65931
47702
59800
54955
51175
69655
54359
73704
59460
62016
48791
73845
54577
56121
66288
76574
77471
57915
46728
77821
54666
69730
63962
55860
58076
68611
50870
79330
66958
69183
57225
62031
68624
55000
50143
70762
72939
70212
52774
77174
58021
58880
57013
59904
77540
71463
47117
68884
55511
65347
61534
76720
56018
50019
72781
48249
62264
65902
71412
53165
52382
59318
68394
66393
61741
60112
74245
67532
68936
69028
64158
51275
50543
61376
53012
68614
74596
71154
60116
74571
56972
74005
54807
62714
66455
59179
55980
65593
48996
74412
50679
75368
53534
76830
68666
53592
59308
61926
78099
51639
61000
74334
72006
53711
68717
48167
76221
55409
56567
63681
55245
55339
73862
50520
69307
46785
61219
48609
69247
47323
77094
56934
75719
56828
51030
56990
63807
47283
64083
60353
70160
71445
76081
79002
73126
69482
67430
64478
64695
50471
72166
74940
61313
64029
54156
60853
79187
49135
53436
52654
50510
56777
63047
75588
66669
48719
63374
50783
72899
63956
67563
56330
55812
53453
47948
60546
77639
76421
55841
58252
51722
60434
76921
49932
54903
48007
65639
73684
55526
66411
61355
57530
49314
51818
75918
62445
71664
78667
48654
61065
62797
47394
49979
51816
70136
64455
79329
79420
76208
77958
64615
76762
67519
68376
64247
49369
58679
78546
66528
58716
64636
71709
75576
66860
62978
48678
75205
48906
70232
52439
68382
75331
79206
65285
78605
49796
46835
49387
48696
49648
72810
70359
47616
70000
73693
66595
65450
53066
75850
55911
69308
52214
71453
47341
59050
68909
69367
56421
74674
67394
71598
48858
58117
65717
50069
47077
78375
54278
47613
60705
69016
66503
51963
75486
78516
54517
61548
56602
51416
58248
57399
69805
75206
58697
70610
50371
78155
69348
59656
76943
76831
53054
49145
57662
56844
54536
47714
78890
61266
70293
65566
61777
61771
78824
77037
75269
55883
47890
52085
49125
63690
79547
65926
71691
74181
50942
53666
48775
73313
58490
71101
72204
72914
73125
71489
77802
75899
48740
59477
75836
60758
71129
57951
57955
51863
52860
60871
77235
63628
68718
63231
64107
50632
50698
79040
71403
77696
68284
74646
52513
55605
76822
55966
62533
75667
64800
73102
51910
66202
72688
53239
76932
66299
63867
77255
63807
69317
70571
60690
48975
76096
71090
77074
65174
64025
53917
54892
71604
53184
52780
53428
47993
73999
51169
78132
61088
53804
64599
50921
62906
49328
69845
75727
48488
56073
56611
74591
70349
50973
67484
48725
49219
56367
75653
72630
57933
62471
57757
63250
67790
55117
78581
70662
63608
51511
56834
50950
73862
63076
77297
64345
71854
51975
66618
55909
47953
62535
58488
63533
77814
69862
62072
76056
63990
54561
71312
58612
57208
75224
48178
56122
48288
61167
57024
72852
71428
47348
55458
64924
66912
49666
75927
71399
49034
73189
74056
67138
60072
74110
79651
54587
62880
73065
57446
76004
72144
76766
47994
73427
54272
71125
61315
64365
59796
70510
64309
68965
52742
60303
58857
60031
64660
79567
67312
59802
72246
51603
55079
65005
62419
67958
65739
55185
76980
78319
74127
60735
78137
52270
62188
54108
49611
56902
52409
66610
76305
71057
79355
64897
63591
61520
63486
55094
51596
76435
59301
79738
64666
62041
55550
51182
58172
75511
61721
69685
49691
75710
51739
55732
79257
62936
73102
65685
52930
77171
59643
54802
64639
72226
49339
63472
70925
60031
50442
49481
70574
50966
60765
47247
56991
53374
73206
73422
76105
51401
48053
66609
50875
60447
78385
67016
65624
48293
73735
71816
50381
50595
73074
66964
49991
72167
53532
64443
50914
69988
50996
55873
58980
68127
48833
71906
56363
77900
57654
61716
72292
70067
71750
76941
61310
65625
62969
48389
52958
67677
58112
65853
70101
64800
67398
56128
50383
57768
73927
64488
54477
77895
48293
67493
78101
50551
67192
63610
79143
61961
74214
57672
61172
63615
49781
63055
70987
63926
62876
65266
49812
70856
54048
70842
51136
48688
67486
54174
76672
70191
60771
57218
76213
75375
75652
58109
50984
73447
62252
60255
52604
68094
74544
50675
50017
51187
63977
49793
79114
65916
54594
65303
57568
61869
57616
73993
72824
67356
50082
73527
67010
73795
63641
65934
54404
59173
52730
47570
57351
69685
79746
63898
77073
65651
60474
76188
71698
73432
66123
58922
61346
54516
64786
75005
70443
66262
65911
59442
59875
59948
74875
74386
50686
54443
67601
78102
67617
63921
47663
69034
71449
59177
68132
73522
65485
61872
51244
51915
53617
61429
74562
76371
68093
50534
71989
68651
75486
65545
77054
73787
77291
69031
55121
63031
49818
52272
58738
78113
72564
63835
47690
70672
60358
50573
75194
52271
71066
69116
50735
72712
79845
66068
75895
52227
60674
79898
72147
66601
52575
62735
57421
62254
68215
76759
52555
59055
79360
63386
56933
80056
67941
71019
57460
79497
49526
74023
51435
58522
57951
72096
47467
50140
63446
61435
57745
64578
75161
75351
78611
69760
72728
49584
72715
65299
50542
70402
48018
62593
48790
72625
50321
62178
61660
69928
66260
70303
57233
50112
79456
49274
65027
60644
47367
72910
74157
75892
74297
57368
58538
73062
56605
59575
68720
72115
58592
54768
51386
75121
72526
54325
57030
53564
60831
65191
70849
50139
48019
63961
61824
52001
79041
76759
74864
62480
73771
79207
76240
60997
49687
69774
65309
48784
54298
63574
64462
66786
50038
64975
74306
55660
76198
61012
64759
66821
78646
61199
56316
71884
59608
61888
67241
76047
69301
59065
79245
77676
69121
53293
59560
55350
72914
72363
60890
48923
71730
57062
76700
57091
50290
61623
66542
80186
59330
57189
58256
63442
62207
52003
53621
69443
77004
78810
70261
74581
70372
75049
79170
78656
58799
58283
72349
53521
70163
65400
52682
59471
60812
61422
49473
55263
63615
72881
50086
58149
72395
63472
49403
48748
69282
69098
74773
47752
60823
77233
60492
54201
70647
69422
52087
75731
52829
72294
57368
71580
66945
78843
57299
71542
56401
78582
50725
62270
62531
58307
56146
67955
52201
48253
75679
49563
60358
75373
75458
49634
54624
65741
53143
75781
59542
49361
50196
51566
78644
53992
48511
48801
57029
74047
67806
48598
77992
58246
75696
67815
53350
72696
59610
62061
51267
58773
69092
48678
62483
63410
53349
57499
53839
66228
56252
57855
60264
51737
69377
59481
50011
73656
72508
77030
67974
74825
53716
57528
64186
61735
79690
50340
76177
69461
77350
63579
73986
57279
52786
50391
70962
55491
48103
58873
71309
48368
70693
71536
64278
77582
49191
59612
61947
51038
50613
73011
62829
69155
59291
72036
69294
65376
76379
75323
73836
64484
69919
67973
76621
52100
75505
47732
49355
70824
75822
79173
71746
60681
57400
78367
64071
59320
69484
49983
63036
50275
60756
73298
71201
74708
72477
70946
66733
58810
72267
65909
55710
70572
72619
75826
65613
64875
47753
55238
60549
60007
63524
50630
70037
66693
68447
61398
53156
57376
55481
66505
52037
50510
75391
70410
58188
73316
57665
70970
80095
77756
66690
65050
64976
64693
64435
60076
64810
65020
69475
76181
70153
68874
78512
74438
65711
76014
50433
57947
58837
63565
72695
51907
77887
76967
59808
78370
55443
76507
53998
61171
52075
72942
51816
71666
80297
53512
66336
64313
49931
68031
69605
69801
77567
74648
66233
60299
75704
78795
73862
61303
76673
66631
64780
52341
75857
69878
70430
67171
62880
59970
77070
68503
73850
73944
78182
73413
48594
73388
75736
71714
79640
69949
68216
49609
50446
51482
79657
54110
68823
78501
70997
53490
70480
52247
50146
53543
64164
48324
58209
61077
48667
61857
53384
59500
57395
58115
58082
79450
48882
59305
66501
70575
66170
80125
78213
50623
55774
68759
49895
74119
64052
59139
65240
70804
70636
68548
56415
79137
78432
77464
65233
73088
80299
51710
49732
71355
63167
48886
60485
54906
62898
74248
54478
54311
70233
55687
72562
63825
63256
61719
48347
78158
65016
50797
72822
72741
75770
62294
54893
59563
73388
71931
60886
72171
62457
61539
76586
48075
70725
50233
48888
51949
73402
79824
64730
54228
71644
65380
49833
68936
76388
60835
57325
61947
59979
64107
70039
73068
52773
75478
58867
61452
53936
57972
72920
48800
64685
54743
55330
69862
77038
79445
77921
78715
64177
67337
66003
73980
67628
60187
66960
67179
66921
60737
68357
59093
54612
57478
58787
74290
67859
48715
58072
58253
75157
75147
56383
80485
59246
57187
80404
58194
63714
68817
63978
66540
52799
57788
69024
56808
72817
69940
75409
48516
73168
52988
49419
75558
71996
68165
66563
67647
57196
50621
51462
61302
78467
78024
57459
69635
52196
58893
58856
70744
62536
62261
80122
66567
57870
69103
60969
49376
53714
72248
52242
57177
68928
58841
76007
56884
54314
48433
48157
65883
56281
48436
79972
54287
55457
67252
49628
71233
50616
79584
70790
72000
57161
51466
61177
53141
66243
50605
70998
70699
59767
58030
65661
60596
61794
63714
68993
52039
59463
62161
49498
70478
68866
71865
62682
58783
80664
56790
64739
63465
62610
70369
74454
64338
48652
74199
65870
54878
65801
79611
71951
79379
59529
64286
78393
80475
60382
49950
56770
49577
64443
55469
76578
71647
66958
49235
58960
68720
49423
73910
61934
78785
64537
77594
70080
55254
55482
50468
80227
56362
78214
66531
78652
71902
71728
75793
78766
61718
74331
62357
76944
75937
63661
53325
62686
48344
56357
69643
71854
50376
71087
60893
58726
72851
66550
78994
67117
57363
80762
77433
50335
63681
60642
49772
49605
49877
66963
57869
80708
69039
48769
77136
78036
64374
68933
61242
65012
66559
76657
55272
48093
73456
75808
71634
65460
55589
79825
49233
51459
55634
79477
68959
78954
71658
69574
64670
50834
52800
66011
54685
58211
57581
60921
67414
50551
51569
76717
65275
68046
49949
70167
56306
74691
48944
76681
75038
52542
58432
51025
58208
50988
72923
56786
50525
65068
63855
64218
77954
59275
59751
74287
58182
76403
69527
57963
68783
59743
79322
68106
64792
49106
74745
78530
54321
51273
56783
71443
53319
48750
68779
58910
74438
70030
71670
68026
60924
64333
78102
70341
53279
61081
54929
49080
73618
62172
70262
53630
48228
49014
63481
74375
72474
76650
74845
78872
60590
50519
50967
75237
67543
75691
62768
52193
63371
56595
52203
54869
53954
59702
75432
49199
49534
51618
60424
63389
54024
66310
79442
62683
67964
69283
56085
78666
48775
80893
71183
49345
50544
56022
56142
55079
61013
49500
70805
78914
52920
66210
52737
74698
62266
59725
71148
61378
56997
68240
70674
76552
64048
66906
72690
68138
56063
49613
48760
48763
65770
50419
73432
67430
62079
60588
69309
60931
55882
75755
79267
57064
67924
65314
51073
71234
66281
65787
69292
70180
62878
59209
52472
65310
50579
67646
79904
54034
68598
59358
71016
68163
77768
64947
80000
80559
64484
66243
59820
61855
54845
56255
63266
69500
64615
62333
62899
71140
59737
72104
62638
72701
51313
80311
76034
56585
72120
65051
54178
70971
60264
78781
59182
73929
52395
65959
78031
69955
56742
51457
67683
77091
73910
49472
52186
69029
61689
74906
76255
52953
49681
65725
65467
67062
68900
65472
52855
61937
69415
48474
68417
72270
80989
64594
53010
53303
68890
53302
76173
50635
67533
69456
72489
77752
76861
73942
64146
75020
74771
64353
51533
78152
56473
59296
80795
52406
60865
56142
63393
77565
62057
65633
53189
77811
79325
81029
64603
76466
55966
52424
71809
71406
56930
51607
58951
52358
73563
75497
73236
75096
50876
66746
52549
61786
81018
58299
67606
61671
67663
70216
62150
51542
50181
58778
58870
75729
66289
70462
78419
67172
53950
48837
51060
51029
80236
69566
49669
72372
54423
58337
75046
57906
65021
61837
49934
67383
71995
61045
71924
63278
61143
69270
74287
80420
80003
61292
59036
55185
49824
50021
51264
64885
50946
53654
54318
73127
58611
73132
72363
62826
55930
52262
53905
78658
58077
71362
52209
77574
56932
58677
62972
59445
75616
56863
64548
48781
79980
66622
48766
71898
67571
78818
76139
60941
81138
70817
77943
58509
73983
54091
61569
64466
62347
79905
81181
62511
66148
60737
73014
59631
76669
67941
64248
53412
76786
78541
68332
55228
57415
61050
77413
51541
55793
61341
54556
64083
60951
64335
74263
60079
74137
78978
55247
69905
71250
58424
53137
66722
56730
70131
65573
63771
54287
65644
55214
49443
60054
57991
60625
51927
65692
56455
51993
51882
78754
75134
56986
67695
51192
56584
49877
66228
69320
59705
63708
56402
60759
61652
51383
51266
59784
50622
53765
59314
57250
54194
69606
52824
50514
59189
54297
73991
73204
57549
64866
66176
66574
75886
60719
49802
60445
62773
65658
66373
66709
81241
69617
51387
55075
57950
80725
75448
69429
60811
66592
65756
68028
61599
64362
69870
70192
57024
67341
75635
61653
61876
66056
55935
77374
61267
80929
71372
77839
58172
72911
50953
70407
73928
60758
66932
58941
74044
69172
68523
76713
70211
72636
54463
49639
75931
50689
75147
72504
68366
57333
61252
58826
59812
59858
49233
67897
70935
72377
79708
73045
76423
77209
76969
48678
75631
62803
66982
57645
63960
64540
59076
69613
57548
78370
79750
76714
78094
61298
77015
73329
53768
52505
52641
73048
67333
72073
75163
57351
55456
60479
72291
61815
78460
72867
71372
65018
67894
73776
65657
49788
72856
70612
76715
65800
76304
62618
49495
73358
74592
52102
52092
52707
81302
53440
56243
60425
60479
51702
65544
61873
72920
75771
64008
73214
50821
75700
60443
48780
74246
64052
61716
80049
73190
79910
53767
79874
58101
74859
52826
75289
64761
66053
76319
53142
64417
65844
63137
55908
73658
67550
51517
61758
59557
55604
54388
51313
71177
57491
71486
57315
61893
74664
71328
75348
63017
73688
54656
57828
74853
71391
65209
66005
73537
69303
62827
81299
56847
67771
49044
74993
68574
78860
65253
66998
59121
73524
60366
51800
78960
77065
67292
79367
72796
53460
62532
74221
65992
54707
79296
73653
76615
79164
79513
75082
53153
49507
56837
75233
56010
75166
72628
80953
65300
66375
74406
51745
59043
77121
50751
78140
71969
50910
77213
67841
59828
51712
53545
62981
65837
79999
63084
67197
55427
64715
73253
79870
79743
81363
71832
68232
68536
76325
78888
50371
76738
65110
80424
52616
55971
51876
77295
48803
73606
80858
66090
70872
50612
60276
79991
74020
71871
64260
73519
73540
78080
65236
74114
71036
58436
64461
56778
57745
77507
64663
63001
71447
75858
66050
53012
70387
55769
53925
78085
59416
67334
60869
65323
67988
49219
75128
63829
54736
53478
74761
80815
59155
56744
57503
61659
52553
51033
50970
59971
70915
75218
71486
70318
49086
61226
48915
61202
69992
73517
78987
74153
55072
62217
70246
74567
68414
68939
64595
75499
64147
71178
69208
56212
52978
76642
56179
65622
74478
79397
49026
65196
66278
63180
67680
65296
65343
57012
80465
76745
78833
67975
62368
71173
59717
60151
78726
61735
78301
66739
67662
71778
76276
80019
59575
70279
80871
68374
81050
67611
69108
59919
55500
57261
64834
52123
62022
62566
51746
80214
52355
72418
55701
72655
75562
59454
77838
55865
77549
61299
67961
74339
62897
59618
78459
60650
79343
63536
67324
70061
58714
66643
80355
65665
56002
54765
51744
61990
68408
61401
51440
75130
74355
54788
54620
64749
64114
79487
61699
69685
79459
75986
70170
67139
66756
63378
71345
52085
52424
75830
64824
63501
51964
79142
67137
64226
57642
77333
74632
56405
73085
78481
55344
77191
81127
64216
61007
63433
76992
58094
75181
49236
53168
76780
49097
62523
68046
59291
68893
53405
55305
49729
57251
72479
63176
73403
67224
81561
56269
80076
79744
73744
67423
49589
67690
49125
61608
76550
57205
64331
69980
70579
64403
66046
54427
68458
64141
54323
60697
73764
65608
56522
54908
59899
58182
64459
67077
67899
66159
70928
69235
51899
75794
63295
80676
58990
73255
77564
59006
68661
55255
72284
69517
78583
54334
53404
62189
56820
73327
78355
76523
52310
69304
78949
72423
50953
78120
81658
76285
65741
62799
76718
69860
81034
68421
49098
81685
77283
70126
78132
72496
51213
64123
68578
74396
61154
50484
68500
76910
81457
64373
81347
54157
56153
68343
65492
52243
66838
58961
77202
75766
54682
69311
70619
52967
60128
60193
64409
77178
59709
69703
57589
57224
68664
56939
76487
55762
80283
71679
63056
55014
51914
54698
52011
68423
65620
64397
52097
58568
54216
70602
78973
55609
72650
78407
49919
67653
79461
50607
53397
79003
77219
63930
81063
55372
68187
69295
62961
55412
51531
51751
79926
72733
75366
58643
53811
68192
78447
72448
67539
78797
59079
81562
58529
76558
76676
63343
70274
53446
66498
68854
67748
71359
54334
58064
75442
65093
63521
68173
69706
54733
71705
68914
56496
63963
63406
54714
61124
72994
77012
55258
67889
56300
62908
57289
62184
73404
73968
76224
81869
69682
80799
75519
70063
76336
64053
70672
58750
73275
69423
50255
49336
72996
58414
50858
54053
49639
59722
51110
57540
74707
61096
54434
67589
54251
80975
58464
79928
51597
56375
51393
60486
66129
51875
60880
64927
55604
65713
68098
74611
55542
68912
74685
61989
69056
77745
69654
61181
72202
76257
52959
68637
70332
80662
59361
73910
59027
64039
77158
78203
54471
65921
67579
73046
79595
74103
77683
66138
74260
68826
62767
61178
74557
78794
66461
78712
72426
49355
79615
59296
64524
60444
62318
63669
61989
72004
72734
54188
78508
62189
69603
65432
64947
63733
52980
80998
70087
79043
77296
63946
71448
67543
80414
80505
50650
51365
78585
79769
52202
74148
81132
55413
79285
59042
78170
53878
56918
54362
77793
66895
76542
61000
54496
59255
71065
61116
80182
71388
51886
64814
73549
57814
56967
73425
61784
56409
56723
71018
62680
54640
80904
73827
55141
49382
59596
54299
63659
59718
67478
64385
71091
65031
71249
79841
80228
53760
65985
54014
71241
56866
60776
63328
77204
56421
78507
49903
59235
69379
56113
59329
65603
67557
72332
53041
61426
66650
68379
62257
77162
78095
78382
57825
62490
59964
69484
73568
61047
52251
80754
55777
59827
75678
55741
74754
63180
77665
57802
76122
72905
61662
66427
69969
65601
60896
76477
66613
74780
59962
58984
67210
75677
49592
79463
73377
75169
55894
66840
63596
71969
67248
53237
64400
60158
60602
50037
67516
68862
50353
52781
52025
50705
66641
61243
59331
70618
51785
50148
55704
50538
73196
71804
54478
78671
55081
65670
68841
80077
49853
80413
72365
53867
54951
57491
62513
66994
68316
78423
76597
63025
76349
60956
58805
52164
77766
68407
50367
52758
66568
53577
77185
55653
77529
70431
75942
69765
53578
69846
52195
61480
64473
50499
57804
75612
79080
74386
50157
55637
50030
66092
72470
76909
70125
52191
63990
51817
81316
71737
67051
79358
75269
53812
74265
72084
69737
72729
53434
62281
78851
64414
81588
49721
49682
69969
77169
71933
81499
57146
77547
80241
80855
58044
59398
73146
53673
67005
52515
70280
56402
76551
68850
50841
57128
55789
73095
62335
72197
52529
73649
66466
75580
59685
68743
55688
79313
56593
57667
72788
78825
62421
81236
77197
64895
55247
75438
76833
58201
52735
59493
75946
73274
76905
81786
61167
66138
69563
51701
67758
67347
70704
60467
56729
63197
71092
73858
70814
56188
80713
58603
72299
64120
53673
80719
61746
62926
80173
61366
77225
58597
60141
71907
50518
63939
55593
67372
70153
67201
77544
71048
77482
63228
78558
69866
69940
70350
53651
76237
67074
72573
70338
74768
61514
72433
65023
80133
62439
63020
78493
57285
60507
71733
79567
61382
54548
51541
49677
53679
67310
67206
67258
78442
61178
60713
81667
60539
74366
69367
65802
72593
62524
49722
73284
69211
61175
49725
70175
68253
55604
78849
50153
71555
75326
58161
73709
49717
63596
52056
52191
69803
71846
82258
64122
71363
67366
53505
74343
57745
67964
74561
72801
77046
55765
65565
60567
71540
56188
82243
80721
51264
63649
51381
82135
80793
68954
53186
75919
76121
66535
74293
77669
80330
67130
72140
65903
64698
59575
60907
72401
54994
78392
76690
77791
55587
58708
59789
57474
79618
61153
68842
80605
52758
56759
78256
53552
62639
51127
68558
59132
66137
65548
54354
63848
50866
66225
71387
75491
57976
80179
62289
80395
79590
64697
75731
56269
57153
63809
63217
78030
59566
54828
81436
58890
80966
51197
53338
61628
61292
61278
59711
66941
61022
76132
52248
68271
79115
79123
58217
68124
68133
53797
62618
58843
61558
81159
80877
54388
49783
76837
66739
59459
76831
78439
70080
75298
63225
76539
59932
61250
56441
70230
56827
82522
53904
61557
55279
71684
67198
79977
52829
56931
63976
82194
59694
55306
63018
80683
77766
57881
51694
51334
54074
58793
66814
71833
59581
63595
75350
77370
75868
61579
61566
78503
66540
61403
55318
63945
76352
76333
82098
72634
51871
60160
64489
51076
76916
73312
81577
78636
61256
57607
65741
52463
67310
56264
64242
70091
51197
60974
79494
77121
71812
60512
58401
50778
71928
62535
60441
73192
55665
73203
60753
57870
61206
68411
73297
56066
64982
72356
50332
54546
68186
82309
79421
60389
75831
53608
72100
72452
55399
76978
55216
79768
76794
77447
62477
79734
65289
51688
81856
59736
57324
74782
72192
66157
63148
77404
78664
75029
65723
66208
67242
50405
79075
67546
64870
68594
74621
74064
61627
75084
59107
60737
65021
69832
79912
54984
57576
58371
80902
65284
51252
72867
72727
82294
55401
59360
81992
55210
53493
66372
81036
57370
67452
72366
50893
52303
77167
51101
51496
64073
70624
71083
58457
64801
57749
77912
63092
55533
61275
73225
63959
79332
81564
76881
53340
52931
81460
61806
52947
73327
53633
67351
72879
69851
52665
57973
80895
80684
57729
60783
52640
57115
72379
50474
58801
81307
65183
82384
66632
64700
59405
76689
67171
74960
73761
82152
74530
63692
58633
61984
51507
77297
54035
62998
61581
50859
58378
72768
78945
70841
63683
65518
51533
75406
73971
65744
74708
74743
70979
74937
58123
56831
71591
50850
54164
71184
77291
79602
73424
82010
60047
78077
64081
50552
79828
51658
60302
67409
55575
80921
62427
77117
71262
79268
80024
64362
50737
68006
64424
80253
76203
60570
63525
60540
52944
73029
63313
59371
60705
73462
78288
64053
61550
59661
53525
79950
75244
77754
75035
76951
81799
76295
57941
60674
74105
63769
64487
56438
77340
70834
60950
72565
66556
57595
68861
60412
57905
53633
76674
68778
75500
81277
77449
53029
72783
51544
57448
60858
67458
67950
71834
58435
77315
82451
68535
53326
50493
59603
55203
72827
65629
51966
73734
64294
77921
64869
52989
62534
76401
63838
52752
68245
59507
68366
52067
80882
71642
62695
57136
57603
68286
60527
75124
77854
81714
54339
73705
59242
61650
55132
62517
57921
59547
51602
55905
73177
65280
61790
53132
61732
66617
73444
57569
64500
66271
78897
74438
69987
69814
66241
75862
74098
74186
74308
69394
58864
70077
74913
62163
54942
55135
52028
56836
75920
71295
74101
68109
56534
66561
73841
66578
74332
53297
81948
68062
69391
68439
72046
78618
62529
80012
65006
80579
53839
66251
75893
64731
77697
51275
60213
64606
54833
61452
65273
66935
81456
81328
55214
81908
75109
71565
74275
50680
72631
62208
53005
70383
67118
56068
53070
57031
56660
50435
58743
80222
76514
75756
77963
64054
68248
67973
54278
55408
78445
62979
57629
81656
50664
71128
58696
78077
63694
54732
82430
53924
50429
54607
78271
59901
79768
69389
73304
60470
72036
61380
76899
60174
63090
53074
73741
63117
51455
65555
65308
50930
52120
59497
70704
82670
79490
55964
79688
79375
60504
73445
65417
52095
55798
58309
82491
73966
69014
67739
66325
67021
51513
63094
80314
80573
70729
64296
69763
50503
69756
55964
65663
76749
71163
68201
61112
77248
56004
52134
77496
52244
76108
71425
69196
79345
60009
69387
52872
60844
67184
60630
77323
80373
57754
72386
59525
79698
63405
61844
53110
73164
56024
52168
57400
69351
72158
58153
64319
65496
53623
76958
73888
70643
60659
75335
54736
64355
55840
52168
71854
76317
78958
74981
66500
64279
76625
74320
67530
70580
75751
81086
56940
72579
62939
68160
72270
72746
62345
81361
63564
73117
68962
50475
54790
53908
67730
63712
61852
59707
57569
70309
54966
54315
81367
56817
72904
73625
82724
54983
55956
75469
81983
76495
62192
81366
66380
53420
73417
74621
54083
76170
55400
53111
54607
57590
68596
61663
57716
65267
78136
78051
68213
57418
78503
69053
56565
67873
50589
57829
72156
67023
71656
60292
61436
52719
63111
59436
63733
56755
53681
71879
64853
63868
82458
82382
82948
53159
62321
64444
61664
60585
71725
59329
79524
79198
51849
72890
57358
56222
65229
57441
62529
65810
60112
65729
64104
64581
67259
57838
73884
62462
68367
70642
51720
83150
69610
66826
51274
58597
78214
74771
82973
80425
56834
67391
71989
71306
77925
60172
76139
52879
64736
73079
60186
73269
62035
76140
79561
53242
62739
54914
71690
55861
71403
53477
75169
59048
53344
69011
74985
63576
57145
81612
64628
74653
60991
60611
80370
68725
59970
67226
77652
73501
75868
65421
60209
79587
82298
52334
69736
75574
50967
54609
53511
56063
79179
77704
69739
65076
50693
78802
61609
58793
67988
83151
53037
76074
59501
55735
62625
74696
61992
74060
64529
52848
73163
53517
79180
75970
57163
62637
67213
74783
79440
53699
69978
83204
72249
78787
73389
61079
59232
78893
71250
68736
78239
54020
66960
69370
73747
62338
63755
60714
79391
69898
77289
74159
77236
82014
56884
54650
50896
53522
76927
77024
77893
74561
62157
60141
60860
66942
63662
57084
57081
77581
54443
53380
52321
76372
64740
56629
72889
82828
51960
64836
71728
53180
63269
74243
56480
57320
52913
74420
59153
78981
76168
60319
54911
66865
58150
74594
52189
61601
55991
80521
68441
75995
81533
72030
82658
77733
75379
57346
72167
79677
82480
60605
61026
64330
73229
72851
58134
75283
82826
64024
74516
71151
80110
52869
65156
71420
74798
51466
83106
58644
70928
77926
65287
68093
80528
53942
61994
60384
67459
75658
67366
73725
68218
55358
66238
54684
64745
74376
77214
60743
52617
51533
53731
69686
76282
67513
78302
56331
52141
80526
56341
63168
68609
78780
65675
73437
66476
60467
76610
68590
80221
67573
67581
78644
74656
57455
70474
83099
66049
67849
56512
62444
53620
66044
81542
57924
57332
68963
77333
80837
82795
55958
68158
56715
79826
64435
68206
71649
75929
55677
78641
57525
59721
72042
62453
68170
57704
76279
53777
53805
77725
59711
83205
56426
67604
72140
75779
61183
53796
72109
58543
65937
51503
69576
80676
62814
74954
66418
52023
67955
68638
70205
82687
57119
55438
79889
54933
74407
60315
56703
58648
76859
72708
73809
61172
77097
65073
68198
82276
81233
68561
76477
64310
56537
61123
83151
52943
81442
62258
68130
75118
60410
58629
70171
67509
73747
56438
66580
61285
56755
81408
75694
58985
74926
61823
53096
71446
53394
70803
53617
78257
63521
76869
66235
52017
57604
72173
59473
72007
56253
55123
70378
77724
72670
81428
55486
74330
57464
56903
57752
78317
65751
75873
80173
58379
78188
61014
56236
77297
70923
65537
61590
70640
61015
59078
75728
57897
66938
66678
60663
58005
71193
72050
58611
78920
55686
62996
59855
75766
65848
56138
63687
83382
79225
52868
50851
57350
60511
58577
60996
55311
77053
51524
60797
63275
70362
66205
58404
65957
75171
80933
51560
59072
55580
71130
68452
78330
51548
81868
52469
74129
67386
58567
79305
67143
67843
75826
67769
53346
70510
80695
62553
60920
77521
52517
53709
56937
64660
56082
83422
73517
65766
74436
63565
54736
79024
81106
54630
56122
62407
74246
69081
68660
72550
73734
51398
66344
60635
65843
80919
73512
67712
60370
73490
64562
70893
81002
76590
82099
58988
57196
73510
58441
80558
60953
63565
54221
56508
70305
54817
71313
83247
63368
80930
55526
68260
83534
75237
65506
79467
63823
74084
76384
53631
66792
58264
82759
81339
72667
68426
67856
77642
70389
67110
77442
55904
75758
52241
63680
76071
77712
58556
65158
69117
61211
60281
60592
83420
74985
66894
62460
73497
66638
64840
82960
71762
75970
64274
79807
60322
83010
67526
71304
55830
68851
54531
69471
52069
77321
64064
53425
71131
81895
72800
57762
66199
68487
78726
73881
57846
72989
58154
68350
83023
59895
71789
78402
76513
69032
58025
66080
83209
57957
80461
80931
69049
63663
76264
52329
56613
78387
68995
56230
82623
66542
56372
82539
80742
74644
77808
82345
71642
74803
65441
74865
75636
83475
81784
77565
64276
64994
56197
65268
54362
63245
82053
82154
70937
71025
59131
57126
82696
80435
70786
69033
62395
53228
51041
55148
79058
57866
65632
69864
83057
82803
57050
54235
77296
67691
82708
59466
73427
55223
60109
81602
67580
55042
80918
57316
57119
79489
78436
62753
70775
73683
74212
52929
69815
68651
83214
68394
53060
83376
51325
82783
59553
71716
51454
57543
74026
62660
63463
65584
53254
68976
55722
67091
78423
76556
53929
51225
65203
82726
63052
61407
52440
69849
52305
64246
75163
79089
65636
64559
53026
74063
77808
66069
76115
54160
51764
83642
77452
74473
79513
68791
60565
75093
79171
52590
68051
61427
77286
72850
76478
79529
57563
58602
52117
69390
77427
57937
57936
55943
59531
64770
56534
72624
57952
59922
53104
80637
78501
79166
59261
65185
56275
71655
63080
80302
52929
82267
75992
63102
64372
62550
81446
73811
58424
73161
54292
61498
59119
51417
72380
74037
77994
70699
66758
77720
69494
68703
83934
75700
71289
69594
82277
83891
51261
73673
70503
63683
80715
82530
69070
58231
60668
55917
79829
74601
79500
71684
69055
56869
71792
59031
83656
82242
53225
64563
79708
76754
60122
60931
74631
67325
52695
60951
71085
70120
57470
71268
68987
74972
54282
58636
72477
77732
79909
52704
80561
63286
53758
66851
66556
54934
59804
59281
66140
67320
65906
74656
51454
78629
76851
67590
71505
55839
62695
72571
74171
83208
68927
57792
53898
70720
79397
61920
71469
75726
71320
82358
69028
59137
62647
51887
75317
76630
66843
60370
68961
53917
83050
77053
61974
80984
69417
83825
64550
79460
60370
71568
67320
72923
80679
56294
62590
78136
82629
58727
76902
60604
83452
72951
72597
53777
73950
66096
83921
66094
72086
67423
52157
71802
56316
61135
53003
70196
54118
68939
52973
83218
54976
71134
51916
76072
56031
53981
76093
64012
73490
61479
59697
62264
67578
80556
62315
76719
72860
63788
73784
54500
55733
82497
83290
57559
53069
62368
57413
54145
81039
77468
77966
82802
73176
65004
54944
52665
57614
67757
51889
65796
78899
63147
81908
66568
74298
59868
83984
64291
61977
78125
51922
61760
64543
71809
75294
83964
59784
63991
68140
62215
70223
62572
58865
66252
60739
60226
63450
82516
83549
78687
54976
60519
77649
70008
67353
80885
56931
60815
61547
56245
61308
57274
83719
63756
80765
64039
81395
65072
80339
62557
70952
79757
73804
72644
55293
59496
79144
77160
57316
70338
67444
64762
61268
63103
65939
68888
63750
68551
68126
64717
59236
64685
75502
61020
63551
57870
54902
52025
65728
83900
70486
67929
77217
80860
79406
54699
70556
60813
76208
83943
74788
73419
75002
66438
55892
60818
57378
59921
78885
79942
63250
82591
52195
74066
61078
64154
75234
62992
69555
58305
67181
64745
68923
70515
58367
61117
75678
83754
51638
73604
82691
62022
81412
72246
74647
55564
65960
78825
82981
56558
80604
55865
64232
56844
57552
73965
57501
54780
64344
53976
77275
69574
68321
68092
66215
74035
76970
70390
52292
67912
53041
73622
81224
71693
68331
68813
68597
66451
62263
81868
60101
52788
62357
56938
61255
57885
68883
59078
56106
67082
67593
59950
64407
69457
60934
61248
70341
62754
57354
81743
65479
76045
72950
74505
71848
55492
52288
53846
60089
64803
57579
72579
54570
55917
75959
66975
78296
54745
56213
61989
65638
83021
81757
66012
83855
71273
78787
82172
73914
67015
80520
56978
74191
75649
53229
62245
72010
67572
75629
72346
53390
78788
73899
58709
84091
53793
67754
58529
74818
78920
64316
54866
79480
65100
63677
78761
58474
52502
66560
75639
54193
64938
56458
77701
71174
63917
76030
60724
83799
77092
75225
59745
53786
67967
76895
53131
52705
80342
75222
58424
76846
60530
81649
80532
75657
54671
61327
60764
75985
53088
76454
57082
71376
80724
51833
83186
82961
67736
68882
66172
61174
66525
79084
71282
67589
54363
74224
73837
78467
51734
63138
82220
78660
57696
73117
55861
82369
73631
82749
61630
61291
77136
71579
79821
71999
53580
60606
66975
71579
78154
66831
79943
73808
64422
75278
52631
69368
56929
82756
78403
67466
61288
54648
68676
75563
59929
78374
66683
79687
58883
63277
54167
71393
60141
57032
71224
52775
67098
69567
76884
65610
83148
81375
75739
77708
79879
77479
69270
67483
58775
63044
62293
74269
51797
65728
76361
63884
53669
80758
72879
65092
58947
62153
65454
66010
65600
79893
62083
60592
54343
58342
83931
61894
67621
67688
65152
79059
69768
59423
77112
71317
72711
83160
58859
72549
77667
72416
54275
73742
55053
72819
72216
53471
70120
65911
78541
71423
55631
65387
55541
61441
59994
64922
80635
58296
78941
55700
64896
68685
69810
53214
53573
58510
75705
56553
73804
53385
75548
76353
71226
70746
77144
56327
67584
77121
69241
53921
65210
82168
54820
79024
59863
71491
76507
54594
81019
53704
63101
51786
64033
54817
63500
83789
63109
73264
74419
69725
52417
58034
60936
72011
53686
54295
64398
75033
66989
54674
79230
63918
84286
61036
51911
64461
55666
58781
76883
83784
55076
80797
61324
71537
56749
63096
80415
70610
60608
62497
72447
54558
76178
79624
62638
79463
80702
57582
56504
83600
83561
53240
70784
60934
52257
70147
65342
72875
61451
74296
80201
70675
59838
74976
78994
74227
75114
71033
65137
57046
55229
72457
70309
83218
67847
63154
57238
78843
56220
82055
57308
78678
70010
59038
60677
68369
70955
74342
77715
66353
68077
55355
53317
57355
75537
70968
52888
61111
58017
73549
73868
79298
77637
52113
65451
73251
53607
69337
67400
75888
69526
64649
67589
66130
82472
75690
79000
69687
67108
72253
68558
81734
71519
54991
74703
78744
71140
71758
80549
75429
80537
82971
77816
68092
81696
82528
52251
82488
64764
77988
63565
69167
67573
74397
52280
61036
83901
58693
70846
73952
54483
63536
79861
66772
72872
78108
72304
64290
69889
81354
59841
71333
59036
63500
61499
78062
75542
81952
54781
79672
72204
53564
62252
82846
84353
83050
71551
54924
75135
79254
60161
83060
68353
81637
52242
76738
78353
81481
52911
67345
83758
72019
82164
77727
78832
62280
55519
58366
56047
67958
61271
75533
84704
76232
60525
68391
77057
63385
84193
81306
62136
62150
84200
58971
67190
62727
54316
77816
66530
72063
69397
68557
80692
82577
72007
67195
66526
78326
71020
82070
74354
59148
56883
57246
83392
79729
68760
68401
57150
54737
78695
84606
55982
80636
62459
54781
63738
75068
53324
78174
53859
74213
56873
74175
82906
54573
81857
54305
52142
62526
66920
83997
72040
75146
56472
53971
54516
80735
77878
52772
57601
64699
73239
84001
72873
61537
58819
83650
59477
56876
78969
62428
61915
64164
62067
83277
68586
61647
62826
62841
70824
81482
80989
57339
77721
71063
71823
71316
54979
80569
59343
82535
67344
69118
82939
75113
68595
80157
52167
53267
77390
78464
59579
57178
84628
68323
79483
55008
70187
80158
61259
60268
64532
55359
66002
53656
75981
68572
78878
58569
81270
65192
63465
80484
64052
77635
54299
62783
69587
65367
67472
60758
63663
80096
84250
65472
55508
64971
84170
72417
76132
54723
54891
56032
78649
52808
53584
84571
72908
57601
83280
72538
69461
70739
55566
60546
79668
68146
61822
61068
74640
61751
77476
65013
84286
68595
75167
66806
77028
82564
64487
80310
63582
62053
83923
68799
65376
61579
55902
56238
63325
61869
54826
80943
59048
52451
79813
62249
69338
52338
78636
60470
54899
65766
68237
83286
62916
84578
82513
82660
60172
68661
54874
81865
63969
81581
54409
60911
80337
54064
65668
64249
63562
73352
58550
60721
61879
81279
62615
52417
75244
75692
74797
60711
84932
58508
71891
60131
75784
71381
55097
78194
84883
53766
70316
73088
64692
60995
65943
69466
53204
52832
56138
65954
78681
52284
58107
63558
62154
81744
74762
56242
62771
53639
82826
70725
80587
71248
68348
64002
56788
71666
69725
60553
72387
53025
73572
75589
74657
80078
83973
75238
82609
65091
79417
77074
69715
58222
79617
84823
81960
61309
69288
58981
84343
66476
66633
75898
61135
54363
83602
57885
59630
63588
69063
78863
80098
66219
73482
71039
58734
55799
70873
68221
75695
82688
69848
73393
84735
53449
80593
63565
82970
77615
78073
71488
82816
64450
52597
70829
83738
73941
58652
63131
61215
59089
58239
60398
72249
77775
59430
66710
68836
69989
84253
80390
75799
82111
73392
56295
62247
66802
81010
79118
64744
74638
80772
64684
55317
64370
64019
59333
79602
82405
78883
61156
59951
71138
72075
72716
83728
56754
66881
62705
80075
74433
80344
54632
65842
57258
83783
52765
60561
62612
65004
56196
64730
79297
70353
67858
53247
84068
55597
54444
83360
82355
79150
58976
75750
80958
76789
61523
56239
55167
79075
84730
56299
54706
77843
74125
66629
84967
75303
82617
61191
71765
79176
59798
59959
70385
53096
70360
83974
76863
77258
78409
69228
61032
73157
56439
84492
70798
68293
80041
67677
76892
59794
53016
81163
62945
59605
67420
71323
62878
68312
60197
67151
60637
68749
65835
65353
76869
81362
54376
78066
62636
77555
64388
82077
55852
55152
78993
83560
56697
72193
59640
69987
77681
84440
77235
63221
54005
70950
70589
78203
69880
63712
56519
70193
62165
74179
59437
68182
79590
56982
60456
53131
62290
67503
53061
73597
56102
65464
79382
59075
55720
78259
71975
53002
63464
77884
63283
63599
82071
55822
63384
57900
71196
75721
69897
83575
77541
67315
67715
60839
76795
58940
56450
81049
64986
55046
61556
66130
68479
59428
68718
84197
53186
73186
66846
77207
57574
76614
73729
66626
71279
53398
67541
84471
82227
66330
58706
76519
76212
82467
61461
73604
84141
81229
68573
58595
60907
77824
83449
54373
84318
71229
83713
56982
68208
73367
68805
77141
67989
64895
65667
78134
77860
67013
81245
73252
70245
76380
72457
72523
61419
52574
53451
76341
69156
65615
83104
67890
74030
72102
55996
70910
79596
82825
55607
60830
55386
59353
78852
57995
54557
73070
54562
59922
60767
64164
79126
75771
52697
61718
55192
83817
70193
71337
65677
76801
82311
65485
79157
81486
63819
69375
56742
55140
80465
56722
72313
69572
68647
74160
74435
62848
60070
79260
81479
60832
78279
74809
77801
83139
64440
57040
74854
78602
75055
65550
63811
55089
60415
81996
61443
60671
56297
65300
74141
82657
64948
67040
83501
78546
64639
59428
74986
74365
79191
74895
82008
52902
58629
60302
70335
58822
59433
77587
61147
79349
82317
57236
55509
61965
55987
64086
60274
53773
78512
85227
73099
70331
61245
70138
64445
71822
66572
84798
76385
80330
58456
64721
82878
62445
62144
77227
59006
69706
74581
53605
67679
64500
66546
65347
57643
55005
73420
72306
66026
65087
60233
53134
60502
71227
82198
68456
81551
54977
65908
52997
83728
73647
60114
66794
70882
71741
84641
80790
55311
56728
65892
59729
75354
66765
68870
72996
63533
62441
68977
82217
61907
54878
63324
53765
85223
77993
59748
77746
62989
55090
55135
60290
78560
85108
65517
79712
58411
84573
57423
55897
79963
64248
72317
52828
57908
74825
65906
60222
75716
84857
81867
82689
56725
70451
85136
70486
74279
55629
74322
61536
60829
55211
60534
68795
84407
85088
73424
82621
83456
60695
76660
82684
64585
76210
84680
68624
80213
66096
68062
69530
73174
62420
70401
75909
84888
82307
58510
83595
62205
72559
59910
62203
54441
59890
76640
70330
68478
81852
67236
67976
78539
79665
75701
74373
81088
81677
78446
57844
68902
72266
54001
74814
76877
71491
75836
77370
75333
82457
81150
70315
59984
71254
66216
69899
81560
62416
66246
53639
72734
56017
80528
74314
67315
78708
54460
72190
79530
74834
79255
82832
74509
80990
68948
79668
84239
62478
58532
83114
80898
84412
55175
70335
55050
64843
62049
55318
74450
77581
58704
69928
82813
58852
65981
55178
66272
82088
79409
81519
84718
54985
64618
55405
74867
68662
60847
84612
69126
56445
61792
69724
81720
57651
80337
54734
76818
71574
66392
68006
56511
76145
84389
69031
60805
81216
59218
75728
84730
70037
54203
71902
65140
59322
62224
64530
73409
65944
76969
54324
80152
79575
80793
59864
83536
58695
60805
57056
65616
82047
82871
72514
76743
83140
76398
63244
76317
53548
80504
83365
59305
77058
80131
75349
64036
64621
84401
81415
66397
59469
67306
81486
76847
64870
62582
56743
84912
67264
65611
75006
69292
59213
66979
79475
78674
79565
67154
61789
77100
75247
69207
71567
83285
60857
62897
55259
68326
85545
62580
57813
75697
57373
81179
59097
60722
81520
69920
76880
77250
84582
66506
70446
79374
69450
57159
80063
64200
67925
57338
70820
85660
54226
80406
79897
78950
66176
73068
70265
74146
76344
76673
57091
83235
56527
70628
73694
75273
72766
84670
84571
77549
67840
69035
67707
63838
53180
76488
78769
60817
72228
81422
60648
68180
67357
55518
62920
59716
60960
83932
77621
54080
61920
60161
57625
63773
75309
54252
77668
74907
85272
73337
57425
62872
61272
79765
55274
65412
54252
67153
60622
56085
72450
76597
64050
65596
65560
84438
54054
64599
67425
69802
64281
55464
72298
62236
83872
83206
55293
84444
53107
56018
72518
85369
84664
68653
65076
73521
84101
70504
56098
54280
56736
63164
70071
79383
77961
62524
70410
77863
67258
59911
63754
71550
79661
69314
77086
83961
75295
69190
57864
83547
77332
56981
58639
56549
72219
57619
68189
58919
70995
74739
80038
80405
78766
55279
55306
61789
63477
85564
75837
62200
64268
70333
82405
65535
71800
63095
83779
78273
82974
73285
67606
73234
60749
59852
72892
71142
70399
83634
81051
78366
60764
82955
54207
74401
53376
64020
72644
62383
76926
72228
80887
81266
85669
80607
79032
61910
83970
79021
72227
81051
72997
74347
57839
76201
74536
55904
84117
66979
77294
62322
70069
76990
62377
76441
75702
80852
84383
81045
57006
55220
73261
67548
56961
65213
54284
68311
63564
71851
58067
70221
60164
80048
57533
76832
56154
83399
55725
78391
66274
64837
71535
65979
55925
66480
81729
78470
82900
63445
59538
58072
63117
80917
69897
60236
78883
59904
70089
69387
67433
74789
63988
64576
70447
80423
62061
78028
78880
54036
69347
71482
63979
70131
77835
61429
80801
59548
56108
55992
84830
68813
76513
70727
68908
82809
81179
80989
62756
63075
82533
79845
78039
83948
70252
66412
65516
71977
59838
68055
65546
79417
79058
54097
61432
72918
68681
73864
77314
69929
83571
83481
62879
62691
82453
56392
73810
70793
85609
71413
60878
57103
54375
55756
71517
80809
75075
56507
78466
61918
70199
62633
75485
55262
78210
54373
80720
80661
62641
55772
65120
79616
62493
80784
69086
60992
70581
76357
65990
55789
58621
80637
65127
74540
59991
77095
78276
80644
73602
57620
81979
74861
60256
70314
58468
74922
57084
76892
83516
85465
58827
83546
85379
71625
84786
75268
62306
64267
80201
53669
55121
82508
70879
68702
72504
67042
55998
85600
84692
66980
57903
68958
53853
54527
75969
59715
84070
68934
68423
69920
69380
64074
69664
62568
69682
62763
75451
70751
72052
57709
65625
68048
72379
65614
58901
70398
85129
69207
77858
81374
65877
57138
82517
66179
75313
60347
78307
57818
79530
67161
63595
56471
75760
76175
55351
54895
69431
70862
54719
80264
67420
76686
60014
60974
72140
84637
54441
64199
77474
67510
76046
57353
83983
69461
67833
66922
68863
70858
74317
84440
59129
67724
56433
68779
79687
67793
54936
82648
59224
82011
72518
60519
55394
75669
77072
65063
63051
56286
86179
70560
61898
65829
79879
64841
58826
57782
62245
65275
60431
82003
84359
53926
58651
69767
57696
82755
63315
67895
55244
62473
67934
83322
77400
75748
80846
59307
78277
72995
75266
62140
81417
53616
55882
85452
66455
82438
62797
75260
78304
64542
81064
74367
76570
70058
69848
73457
75072
83526
79450
57322
56410
67692
80400
62930
80382
68327
62695
82423
71191
70282
62135
53724
62693
85025
82027
66773
58949
81576
58721
77776
59955
77243
68628
78710
65165
65614
73208
79987
80409
65438
54949
67089
71882
66151
70200
75532
56639
55384
56054
86178
76685
68036
64051
81897
82238
81818
69747
65893
61082
59287
63694
55002
79141
59578
64409
77663
77672
64505
70722
58804
75252
64818
85628
80085
62885
84068
65180
78543
76580
63263
55619
61907
63407
70201
77374
67465
58141
68547
84650
58022
57116
70971
83548
63169
73662
75267
82048
71267
56628
83474
85887
78685
58073
61674
75815
63838
69490
74954
81926
63172
76467
61988
61206
83891
78854
73553
54432
63332
69257
78980
66394
68544
77397
66557
80082
61230
76550
66175
74768
76969
56184
66563
65399
78357
57038
77998
66029
68819
79545
83457
60220
54419
55031
63568
77751
79977
85529
67701
67360
57892
60298
57797
58057
74715
67277
54339
69370
74696
84998
81684
66451
64089
78268
81715
75762
63109
64477
79462
69143
64605
61442
81521
59654
78307
73461
56457
82541
60958
59249
67851
78727
73326
71208
57198
75072
71198
83722
68215
56218
64568
60357
82091
86095
84893
72584
58634
73912
72020
69645
73722
70381
70947
62422
66690
63022
63580
58807
71096
57986
55034
54676
82045
72605
67308
73324
73063
72455
70065
65942
69375
66939
58405
59211
69677
69518
77979
67685
83696
71057
79659
58726
77650
60087
59470
77500
62108
74619
71080
66116
81606
57148
75044
74252
78385
54570
64070
67677
77721
75878
68029
64761
77381
83813
84792
69537
55936
55958
64891
72666
72269
67140
61618
80369
84567
66493
84741
82237
83751
54708
64364
81828
71321
72676
85701
68192
83345
84470
56100
84995
85482
83365
79210
78777
71855
77856
75033
76238
61582
57007
84582
77168
63625
83610
60048
81845
64239
57415
54897
65504
74891
83362
73555
56544
65563
69569
69124
65561
83460
79817
69677
54631
54339
65291
69599
54368
58023
74355
59759
61146
83773
56611
62340
84142
57100
65115
85358
72891
61187
71324
59321
62253
69936
65549
64258
68863
66099
83485
57610
75966
58097
77930
66569
66704
82573
62690
55365
82294
66708
54567
70626
68558
63351
76600
71932
77084
77631
76111
83443
60169
63612
86277
73734
55212
63358
58812
68644
63241
83912
56894
68094
56791
77762
72098
75105
77191
81070
56176
70083
70017
56029
54021
74780
74161
81443
78392
73463
85570
77448
71485
66760
80041
68928
85450
58496
73190
75230
76665
54367
79366
73668
68462
69385
77037
74718
77113
59101
71762
68240
64253
66434
69387
75244
64210
73154
83339
64553
61289
77212
54185
67152
60399
81556
67491
83769
57139
56910
60002
85686
55818
55643
55551
64782
70899
80467
55175
72365
63735
81700
65787
71705
77779
80041
80027
68136
65369
67711
65636
79473
62484
78100
71896
82944
73515
76800
85501
58446
60295
64153
71080
67696
85560
74945
58107
63118
54805
72195
54061
54167
56995
75999
71561
62771
59961
65633
82106
69625
59233
61433
85829
71139
58752
55686
77143
55550
64698
68020
62913
83558
60688
60040
76865
85362
80075
83001
84739
83756
81438
65602
84327
61956
70663
74421
65541
54725
77430
60882
69103
74695
69041
58328
74549
59239
64759
72475
54447
72372
74851
71767
56566
62315
61972
74564
61108
64550
73355
84330
64542
85456
86100
66359
71614
64860
74473
77647
86646
70070
70867
55331
80578
71162
74002
63429
57661
72677
67519
77307
67175
82569
68080
72850
54693
70980
72924
56820
86409
55026
55360
84477
54612
68962
74753
64779
85945
57607
59666
54612
72420
74992
84376
55933
71099
72442
74828
82792
57956
84037
59169
69197
60935
60900
62760
57100
75221
63961
74672
71617
64841
66624
70321
57241
76205
77002
58475
68581
79585
60525
71754
73581
55640
77658
68877
54279
74083
84784
60967
57960
62386
75119
69733
64569
60183
73263
66002
76910
67470
70418
86232
70099
85627
69239
85671
75751
81970
63216
86235
70126
83644
86775
79448
72770
66009
62684
78713
59370
70721
74498
76139
62573
54831
69707
68819
64488
69920
80081
73655
54623
75992
63191
66203
86353
54695
58367
57578
83087
54250
55997
81048
79182
77012
76811
72966
56954
64623
56670
75046
64845
55517
66265
54495
72993
81636
68033
63923
54658
75690
67378
70303
77448
76732
57104
76610
73571
55125
55103
62018
56120
70622
60183
69356
57388
84657
62226
64026
64702
75042
62664
56922
81753
69056
77598
82764
66601
55000
79546
67660
70959
76347
79546
62033
69776
75329
76197
86293
67891
85006
73377
65399
71050
74516
57063
82717
82096
79321
67445
85853
70069
84987
60162
61278
73014
66929
86071
72570
54576
80659
57372
64999
68373
84061
55505
76439
55328
74352
55422
69212
57318
57433
54412
55632
74031
71830
69910
59508
84227
79830
76954
62103
80904
79105
70645
64634
84491
83576
62094
55345
81884
64670
62161
78796
84831
58775
58079
64311
58848
73296
70019
69983
80039
62655
63337
74902
77772
65388
65674
74297
77645
85552
68075
69008
73310
71740
59271
81397
81152
68446
67209
84025
63445
73856
65471
71491
77363
72050
77388
63482
73335
68585
73373
72806
60572
73159
59806
55825
63244
54940
86061
75700
60853
76397
76495
73231
57184
74165
65953
65561
78142
82602
57490
69209
79044
73665
80848
76180
85945
77684
63616
67752
60046
86339
60850
67000
71917
74745
61844
83593
77972
69936
83685
82988
82532
78359
65197
62942
76213
61811
74284
74540
75245
69348
80144
74075
78417
59242
65515
65542
69659
75559
58083
59657
79564
84071
69804
79774
73411
66525
80307
68294
72207
71215
85916
55019
77698
65206
55535
80579
76806
72575
77070
72567
56884
83605
76907
84997
77859
55426
84215
82915
70526
78867
62174
76005
62426
81756
81265
77920
74566
60924
86115
72592
62755
82082
63801
86839
64310
56784
61692
59015
71931
75743
76337
61762
57660
62532
80651
77088
61923
83985
79838
78449
82445
81343
70103
76803
71263
63530
85483
66118
69533
83677
75789
82350
67448
57232
63140
82009
77736
86255
57916
83698
75579
70301
83323
82133
64045
54905
84311
79731
81720
65312
70023
72952
83949
57267
68919
76332
71428
75994
81920
86935
69873
75528
71447
72169
72376
79361
73413
80281
72449
69018
76823
64971
69999
84928
85718
80503
79918
57276
73657
78280
58315
80565
81626
59586
70985
59767
71271
77608
62065
64371
79258
56989
71785
56070
55275
70921
64648
64254
60548
60990
85865
64858
78325
65756
71230
79697
80425
74353
61031
79510
60056
79589
77636
76763
85183
69398
56903
56980
82637
72383
76109
69117
62624
61854
56110
58206
67823
63446
65170
55693
65225
74130
74503
81333
80702
72171
63569
77143
73564
86284
78849
79246
80477
79251
62794
63383
60446
73019
72463
63120
68563
73912
81984
62080
59130
61155
86631
62616
76941
56087
63102
61625
71804
76507
77828
73782
62298
59073
65104
63962
80470
78478
58404
60205
66414
61594
68997
79603
61919
78970
67530
72950
85728
84189
81908
77573
72335
85172
80701
63293
76076
76694
81396
86919
73861
62818
87175
76386
59825
55590
62178
56547
60161
83775
73207
72185
73268
65218
86942
63222
55018
68123
74912
61771
85340
61172
79118
81299
82249
71001
71384
67540
84276
76313
78490
67841
74188
65647
78521
71107
70060
79585
74927
68216
79172
74601
83107
79997
83735
84691
75581
80040
79912
59238
79288
83737
76974
82630
77881
68659
78095
59161
76383
63205
80652
60265
79387
68654
84793
57161
78018
85984
82609
72124
58976
76452
82183
61266
65360
61758
73344
70548
60425
61714
54911
76194
82747
75239
63040
83995
83483
64748
58313
62525
65274
84216
69918
55374
77341
85014
61365
80186
63689
64065
79913
61309
69277
55660
55858
59203
80165
74438
75989
60366
68011
67899
71384
82457
72016
84286
71545
54971
69468
58822
63328
66317
57811
79510
82385
77199
66633
76738
67110
84360
63734
60015
70013
63981
63501
75482
61614
56196
74058
57244
85632
80457
60362
56876
66076
79377
84000
73893
57793
72301
75941
69833
77242
60881
58383
76870
75661
64502
75334
66105
76150
57212
58227
76273
86547
85716
65881
71413
71777
77917
76520
61000
56295
80333
66063
82155
83249
73427
74707
85924
68224
70395
78494
80894
60608
74449
56025
84625
65722
75849
67004
72323
71819
56926
77413
63055
57685
55290
68904
74181
67892
56854
68903
84307
65908
63778
81954
63106
78081
76199
83088
77251
76574
70699
86510
72044
81498
74837
57175
58878
61376
60241
71765
78761
79439
81270
70647
82194
68266
86822
66083
78675
73488
61686
82734
73539
86925
56079
73130
79865
80498
71637
67199
83595
82180
83398
77630
85787
86129
67748
85681
67349
64264
86486
55223
65714
68008
67596
70222
77761
64889
86562
84722
76710
55771
67911
68646
86691
84636
71262
71248
78422
64110
81572
68041
55683
77208
74643
63285
63252
62699
64007
84496
59998
68856
81056
82314
75942
81280
56679
60309
72676
85292
80564
87612
57030
56702
56143
60214
63992
82696
79317
76219
67235
77276
67421
78486
55860
79427
64860
55932
73566
74162
79558
79516
65634
62457
57462
55159
83598
73918
61648
75250
70403
61738
83621
71337
70844
61922
77654
75655
57292
64825
71741
56212
84455
79268
61256
76045
61476
66670
63207
69050
84481
61612
69929
81276
60840
57972
83490
73510
59761
75338
67983
68493
54951
83163
66493
66275
67983
66286
57766
85056
66214
73111
61533
78722
66859
71341
67501
55639
63197
75135
67581
84376
60678
73667
61303
84953
68280
61135
84586
74302
70743
58636
66284
76432
56407
67495
86979
71055
60743
73865
57990
75914
70927
76938
83199
81198
79222
63969
62932
62364
64999
68319
64614
84670
62068
69854
84986
70362
58395
70516
73239
61031
81480
71660
85038
87328
85404
56566
60545
85336
58349
65181
79421
85901
64910
71290
61673
67647
84944
76839
62212
60418
84168
68087
62442
86483
79955
84452
79096
67496
80472
77513
83440
70987
86605
73170
59551
74087
67581
85040
55229
77027
66952
62737
62740
71792
87723
76751
74469
75870
77121
73319
85127
64180
85770
56366
57937
74623
69804
62655
85178
58218
66039
66360
72383
76943
77677
63910
61317
59789
72962
82109
62272
80603
56864
65485
84819
73308
61166
73969
56761
79155
78546
58762
58275
72664
80949
73451
69474
67691
82310
57174
84360
74569
58241
79656
84298
85470
75953
86608
68649
84922
86579
68101
61650
66022
60862
81593
63810
82040
84192
69192
63533
84581
76170
80502
77217
69527
61391
86936
71399
85311
66793
64401
62890
67693
80765
87296
86618
71390
66848
62136
64979
76308
74009
56177
87610
69804
75880
62909
86824
74221
72456
61501
72971
67485
86642
64020
78793
55832
64866
57244
59558
82595
67805
57176
77671
71677
72307
84778
68279
76087
65474
84422
71627
76486
79675
85095
64834
63959
63017
68801
82255
76258
85998
75574
84761
69762
58000
75084
70498
82820
76917
68703
84071
81213
61291
83091
59656
72481
83180
60429
72489
76434
83871
60003
82264
79862
63009
55376
70576
87052
78598
69549
81917
66432
67099
63388
87329
68797
66286
57607
64950
55298
63633
67401
85492
71096
85658
67882
75989
73475
78702
60945
65656
83095
65472
68469
62915
65485
62292
56981
72525
80373
77577
77417
57211
73198
69654
68056
57833
75765
86164
63019
79883
59323
69949
57794
58644
75962
77939
77573
67862
62664
70276
60318
68459
74989
81708
67558
83029
62578
63579
74396
59873
84538
77369
81117
82961
76886
62567
59984
60473
70099
56456
86434
72618
67286
55809
69938
85390
87788
70396
56333
79891
78235
82611
58140
57548
64829
69867
56988
86100
85006
66238
84943
76084
75651
59550
78577
75270
75229
60823
67950
82651
65023
76756
66642
71131
68988
60005
61185
72491
66805
59456
55848
63508
77474
55429
79603
63841
66350
62470
78465
86280
65736
82950
58773
87821
63607
68161
76942
86436
83373
59949
80793
67734
74784
79744
82725
75749
71637
69106
80023
79283
72573
71236
71487
73568
67845
72833
77195
74227
61545
56196
84603
70075
86217
74170
57173
83254
59326
78633
59802
75569
68334
68785
80184
78897
81886
60562
59137
59154
67080
82991
69468
55534
67374
63250
75067
71744
74221
68399
61773
64329
66197
77421
70004
61875
81464
79202
68729
72053
74753
63326
85503
72438
80071
76716
73397
69749
69858
76820
60624
64680
64574
82084
63673
70819
80046
55473
80386
57596
73346
87320
69791
64045
64347
83913
71251
58425
69438
85127
74856
85395
57320
57065
57763
79163
87649
86437
60535
80938
56020
84749
62841
75248
58014
60122
56852
85148
74917
64809
77694
68572
59371
57027
65002
59237
73827
63137
68608
61589
85507
59568
82570
77655
86554
58833
86128
70216
77540
81188
67302
76312
58715
70278
83428
78898
58705
56920
68822
80031
82876
72323
66454
81703
76625
82104
69527
57274
80724
65021
84323
78351
84142
81765
58951
57483
79168
64542
59980
57956
86391
57521
79466
73990
64544
81798
83705
68790
62590
60071
79464
58485
70298
56005
88113
79143
55771
83840
65548
87028
72150
70883
84324
88047
69991
80430
62215
87797
83969
67033
74529
59864
69954
58069
75627
80829
61131
66325
66976
75971
83022
70477
61489
77798
70120
56314
62265
80930
75954
62370
60851
67803
69011
58973
76523
75132
65112
63124
77874
56415
85254
56073
70358
65773
66926
73239
59985
59654
69891
66108
78529
71075
85225
69588
78744
85689
83534
77863
81557
79457
69885
63910
56051
71479
60464
70002
78048
61951
76198
83486
84272
69263
68342
83894
62803
70633
67875
73984
62340
60327
80496
87553
74564
62620
84598
84931
56839
84152
79987
56662
84013
72236
85989
82453
77363
60367
69464
76074
82475
75968
61820
77397
85353
57165
85114
68585
76416
74516
80776
77335
72557
55912
83644
68462
86033
64247
81181
59043
78053
63913
62720
56718
82409
61899
59026
59766
78301
83820
87217
78990
59828
84231
63488
59583
77894
70755
57402
56232
79429
82616
65478
80868
73330
73747
71052
74635
87568
61947
59656
78843
86425
69973
68764
73432
65969
56197
72235
82001
70744
81622
73187
77477
87651
58908
74586
58086
84269
83864
71901
57086
82058
72475
64773
62703
72956
64366
68234
70495
63018
79602
87644
80723
84365
70532
70640
66363
65901
68003
62424
84783
59404
80597
86167
67192
56097
75590
73139
81490
86919
59059
85260
78320
70967
59526
73323
79809
72564
65347
68958
82930
70981
80674
86340
79924
67112
88062
74660
57535
57093
82541
82115
82582
74593
63537
87669
73485
61140
83919
87347
86153
61117
78717
87918
58504
74804
64321
70435
71393
66112
70232
68016
70220
80970
66517
59878
72228
88274
68234
88159
65900
56417
57387
70161
70417
73919
67505
72996
85870
76901
71421
64513
74517
73269
82878
71340
64205
65897
79764
85587
88279
73162
61302
61223
85878
71714
76369
62570
66734
63219
76529
86729
74571
57193
86309
81133
56613
73358
85534
71245
58019
86717
63513
67654
62334
84313
65854
60781
60615
58558
71111
67364
63532
73336
75108
78187
82039
63924
56286
67833
85847
63987
68859
79756
63587
61958
71587
55933
62812
81718
66624
79767
71602
83139
57963
78889
78666
80784
76228
82522
75391
76316
74273
80061
74599
71860
71404
84005
73303
87527
88518
66491
66985
57147
88176
77645
75452
82462
84460
83945
58429
67871
79583
64171
74149
67934
57658
64979
67587
74817
85785
65562
67580
86377
64748
74311
81168
66789
64212
77565
71199
83365
63824
66775
59179
67633
67864
59063
84063
74139
70217
75354
58960
59057
83651
56624
75652
84856
70607
75627
84785
71382
87814
70998
58694
65167
55918
83689
56239
81779
56293
58778
84181
67029
74691
61557
59237
80446
61115
69231
60243
67171
77570
56056
60446
75349
59571
57551
83029
88568
77171
79642
68186
68278
64337
62646
67174
63860
66287
60876
84429
67781
71911
61349
84868
63326
87656
61119
77280
73419
77088
56096
70048
68192
62047
69354
72238
64113
75129
68400
67362
75718
62828
63240
67336
56137
84418
70881
75619
77314
86713
74263
67058
66885
58530
87237
75569
73514
74375
60379
71203
82750
80912
66928
78159
60280
82599
77657
84232
63855
88539
58874
62194
84937
83714
62812
79554
83959
74787
61568
63557
76832
80403
78579
82596
81242
83421
73891
88294
75296
77159
71665
77750
71937
59219
84487
78951
68501
72228
60780
66869
73141
79522
65237
65230
65771
70015
66623
82705
62504
81978
67130
72981
75701
81220
78728
58989
73068
71522
58086
86442
88360
77906
59178
81442
62842
85681
59790
63728
61598
67356
81484
69436
83373
82070
59243
71101
75283
88105
80344
67963
59204
75728
88248
77274
63659
62613
64253
68564
62947
67575
77623
63110
76074
63630
70061
80110
70163
58866
75949
86259
83067
76760
56096
56229
78781
86142
79201
71367
81450
78410
61520
72587
68787
80046
61090
79516
72425
68686
74875
65889
64296
72293
73022
73857
76558
59236
70564
84898
68658
62685
86027
66167
87315
81568
82193
70393
69199
70436
66146
87284
61462
84776
83406
81606
78813
74905
86687
79715
77399
83127
69417
84381
83361
75124
84130
72867
71613
61980
77108
87495
58689
71483
76881
83844
70736
68028
78151
70079
57290
67918
60436
71501
67264
57868
72827
60598
69675
61788
70487
74808
63197
61975
56880
72463
86455
87019
86284
76788
85021
74238
57991
60132
66215
81108
69158
85538
71705
60275
78057
59519
71318
67525
70687
71897
61712
84541
72318
86754
80131
63677
82803
58658
56419
64696
63671
57408
65491
74900
88611
66429
84247
70738
64453
86657
77260
76144
84531
79962
72278
87566
67871
56258
66843
79697
73772
67744
82415
60165
76288
86738
76238
59526
63899
87594
60113
57568
68071
79798
70747
59957
68496
85061
78739
64095
66837
67622
70680
62679
80160
72755
63728
85973
83731
58383
57793
70841
80355
68011
77891
81834
63785
66063
82421
82557
86134
83799
86543
77528
65767
62459
79800
84887
69882
74580
87162
72046
85664
80732
83699
68304
79764
66486
79309
62224
80874
77294
83696
61639
69355
78593
71413
87925
64032
76320
83166
56427
59053
64689
58885
68328
69857
72599
63059
82818
72202
72115
71858
84679
60558
85930
80837
76581
75319
60649
63190
60935
64719
72167
78608
61505
86253
69546
62702
87470
58126
84109
88563
57367
57063
77376
73372
77143
78074
59664
82067
73917
88680
78953
69925
64434
79622
56473
84982
59804
59826
84438
67059
66306
58088
81027
67721
68592
79248
73391
60692
61853
77338
69343
68763
84811
57293
67597
71610
57967
72796
84720
60127
67090
68027
60542
62138
77175
84528
77232
79086
77310
60077
65669
86285
67656
68445
56905
69059
69788
63101
86807
83537
63113
72045
58013
85053
61389
70663
76319
69960
68214
86575
58302
77217
59975
58283
77563
71256
62813
67126
82551
71701
78867
71119
60156
59914
59426
87895
64449
60710
73485
86363
70634
60300
82876
75567
56655
60483
62310
76348
75902
61231
72117
71066
68099
75072
71717
75746
56551
63721
64686
69437
85622
64212
68514
89025
87877
67284
73944
60414
83316
79131
76810
67539
80945
60333
85116
73095
85117
74772
85982
87316
68403
80213
71796
60870
84038
86564
77428
72197
84810
80724
65712
85359
80182
83601
71796
78123
67432
65873
83122
78457
73705
88072
65628
57229
72435
63899
71698
67229
78256
69400
86781
84793
85573
72612
74491
75227
56591
71861
73724
65983
82732
74369
86700
60660
73278
84150
70226
69300
78187
87915
63991
88049
74665
76886
80076
74288
62264
60480
82374
77978
82543
76983
73355
83792
57788
58883
59793
85248
80615
82267
78724
76470
65942
71512
88041
56820
85270
78505
66818
61700
65368
76553
64241
85389
73018
60526
83487
73061
64520
81539
63711
77222
59459
57433
75855
67588
76193
68697
77951
79453
67668
63614
66518
58514
79759
75457
68017
87190
84295
72148
86092
88260
69431
82450
71142
84086
68902
79543
60704
74451
57452
69452
65703
87016
82099
61798
80402
86011
65019
75408
86030
63771
73697
85638
65464
66300
68128
65956
62794
84226
84568
63389
75770
84636
62222
67184
77087
82387
75764
69016
83606
67619
81771
74115
77924
81289
73031
68422
61852
58845
76498
61583
78980
61538
69651
79835
59891
56732
70224
64745
80893
63329
80849
76142
70610
85811
78055
67082
79588
63181
87597
87931
81736
75516
76814
89105
62303
84144
66439
81249
82101
70739
61486
84542
56873
80729
72564
68837
88399
86041
89383
70008
70418
57307
81211
61614
61342
62258
82633
62152
81277
59532
78936
57031
71679
89351
77148
84444
84192
71558
77052
64288
60709
76293
66072
79749
57671
81193
80011
68108
80019
80411
60333
89145
82897
83607
74268
62149
60196
83776
71357
74386
57137
89143
70397
86500
58755
68587
81501
72141
82990
69683
67373
72681
69811
63898
67735
57420
58916
72953
70112
85945
83593
65356
78571
73236
76673
78782
61951
80154
68141
57350
69321
69456
85577
88822
63141
82745
69788
72017
85529
73420
68755
89310
78754
88869
71977
88506
73652
69755
76041
83442
67068
57938
71159
67409
72680
80882
80748
62327
59497
78103
74880
87595
65784
87786
86285
78323
71639
76080
87570
61153
81817
85954
89429
60335
67556
88125
84045
75023
87926
79866
64062
59196
75622
76353
69030
81365
66476
81593
63704
71147
62692
76835
58855
83545
79695
80712
82373
62035
58139
56880
83628
64066
59876
83861
67005
61135
68986
71319
78824
80446
78821
60082
81419
62462
81062
62444
59486
70270
80704
86867
64782
61250
80631
57254
85544
86325
61400
74323
69305
61761
63737
73889
83764
77085
71682
83247
59667
89190
66028
64925
83393
64498
77065
57481
60600
74593
81989
61373
79078
63732
67499
84646
62806
71587
70187
58633
78092
72553
89242
71153
80433
83939
77306
70380
69744
64793
67836
76662
65183
61084
87747
88246
80802
86225
77547
62824
70284
61580
57546
78363
87560
59616
74229
72092
74488
60214
67078
80306
79451
85405
74653
82955
88692
86881
68261
80759
77609
58335
61401
65876
86441
74647
78214
87881
75601
74627
72082
76088
85969
72360
65725
78701
66186
89578
79655
88348
88891
68132
87571
81674
88541
70776
57066
65162
72139
79076
84867
66731
66598
57110
62369
61872
65912
81282
60349
68800
61079
58033
82182
73695
88269
74972
79527
86045
83253
87993
59464
83469
67432
88213
62935
80505
60249
73891
72840
80724
79486
86420
57626
81136
82993
61543
77661
84850
82261
82563
70385
61570
84796
65795
60752
74055
62920
87633
85262
84114
64721
88566
84576
82265
74951
65200
68828
87400
69273
75461
89727
70739
66261
86680
61428
71343
63504
73082
78355
65921
88200
64706
59561
89591
84744
62752
88695
72022
66316
80430
82557
82228
89126
60488
59000
85991
83104
59550
63145
73021
80739
57223
72408
83822
58647
75033
86169
75854
64652
61430
65230
76487
74329
64104
57965
70791
85955
80305
80003
71670
61664
73628
84345
82539
59900
72280
80278
72351
68667
83590
82630
66402
81280
67473
80794
79500
87950
64062
69519
60471
66157
62852
68755
66091
69136
69021
76229
79770
69428
85341
76669
86286
82827
72131
84108
80031
65818
62414
79045
61033
79071
68753
79036
89405
79032
57226
73421
59287
59520
83760
60768
82128
69243
81867
83564
59029
73460
85128
72762
85656
70436
78541
84844
72837
70486
65482
88637
62520
86089
68689
81162
80941
68566
62183
82962
58424
70866
76827
71290
66678
80438
83222
89748
59523
63869
58484
68448
88813
60494
69970
84819
83177
80219
61608
74840
63045
68745
60634
85269
76190
88657
64393
76655
71891
62054
62895
72784
79289
75160
79339
59559
88849
66296
61721
68529
68023
61501
64806
77432
67100
74086
64034
64665
59893
78753
70039
79433
65077
61292
81946
74650
61753
62970
89375
85243
81219
89560
87314
72958
86826
66256
84387
85855
89424
68878
68705
86337
77523
62337
75658
63162
78600
64900
59681
76178
61733
67518
74818
62792
63549
69702
72883
70742
83826
85515
86203
58038
67174
87924
70967
88485
74226
72771
79850
63655
74011
79551
72725
81867
83521
88082
66887
73520
86170
87024
66679
65480
61919
69497
80720
84316
85061
87905
59852
68049
68783
57678
64004
74153
62754
64641
65095
72141
60281
79289
87401
67209
57434
62036
59741
72664
74344
83640
80902
87778
61882
68593
79435
57539
59277
63643
60778
69262
67125
82179
86670
74385
66906
66185
65699
78555
77408
65097
72809
88316
89383
59130
64199
69388
63733
83477
65891
89583
63920
80954
62831
82134
85329
73937
76998
57865
78229
83181
87351
70885
87541
89461
83488
78112
88537
88197
69695
78677
64265
74258
81862
83644
67684
72653
66733
72760
60628
85066
79180
78488
59009
67938
89897
62486
81477
74198
88591
85284
70497
84532
69984
73833
69486
86271
63403
80902
71318
89610
88193
78877
83971
82213
64645
83604
58008
70651
86979
76822
57823
78651
72259
64091
59203
86774
76509
64426
82816
78409
62542
73628
78935
78395
83084
59682
76422
87016
89687
64969
76791
57824
68881
80445
75320
84170
76495
61452
83243
58189
85168
77997
74239
81200
67950
84417
89694
70079
69170
87704
65512
67953
62893
68343
73697
64201
71012
72473
82726
78458
79179
58611
61030
67278
58774
81597
84622
80456
59084
69293
60805
61833
88093
69638
72474
82032
73717
59729
70203
70277
82641
63466
80487
62104
72786
62655
83301
62885
77455
87637
71991
85243
64432
70668
71242
82845
73145
77475
69103
76521
69795
74238
64783
64119
58033
74791
89881
75588
81665
87444
77120
62992
67170
83624
89572
85252
60005
63099
63565
84120
81591
77534
69791
71604
62637
57754
81930
58133
62753
60153
60738
82931
85117
89480
63791
69089
89365
80666
74725
61428
68538
81680
81366
78119
72331
73176
63814
68606
75279
89524
61440
60778
63617
76989
78152
72429
75627
88103
60432
66558
77687
84166
67951
82607
66177
75985
84814
69517
80880
71399
82789
77000
61255
68175
79462
68756
83191
85124
81783
79566
88440
76785
83942
78307
70295
84985
75544
62190
89874
79418
65219
71968
70754
69907
75613
63589
89816
73571
82133
79684
63467
60820
80768
66567
71377
85977
60758
75037
85836
71091
67422
59580
86727
71354
65383
79819
83873
64666
82425
86014
76489
61020
82059
59715
61323
65767
77814
84573
86441
69830
68394
69838
69038
59691
77344
77819
62335
89140
72976
60299
67379
77934
84963
86288
74788
67480
63979
62697
87622
74409
62930
63079
89528
75540
89552
69422
69785
84298
77857
78302
69405
65664
81847
64499
64992
75699
57644
65258
80506
77802
58362
74918
81491
83900
76782
78609
74681
72721
65242
78598
65839
71213
88715
81519
69384
80618
59130
63914
84789
69444
88262
80946
69468
75291
88034
76923
85290
80693
81547
86813
58601
65411
83070
59701
84565
64165
60007
58888
60331
75183
80284
69610
69380
74542
76811
70751
72161
79974
86130
60287
63239
60382
65230
68255
69261
60703
78101
76333
66611
76216
87079
74460
77813
78725
75010
75265
66784
89137
60982
87357
88613
76282
80282
64861
84588
68020
84540
63614
73066
57873
62110
64373
61366
60447
72479
86638
68824
62738
68791
86226
77731
60740
87015
63599
72902
59514
86000
72659
84893
62313
82500
65528
69965
57977
62010
82215
66063
64968
80133
65302
64716
77426
68071
70740
70891
69904
84642
89318
85607
70014
69680
86067
90148
62434
70579
61981
61571
61161
62383
89969
65588
80724
71031
63873
63307
81076
80613
62735
67734
75633
73806
86125
89902
83985
79541
62691
84557
85943
85567
67409
88927
84458
83175
76821
76380
73624
68979
82479
78932
84827
74407
88483
67660
74490
80568
59679
79432
88627
85764
67294
79017
74424
84991
75980
77753
68983
64881
77803
63365
69918
68319
82677
65515
88543
71750
80963
75507
83569
89872
77549
79203
79447
86848
83763
85389
68964
76016
68124
81004
69759
85501
79964
90351
65444
76801
88187
73109
69931
83585
76852
67642
78413
67944
70940
85041
78052
89012
76932
62098
78450
84592
70303
66773
72805
90082
80104
81312
86425
64261
76734
80862
59679
80698
73553
60433
82493
87098
82882
72681
72117
89679
74886
60437
66634
63172
71436
70745
62081
83097
64671
77281
74149
79228
88973
63445
73229
67317
70537
84525
80546
61409
78158
76487
74139
65057
75141
80054
57995
64659
58089
90590
74142
62785
75689
71358
85023
74713
62989
61580
63038
60510
65629
64903
83473
76316
68607
75657
69592
60129
69599
59611
67461
60010
70164
82766
76668
57884
67776
77191
85143
65781
82487
60059
87917
73665
71780
65500
82644
66961
62313
81138
83876
86121
89990
68141
83390
87609
80444
61721
64077
70158
80562
70483
60236
61834
88407
66460
76873
71314
88777
79148
90216
90438
66038
62792
73130
87606
77185
74519
71023
79058
58471
72114
75322
86563
71138
65658
80565
68537
69773
62894
72181
59109
62665
83773
68862
77864
75360
77272
64906
77546
65897
81484
61958
82287
87660
66831
68318
62728
61894
65560
58618
61062
78414
60148
66953
79604
62264
69911
78589
82054
85306
72304
89942
79820
62190
67136
67492
62763
76920
84011
76999
74382
79464
80784
84346
59737
67554
90390
59792
81055
82940
72327
83580
70548
88679
88290
68887
75845
72530
61611
77982
69254
82571
67718
61178
79660
81383
87556
59973
78717
78565
72893
64393
85221
67470
74655
74443
83179
62111
70789
79944
86370
87786
64011
82686
76004
60922
85921
71790
78716
67062
88031
76193
78755
87751
77081
74089
64366
78461
81970
79849
66053
70895
80309
89943
60759
87714
61729
77313
58380
67309
61061
76174
80827
78170
76365
87943
87902
70222
65372
79638
84483
65261
66395
67597
70084
66616
80208
66345
65272
65912
86642
59289
72619
82400
61756
65978
75596
88430
74432
69413
64166
84242
66110
74731
59410
77330
80629
62751
60394
65709
89145
76949
82240
75263
78790
76266
77520
88356
74324
87236
73780
77728
73323
58459
89943
81150
88441
81977
66092
72120
80674
89662
90272
86359
75479
82406
75469
64475
81834
65743
87920
67165
73312
61557
86685
61171
77256
90432
79025
63444
74060
68290
74121
71101
80326
68921
86001
73107
85141
76892
59743
62793
82159
75604
70114
84996
63352
86536
76885
73085
86036
86941
77528
66727
82426
77373
72577
74131
80395
62488
61774
71312
78689
85417
76126
90262
81450
79163
70753
69349
59575
68523
76878
73193
81616
60015
77396
63841
86859
87767
69906
59840
67549
80531
76554
61651
67375
83318
73043
88485
75060
72826
87695
65440
72123
64003
82461
69876
84288
74600
63376
86077
69640
87983
65119
72032
82797
72600
63965
77237
89462
67294
86380
68460
67242
63161
76014
87081
61990
84391
81277
67314
81902
67692
64092
69963
88449
73815
88621
64415
64688
70344
59492
79074
59567
81391
63227
82293
90477
74454
89192
86346
64801
85154
85452
65864
61477
81174
76141
84977
84744
66136
83302
60738
89823
88568
71325
81370
80859
66862
82934
84319
65057
78435
63942
74782
89301
73715
70027
82929
77688
89138
90586
90214
89461
83629
84632
73245
60406
79538
86381
67954
73212
60178
90742
74844
88751
75557
67898
68501
85491
73999
79328
63228
63291
75074
90783
71991
72354
70468
77173
74396
84024
71603
80412
60242
60825
83846
61498
67763
75205
65685
59864
86517
80683
78684
75285
71690
69639
63995
87067
70852
90350
73858
84563
87357
71079
66156
64981
74614
70717
90473
69155
78654
84562
72033
80150
71254
90294
87477
84760
80850
85305
76744
90004
65218
79549
81598
66987
67602
89999
86147
73001
67503
68087
58383
65463
67819
68365
87273
84562
58915
65487
67562
88827
73631
88177
72004
87728
72121
77300
76739
84892
67138
71162
81234
82827
64801
59609
74944
88736
67645
77294
72900
77386
75422
74292
65599
79988
68303
68884
72642
60156
71814
87935
79952
73575
58758
71995
82789
77523
82373
69754
79926
83500
68298
79793
77371
84643
85594
60839
78059
90716
65619
91085
83143
62823
83928
83661
81305
80626
75694
87397
84478
75453
67046
88438
88098
84686
87741
79704
79819
65893
61120
67441
73113
62258
81972
60934
60300
85446
67508
75088
90822
81480
76828
60883
74386
66665
87462
88299
71846
78233
65619
74152
83621
59516
69005
67547
65768
77975
71946
90481
68222
78416
70899
87552
78449
61205
61766
63648
87627
84443
86649
78844
60889
62410
72544
81065
66607
69942
85584
64950
82412
76498
67973
78724
60608
81696
74433
75991
65579
67628
75318
84526
82823
84346
81062
66384
65864
80445
81097
72488
82819
90057
60399
66002
80301
60491
78310
83190
76710
62904
82974
73301
73205
71939
68619
86177
68438
89491
85195
83602
87922
60660
85001
75830
89837
62157
66081
88713
84133
80146
71044
73029
64569
87162
75103
80635
90569
62772
75639
65379
85757
77782
89431
59377
83273
86678
74926
82600
58735
72380
75507
77619
80965
89687
76874
79410
85176
65071
71083
60114
64273
78844
82497
84640
81271
69845
91152
85919
79285
81899
67547
59543
71742
90487
87109
84913
66670
70129
82998
87873
78355
61827
90240
62691
71724
81853
81091
78537
61681
89994
80782
67411
81683
87907
89542
62176
79940
74178
74060
62437
80122
90586
78554
65852
75120
86149
63278
65214
89070
62846
77675
90131
72779
65744
81084
60873
67760
88206
83770
90276
74654
77509
85008
83765
61235
78767
87772
59822
70057
79913
59993
73717
74527
87143
89148
85495
67740
59111
75867
64063
65617
65443
65300
78535
82718
68491
70381
78862
89944
87090
59768
67178
78026
75720
78714
66976
72185
81224
61515
67250
90797
76018
90240
69624
90028
62716
68552
87922
83913
78469
89620
64349
88605
71370
73723
76036
80277
63644
85596
75225
74157
82450
70981
61124
88186
76411
61971
90555
66030
85142
82139
75155
79960
60678
80137
82966
69162
66816
73031
76373
89343
91463
74401
66368
67036
66906
86758
73843
67254
86763
61009
58707
67893
71060
69736
59482
85688
80582
72741
81583
73113
73218
78676
75258
70578
74059
81212
65654
66080
76251
82049
87880
79430
87317
70729
87823
87061
63931
76958
64188
75147
84321
67092
88228
66426
75297
62635
83411
80779
65681
88566
82851
71554
86514
67197
60302
59844
67242
84577
85313
82710
60661
63806
62193
79271
64471
91477
65522
84305
67157
71147
73094
66844
77540
81132
76275
78340
77602
77780
89560
80636
83908
59343
89024
85554
60623
85279
89592
74645
66060
86463
63134
68757
80821
73542
71163
78121
63349
89101
84755
73239
74128
84884
62073
67696
64093
85538
83816
59993
86013
66476
68368
89361
65607
71160
79406
87088
87810
60931
59615
73261
72791
88223
68790
85539
59269
89696
89356
62165
68055
86713
84375
81647
75220
89699
59199
67215
83637
67838
90924
79363
68636
67067
76836
75221
81410
84153
83476
61444
89329
74734
64492
76437
66164
63561
91056
76618
75213
79446
59596
80050
71909
79777
86185
85090
86409
78622
60797
84609
86738
86216
62311
86666
84709
73865
74683
68941
80093
63578
82587
72759
77574
64939
68295
69076
66892
89605
70581
64402
69619
64238
89573
79048
77448
68877
63855
72438
83735
66190
64222
70479
65950
72904
78400
78196
88002
69917
88190
65411
85185
78114
75498
67408
90536
89600
68887
65778
72134
84763
63725
84610
74592
87025
91388
68895
63654
59716
74001
78645
68838
88443
67847
70655
88576
63558
73184
63563
90650
59777
79125
89214
63892
70491
78377
70615
60734
64439
65156
78072
88265
70866
78719
87970
82300
81190
76476
89024
84264
63119
59576
86439
68958
71853
71075
62364
67295
66185
63599
65686
64852
69499
75815
63558
90944
86859
59266
88149
77362
90518
89784
81645
65343
74867
75668
71290
77743
67159
90058
77490
71159
62262
79244
59091
71400
62699
74328
85291
87845
61146
83988
88030
73946
81108
74844
72420
86443
80187
69147
73553
91371
61030
78168
81881
60943
63302
64851
77459
71522
86858
80081
67581
63738
78209
78004
71489
89066
63231
79054
77750
81337
66689
87799
81834
75795
65364
73821
65631
78015
74098
78108
59219
79313
87279
65039
81092
76321
73363
73957
64372
67067
72649
61047
89514
77848
71607
83800
80761
62157
64431
87726
73284
86403
73414
78657
77186
86631
80066
71378
88255
69731
64570
73646
90851
76108
72696
86147
78519
89181
81826
82545
68773
60644
76698
81252
72128
73019
73762
76450
90116
87546
78788
71072
69598
85355
77041
77594
84719
82750
73448
67170
83981
74878
85465
60665
63626
76740
73290
79964
70329
86443
70587
87584
75183
74115
74373
91713
72263
83530
88328
85944
83305
91096
74757
66379
61323
69721
78409
90281
62839
66048
80780
61878
91727
83194
77464
61476
82639
69025
68270
84291
82387
64243
59429
70682
81433
89410
62548
77238
78151
87340
91314
61378
90160
89806
75068
79192
72787
73013
83479
74263
81572
64021
60535
89974
81808
60862
84671
83031
69691
66379
91114
72416
71948
60701
73257
63622
65899
81288
59597
89194
74953
71627
63848
67561
88289
60742
91183
83310
59710
72423
70563
70027
60414
64230
90993
88649
86997
81586
90774
84156
90965
75051
65734
84186
91500
90385
76559
82829
85806
82876
72634
81670
77524
65550
90482
88405
68613
72103
90536
86326
73045
87127
88629
69934
63244
79833
75329
61655
71464
64446
84580
73848
62117
61351
68620
62169
59387
78775
71711
63830
80617
87368
64737
75313
64881
74717
64279
59693
68132
86616
62061
64088
62367
79982
60693
83752
68950
84055
69297
79305
61840
68810
60019
78518
75955
82728
66690
81031
87490
91640
66208
90633
68644
80787
86027
91796
78503
81184
80032
65689
71620
59843
81734
91771
72485
88594
78730
73120
69732
75721
84615
81863
81686
64958
81673
76444
74760
91159
81138
85385
88008
72890
72668
68048
81511
74757
77055
88279
91262
76224
73813
76994
77167
71247
83197
81735
79597
61484
75998
82622
71103
79253
88972
76152
85952
65154
88175
63314
79659
64218
89122
86410
68373
73958
76057
82129
65851
73734
65415
88481
72958
60323
85118
81616
63404
62052
87128
78438
89601
87461
89175
75948
91886
79141
71560
70021
92056
90878
88813
84993
59556
70619
89306
63536
65714
89957
66464
72500
79911
75006
67433
84378
88624
75954
60259
84971
87812
64618
70177
61821
72553
67939
61758
66959
65913
85471
75843
72341
81574
74523
65226
73681
62204
73600
69092
62755
81318
59677
71865
61730
64180
68693
88174
68971
69147
76501
81740
77114
90109
71370
63262
78391
60971
77392
73434
86930
71401
68397
68484
60241
65777
88767
69712
77289
83130
62003
70151
65548
80633
62200
59819
89795
70761
70515
88670
69052
73415
90101
73344
65509
88865
67562
86040
77370
84305
68435
77941
86234
68805
89206
70421
77409
85633
84435
61381
62834
65638
83035
90122
87187
91572
87517
68544
83006
66766
89025
84225
79668
91709
88568
62280
75029
83192
64051
81366
74542
70626
68435
66901
65426
64661
70945
91324
70252
80734
87104
70002
80275
64648
78432
82614
78431
73438
69299
75838
83388
65387
60069
78878
64124
78468
85704
80876
82418
85513
64525
79138
86716
76007
81210
69827
75232
78817
60568
64066
84507
85905
66028
64927
65909
82857
81065
88275
89369
80767
81508
64622
84836
60361
76168
65407
85052
83364
71755
68276
81827
88796
65505
65218
66187
87911
87023
88583
85484
78898
65090
74094
68629
67361
65217
86164
71744
70737
83872
70953
72808
66720
76247
88472
65887
91503
91603
90858
75035
87462
78955
67047
84816
66553
89109
79743
64581
90730
75354
64617
83424
78607
84359
64522
70402
86550
72358
80536
68891
90374
72620
81535
80885
79687
80372
75012
88020
80869
86252
59944
65985
68753
83215
92111
87587
71145
84755
86049
69007
65785
77667
75569
73697
72193
78287
65500
73100
70776
84354
65525
78638
86098
91445
61343
68456
66687
64419
88057
66284
62132
65597
62721
90839
67693
69662
65202
70978
69939
60225
68976
67603
89626
69106
73126
78361
67215
65154
63150
61017
75344
74559
63729
74146
81084
79011
71503
89704
69965
73676
65473
64207
82275
60716
79676
85253
88899
65410
77017
66005
76383
81673
67636
82297
71896
66799
79633
71344
84545
88840
65094
85009
86950
91076
70101
78751
79052
65119
63576
68765
63163
64343
81314
64420
70522
62755
80035
84210
68378
74018
92300
88325
84469
77010
77108
70505
83000
64322
89786
76750
60063
87754
67693
65885
89216
60153
84712
67660
64267
72399
76161
61872
82384
67372
83685
66963
67714
88457
87292
90951
70138
75494
80915
72697
68734
65283
81209
88969
91972
64467
70633
70554
74034
91438
88810
89317
62696
81094
79988
66258
67072
83548
71060
60745
62356
90164
91345
89285
62465
81862
80912
76971
89579
91830
83381
69595
82562
91142
85259
64388
64771
79243
59878
78908
88961
89501
69511
78160
83173
65811
66239
84568
65588
74095
64344
90895
65808
83797
62640
67938
89474
78146
61863
80327
86262
88698
79803
81360
61575
60994
83314
88320
62589
64336
67577
79837
80660
64384
70666
87366
92288
66504
91666
84487
84013
77934
60820
80555
86859
74104
92104
87954
65674
72549
85385
74563
82210
73754
88174
62210
85783
70687
90934
89510
78011
82955
76137
68773
71028
89661
76348
74609
61375
79053
78517
78087
61557
89026
86801
90052
83790
63366
82787
87931
85155
85911
64381
67014
63608
63870
66067
82073
84665
77829
79646
63261
67780
76453
73087
91323
62504
67902
92133
64118
89772
75787
85232
62079
81812
61396
91799
82435
77343
63077
73927
89416
91476
66368
64332
66040
79102
85135
74485
64445
66550
65628
75251
71437
83872
60932
83843
79432
70840
91113
79565
81152
77135
71016
77067
83351
77840
72971
79597
87312
85192
61183
77116
65823
74278
85960
73919
81026
75967
74547
81243
81300
85844
75660
92285
78624
76888
61714
73405
80755
92333
80296
87227
86453
83887
88269
89933
75129
61555
63438
75485
69778
89168
87610
76300
73512
69279
78487
70555
89612
63936
76627
92044
90953
79198
76798
68484
83196
92659
80566
77428
62053
71054
80354
86904
74557
69076
61987
66560
86346
90948
63623
60717
61490
68032
83200
60542
87949
59977
68885
85931
70461
82443
79576
84945
69122
62105
63512
61392
84553
75641
62935
71153
73029
62691
63486
71885
73793
86982
66896
85866
85045
73484
64413
70822
62359
63007
63544
89561
69235
75948
74923
74934
68798
69543
80808
75890
74472
63375
88643
84521
83120
65523
61791
67709
82492
70709
60262
89728
80745
90510
88638
68052
89440
61010
82296
64528
73322
79477
86218
64358
60421
61775
74431
79491
65335
91292
86957
85943
84770
92359
66792
74582
80345
66152
73781
85342
76658
79115
61313
78425
60252
62259
89299
69509
69619
85918
61056
87603
63570
86987
86942
87661
89192
73658
70842
64731
74575
79603
81102
75752
62424
73417
69229
88096
78699
78304
72001
81884
91918
85229
82871
63010
76483
80061
72953
86215
78615
62841
68381
76246
68856
84776
76187
70710
69575
82805
60421
82822
79278
61618
88306
76620
85556
75294
61756
72015
81678
66915
71531
85825
83768
66915
68464
90017
63557
87604
85655
86496
88564
83561
66487
86467
60419
69012
73643
60936
64072
73737
65030
76364
63229
61412
77315
92204
85852
81741
68539
60331
61036
92154
63899
65235
90650
80886
85524
63648
87691
91041
84372
76569
89009
89337
75958
64704
76060
65559
75446
78124
87059
77052
66599
74997
76772
67214
91624
65744
77944
89822
73812
75771
87850
80044
82617
91612
70105
66093
63243
73445
85052
60684
68058
67770
86902
67502
77442
77206
89067
64442
86946
81643
72017
71129
72655
64328
72970
64186
85641
76672
61105
77146
87405
64265
70387
84610
72109
77730
62624
73105
87486
66616
91137
62075
77648
76555
73837
84242
77187
80653
73751
85380
89944
68746
68138
80421
83557
84238
71448
67183
88526
78468
84782
67399
79216
91547
81773
91266
84319
72558
60565
67496
73107
77411
76930
92152
64990
91731
91579
87980
74273
85996
70985
79486
75456
74580
76485
77162
92499
65039
92853
87990
73119
62499
84761
64816
77508
81018
65088
82359
82103
64647
73696
60924
91635
63277
79974
79242
89452
74460
68235
73220
60613
92925
89896
60334
76482
73872
82763
79663
85504
89619
60554
69782
87012
90790
79767
86938
70609
75886
62741
69926
70302
80439
63658
78357
76359
68701
73302
79674
88546
89324
80387
80547
86485
89862
75101
71198
69703
79237
90083
86781
74196
65762
62782
83735
88709
66646
73170
66319
72447
75326
85396
62937
62970
85956
75035
92537
84469
61372
63737
81166
74536
74956
90955
65552
63931
86736
70543
86742
73781
75644
86198
77915
63031
86595
90490
66881
78698
62328
85746
79894
89782
67252
79204
67287
83381
85111
71514
89522
67687
63250
91896
68368
68903
73412
80268
62675
61661
82211
88423
78556
83830
85949
76268
78545
82065
70144
70118
84253
66683
89687
90143
86840
89438
61078
89646
85800
65717
86936
66960
68680
68867
85030
68346
88392
69573
66331
78830
86901
75685
63686
76429
80698
71408
72592
82860
61927
88650
87007
92969
66738
71585
67386
76415
92412
63839
87725
64921
85461
84452
72815
92644
75457
90931
60610
68520
86972
83691
73243
69016
68221
62074
72835
81576
91384
82829
68669
80414
80166
65738
65449
87532
73224
88770
83048
84797
82410
63777
68545
85326
62949
92200
62019
66175
70311
64094
76460
70570
72311
62082
86026
83379
81011
68035
74528
86368
72988
75316
79627
60779
67605
87418
86310
81622
61224
90055
65578
74623
88714
67341
77466
68340
77408
83563
78942
86408
92545
75244
76717
86439
82302
63088
68913
73574
81888
68074
87910
74334
83120
80844
83268
65979
70205
89536
88093
71312
83481
89241
80072
88174
90981
78217
78847
63540
86606
62356
87558
73000
63704
73028
92557
63559
86235
88735
89560
74202
73546
62294
88093
62794
78011
75071
62510
89909
81700
66309
63575
86465
91363
76575
65674
86833
82178
92926
91321
88758
78008
74379
89732
61319
82483
64464
78356
81459
83092
84725
89671
71734
71996
76399
71693
70091
76358
75636
70930
78338
76372
70322
92573
92434
65935
84288
64952
82160
68585
68053
89489
64545
68774
76344
92448
71372
64282
82167
75530
89619
68788
71516
81605
70051
73787
63389
89597
82826
61016
76627
68919
92746
74581
81453
79797
88363
83492
88294
92825
70357
69795
84084
69453
76317
72990
66947
75041
75040
68885
86049
81462
71310
68928
78779
82844
90441
88785
67400
83127
88623
77305
81348
87527
80947
77229
72416
82535
74419
86186
73720
71030
65030
85943
83269
81589
79444
68906
86868
87505
61610
71085
61622
82273
76365
73282
79866
83218
73295
74629
92632
80641
76129
69169
69551
64616
73704
65766
74290
81277
84563
78634
67677
90263
64427
64941
66223
66707
63083
64465
87699
86646
70547
91753
85535
85587
90104
68545
90112
77680
74718
67808
70581
66468
67784
75785
62972
74243
86415
67720
78218
78014
88242
62379
73727
82500
84205
66318
91929
85421
82957
64539
63016
67161
93186
66770
63426
87764
66102
71110
68535
66301
69917
85352
89415
79208
87054
67720
92563
64512
86353
91161
68178
63473
88697
68661
71877
83141
91891
64609
81133
88780
64736
70929
81147
61634
72736
76399
90376
73900
90031
61528
81670
87043
84277
92071
66295
80660
92888
78007
67421
86951
90965
91939
86513
82655
90191
92880
84119
67169
72423
80430
78482
82104
66188
82362
88564
75001
68116
83144
90457
83362
84748
82815
74197
84680
62285
66085
75051
86898
78032
71069
69696
67136
69572
71981
70095
70992
65245
61829
76125
80225
60910
82173
88688
92217
80570
61727
73724
84549
90120
62821
78878
78720
72437
76611
65548
74645
64142
64360
84045
69960
69022
73794
92453
66834
74437
79296
79700
83723
85706
63067
88320
74766
77106
84311
76527
69143
69394
67142
67065
72687
68641
70095
63677
76812
76305
79789
84372
77490
69152
91642
87235
88927
93418
77230
72437
87398
76929
76899
70632
66522
93375
82779
72038
73901
92635
81859
65143
82713
93499
88121
75477
92479
82057
74637
78496
83215
87817
93380
70227
86119
74026
67683
71415
93311
81499
69354
86678
69764
65823
73886
89331
84867
63844
71307
86136
73097
63761
83146
70512
93193
83678
78336
82294
71037
62312
92199
84269
92240
66693
82577
70194
65788
92884
89385
81743
86896
62873
67837
90354
91060
80072
92665
76765
61903
72032
74229
67614
72937
62458
77043
68674
82349
70050
86689
80070
71665
89829
86310
67534
86937
71979
75034
75033
85176
91720
70358
90677
62201
68173
87279
80623
69694
77732
70653
65038
73350
62812
68513
60993
79124
79809
65734
61269
86222
83760
93478
70571
64483
65833
66576
73194
71856
65446
62569
84721
87013
86699
68594
63504
66019
63519
73672
63863
93033
67034
89649
79086
85360
80383
93589
87239
69715
91532
64715
75537
64051
91439
75927
64783
90266
72796
88688
73449
73054
75420
66694
75680
84681
78632
89859
89415
68342
81590
68241
88433
89726
73619
80925
71142
85589
71666
87515
78234
93422
90756
70027
66015
62118
93512
73722
82905
63839
79525
90571
66098
72555
65718
73079
66320
63917
85733
87699
86596
93434
90555
76370
80837
91845
74998
87370
84572
83196
82908
83579
73376
73005
88016
91021
78373
82669
91427
90713
88817
68986
72236
89003
74543
73887
66715
64326
84264
81112
78090
61737
64366
88759
92373
67601
75098
71046
66092
66879
90041
76078
63078
79227
88515
67416
78488
84825
85581
83921
87655
62139
88383
63539
87322
81303
82247
69314
77044
85499
68047
66708
75968
90446
90413
88821
90029
73944
81690
69641
91996
88965
83814
83635
93240
68837
83178
75190
74758
87416
86205
78362
85692
84009
63915
75986
80279
78104
65506
72603
63592
80284
63727
87335
84271
69001
61417
84091
87530
91566
87532
69526
84143
72610
87753
81235
91641
76481
91644
67216
74048
82545
71647
67216
90060
85418
72477
74398
89546
70581
91752
86259
92576
87603
93807
83674
92542
69730
63498
86546
89909
80796
88760
90484
89677
81184
83788
65749
75857
90389
91875
85038
90990
67276
91673
73211
73533
90694
82045
64736
72668
63222
90178
68754
67395
77767
91703
67061
74965
79969
77305
64130
70454
64424
90726
91884
74845
93062
79446
88323
64490
62955
71046
77016
92089
84754
90581
75042
75447
88325
69811
90848
70132
73827
81110
65600
89082
83553
65582
86720
88670
67599
76316
71827
69012
62173
75231
70982
88839
67165
75087
90531
77161
74570
91085
62166
94024
93130
71034
72910
70627
63728
87719
70630
74299
67973
77709
78277
63085
69128
65598
65922
77118
79347
92380
87820
93688
90688
66057
62922
67189
74028
63902
68222
68985
71483
92064
64623
65349
63868
61296
88519
67688
64782
65857
90938
62169
90083
85967
64232
92483
93892
85583
64133
66720
76949
84641
79031
88073
65243
63437
75199
93900
66427
64685
71516
61632
62404
88807
80876
90325
80048
82463
66773
76271
70759
74602
79907
93685
66821
71941
67955
84772
83101
63047
80399
68522
68222
70612
66650
62320
61877
76820
87663
73783
75987
89059
73733
77798
85744
72586
79766
74018
74223
82926
72384
74272
90628
62472
69099
82359
69236
92821
89900
79546
90012
75791
86121
78212
74293
93403
93374
93140
88022
92100
85280
92892
82106
75944
69696
75668
78532
76657
68018
69972
90560
69447
93263
73378
64748
85509
62424
90185
83383
67561
86492
84651
66504
79759
90587
76119
64066
90656
92331
61662
82503
71623
90907
90851
77499
88164
75735
79986
73034
77957
90251
83603
88236
74386
73291
86302
61479
77895
68915
65488
75862
71783
68426
76191
92458
72879
75436
92747
85294
91145
83689
79414
79375
85251
66984
90229
68187
83071
64144
83751
65673
62636
65128
72197
72506
90165
76156
94011
80574
81336
69955
72311
92122
75641
67904
64063
80840
62296
92966
77703
67968
83712
76351
62339
76854
80994
79374
65466
73508
76386
61492
80988
82569
91599
80272
75989
61938
69273
88746
78498
85944
81214
84818
93795
92618
74886
73092
91954
72620
64368
69519
63540
86464
82796
67958
91245
70085
81610
67991
73945
93341
76659
83082
66744
81235
71127
64588
87081
88412
88102
86685
88314
71197
72131
72358
64959
83886
90870
93663
73505
72926
71905
67632
67449
64631
62901
77655
84126
83907
86309
76169
92154
75342
85275
67420
69860
81646
80554
83172
82218
66049
84805
67100
74732
92406
90670
62088
69297
85775
72240
62489
87220
83812
86929
89425
91263
70700
89667
80551
91067
74552
70746
86829
81223
78784
63683
72816
87431
67938
77362
75168
88319
86120
88668
81393
88352
71498
84327
88640
76641
65907
91550
65018
81554
71496
87914
76602
88685
87911
90493
73265
64879
93484
85329
88011
85222
77946
64465
80783
84810
86712
93782
83144
84176
89369
89044
71394
82493
91169
75350
93462
74232
70757
83111
77130
71524
64658
62546
74290
63596
80048
83917
73916
90464
90792
91378
72875
67327
93188
67502
94337
93909
83191
72957
89251
65991
62621
68118
65976
77036
67203
62434
88658
66718
61802
72371
63440
73169
88904
73267
67203
70052
89744
81307
89359
89910
79027
92197
72468
73659
92647
78275
72462
82127
65063
65553
80762
80137
71547
66440
82747
92884
76153
86261
91451
76154
79372
77610
75605
70786
68468
93428
77939
81212
74638
86861
82419
84634
67670
67538
90192
69441
90538
62327
93950
83424
69713
65913
82837
92097
64059
84628
62514
86430
93194
65655
91418
76469
78802
77173
88481
82462
88349
72829
68683
87645
71219
64844
70192
64308
63128
71905
69029
70075
81621
76337
62488
67250
65915
77597
92988
84757
66918
83361
65895
80625
90431
92494
83256
91767
94276
75002
65660
61774
66636
68790
72274
64558
63749
70656
91278
85163
68737
70714
88156
75598
73969
71515
67110
69610
84912
80613
81079
91181
87427
81687
76704
66678
69663
71267
66778
65254
74987
67874
90542
94394
82184
82311
93906
70104
82575
86993
74709
73383
84761
71365
68028
70692
88965
90204
87278
62003
89333
64185
87629
63538
80666
91485
67494
69588
62386
79518
79691
88621
81742
78165
71422
70409
79705
90840
78353
81538
73046
89384
69324
87250
75625
90475
65295
90213
63001
69276
91192
82483
71508
92289
92743
69708
80563
84701
65089
82612
64256
72936
66514
74354
90358
88316
69173
77540
66375
81041
73817
93525
92132
78955
79932
87761
68216
88338
76187
88120
76853
69507
68558
71826
86228
74277
81646
63906
68823
91646
85048
67262
67858
81959
75190
83422
89961
73597
67868
73458
79067
81562
68080
85369
79040
82436
67309
69711
86350
67235
69290
68550
93538
78969
63351
70137
86910
92557
77447
83293
73229
69928
66133
84377
62703
80708
93248
63128
82993
67650
73080
82396
86044
64731
86814
86549
84594
86617
79271
94450
85236
71431
83842
85815
89383
78566
75514
85776
89432
74913
75613
84132
69342
68291
66910
64750
67999
85288
80568
76488
85206
64177
79124
64073
85267
77628
62509
78417
74627
71124
86834
93282
82545
88868
65900
80562
86797
74802
93728
62590
73836
89418
76727
72864
78801
62775
69148
71268
67115
88250
67686
72856
92894
82484
69047
77538
71622
78246
63843
92503
93817
73947
82517
64072
92877
83940
64943
76383
88731
67013
62641
76523
82626
82286
86492
73337
71022
87789
76119
69540
73114
91361
90257
84526
82899
69170
80168
84559
69695
66559
66314
79436
69087
93144
80346
71244
62225
63022
70037
81512
78681
80135
79477
73473
89696
74486
82965
94038
94269
72267
79831
91733
63220
72839
90755
62898
78140
94739
73008
80695
68230
84529
83304
72795
71738
86834
83079
81941
64580
74474
75364
88818
86223
66401
66355
65894
65872
63435
82090
62559
79047
69050
93795
72736
77122
85651
82306
75085
82082
91454
62359
62530
85665
85026
67782
90793
88084
71505
82213
64332
72558
77567
80229
75815
88710
69177
65205
67266
77210
88532
72163
87742
67475
91043
87492
79533
85898
93677
83159
74535
78732
82717
84517
93210
71834
62908
76139
70753
84980
89245
90747
85912
88472
73559
89056
70191
76805
91896
73921
92094
88388
67320
79368
66456
82217
78444
84674
81827
90327
70012
83913
64871
65410
84759
66209
73060
71801
87782
71585
65705
75363
76670
77651
84130
78792
72921
78621
84274
87252
65287
79136
90369
93784
90401
69472
76824
93714
62591
65061
83115
88110
62506
80290
67125
85516
73876
86741
67275
94788
74631
87982
80553
85480
94300
66163
62994
72457
62573
63587
82263
71804
76749
88986
78645
84701
93750
78900
83299
85717
67650
62645
87916
73881
62686
73129
86971
64691
84732
83079
76532
81413
78729
66011
72075
89355
64415
68260
93071
62560
71419
63739
78534
93828
75441
67574
74495
82140
88094
83660
67748
88058
77855
67386
69007
71967
71296
68389
81950
72958
79288
79232
69770
67523
66259
82544
79988
74324
65967
84654
82113
71895
72043
71214
72104
66164
68893
66046
63753
71260
93379
64880
94977
78346
70269
90747
65723
70857
65529
77151
92553
62582
77870
87944
82483
85895
78157
88501
63119
73804
72436
72025
69969
87413
79013
83265
79397
78805
90232
91512
66043
66917
73228
74344
83362
80268
80323
67393
85657
88733
64559
82847
78370
64674
93639
77927
85655
67928
66271
72689
63233
68986
82903
74093
64743
92994
83346
69503
68708
71214
67113
74285
69244
80896
66017
70651
66992
65288
70747
84564
71888
75173
64011
74028
81937
90890
67051
72164
84064
73022
89969
94574
73973
87142
89278
90545
75562
69447
85272
70191
91278
94471
83866
64485
95029
89139
86570
83058
64595
83719
62636
87164
66825
74985
68725
77136
64895
67894
62467
82376
83507
91969
86763
87666
73617
70553
76306
77038
79811
92811
94240
65176
84682
81896
86578
68200
67790
64521
93392
80406
79538
68111
69918
74369
81132
64367
92758
90961
71828
66735
71541
76251
90810
79722
68917
88902
90621
73114
87100
76268
88665
72215
63379
72195
69441
78426
79705
80253
76782
75143
86969
69420
67062
62635
66585
66858
93728
81985
93844
86648
66423
73468
78763
75749
81053
86464
90679
74802
72546
63729
92066
86899
81557
77553
86103
81336
83483
76772
93303
84205
81213
87735
77006
94719
65350
92000
84997
74049
84558
65127
71705
73229
62545
87461
94220
91566
63108
93772
84442
92541
82664
90151
87214
63563
71711
77347
68438
87807
83839
82959
84724
85120
74085
65952
82423
74966
64459
63160
84810
94092
67357
79079
68043
64856
91465
88627
88063
90366
79638
80148
90116
63345
70582
82371
94151
80699
73374
69812
89463
91936
77717
83553
69689
76798
82187
68682
65821
65016
71853
92986
84048
81107
89654
87755
68244
80800
70792
70188
88814
93084
76027
86562
91294
77396
68853
81997
94548
70413
69051
82861
73633
66402
89734
78437
89516
74543
67802
86206
64550
92078
79635
82286
93568
76256
68929
84763
66907
79919
66613
71451
85056
76625
64220
85374
80785
66159
94668
78414
62911
84615
75037
75797
85694
87311
63610
80800
80054
82395
92535
72963
92412
90176
64549
76253
84288
76666
87525
93405
67848
91723
64121
79493
90973
72165
89953
78638
93379
64522
84324
74317
64879
65650
75885
70388
68533
72045
91544
84380
68288
93129
87949
78625
74117
63990
86285
67854
85497
68200
64970
68379
84098
85309
65916
94708
80812
66848
68913
65340
74782
79725
89828
85714
93388
75669
89938
85331
72558
74181
86537
63456
74032
88258
84930
84257
74667
88856
90864
63369
86548
90995
85657
92380
72371
67661
92005
65263
87191
69321
81653
74160
78217
91359
82293
76389
68670
67258
71029
70713
91857
86878
77300
71156
77168
70798
82622
67850
69973
81389
74489
82391
69623
75619
71162
81193
64130
83650
81501
83711
70021
76970
78676
65168
67819
84138
83007
88975
67629
80039
72317
71854
64198
75650
77186
75617
83174
65269
81194
69860
77930
94398
83533
92287
75276
72448
75156
78601
67287
84966
89227
92075
80351
75913
77047
93670
82478
80660
65129
81111
94465
76838
82451
65466
67637
76663
84187
91054
90364
84927
81838
94903
92884
87507
83479
73737
71354
87825
86800
92548
66202
93951
89112
78459
63755
73775
94853
80825
71993
75878
84764
89286
80674
74748
91103
90726
91142
65670
80934
79459
89880
66227
86769
78988
85626
90996
89981
86270
84072
84064
63509
95138
87220
72534
72491
77047
89714
66916
85671
75794
93684
69863
84351
64995
81657
79604
88968
85433
67361
89079
67468
81672
65700
65434
66460
86123
68932
74729
70567
71653
66944
77747
94796
88172
67595
86067
80877
69800
89468
73199
69637
91896
83015
67809
89275
71350
80108
85973
67767
82620
69230
67346
94004
86310
92935
94780
90710
78938
64794
79225
75710
83270
64617
74195
74589
70377
84872
73950
74885
84757
85394
66458
67910
73843
82970
80026
76791
86471
84324
77158
85779
79477
80597
89887
64327
95301
75689
89697
66504
82531
71652
84589
74986
89514
81803
67464
94447
70177
94739
79006
65308
64966
92698
74795
69907
94347
80213
89180
74332
69023
95434
90737
71237
70126
94527
87397
63468
91115
74738
72657
65690
86157
64394
76046
88146
72087
83278
73113
83114
80157
94869
83644
80346
65092
86653
82283
66067
91977
70624
83053
93970
89285
74628
87484
84468
78383
80530
93997
95564
69538
78154
87635
95603
76000
92660
76705
86815
91544
92186
95440
68663
89828
92148
75392
67302
87574
68132
94498
80623
67764
92068
87317
66880
67009
74236
82447
88521
92222
82872
83391
83854
72433
66841
69041
66299
67941
84235
82033
92792
90674
91735
94707
80190
85630
69914
79666
89193
82628
63606
72984
73294
85205
93319
67230
72718
66332
73880
79412
80236
63781
89495
67171
67291
89441
80071
71089
85467
74787
74421
92613
79750
91119
90733
85451
82278
83700
86253
94234
95370
79319
92378
66324
70361
73650
65138
91470
77478
66397
78786
70898
90244
73196
64793
94817
69467
90744
84412
71196
65211
73507
74971
81380
71537
95062
90820
70944
73304
64333
77399
89216
85362
87254
68282
79072
66359
90453
73038
69999
64557
92428
87009
70928
84665
66457
80677
89856
65845
92608
72032
68281
82498
70763
74086
91927
76640
85231
86469
75962
85436
70289
87103
72619
76104
63817
94589
71746
89617
91590
93441
81735
67534
84657
89437
82263
63412
84790
87202
79241
82066
91841
93468
82770
84249
70149
69180
74662
88187
90435
64982
81248
86329
75721
70029
90340
69173
78009
70795
91907
71183
95499
79221
79647
71854
94933
69789
63631
92957
68042
76410
95044
95641
65793
93782
91053
83944
72185
66887
83417
83948
87257
72032
89052
77431
84476
88360
95091
83553
81068
85835
77547
74200
84782
90768
87358
80376
90112
70155
93568
76955
84062
82324
76153
68723
70666
76408
91028
63318
74317
83054
78840
91864
65593
80588
90356
93983
64562
82426
77472
90099
70317
90407
86465
64533
71734
66620
68078
80594
83128
92686
75505
83927
66553
82648
64880
79175
77668
70376
69325
70667
70923
77208
92234
91754
94188
89216
64881
73945
79219
67306
65971
77076
89153
93574
66895
74605
65580
85600
88437
77412
67463
66830
65451
85113
77219
64302
75889
91198
71317
64784
66848
89776
86074
83631
94488
80839
91257
89318
79386
87372
90312
67296
94195
82923
95986
64465
86875
72329
72471
71907
89116
93144
82676
78708
75383
85544
76388
88958
63427
86400
82215
74326
80471
72685
75235
80282
94378
73754
86632
65124
91065
74273
89400
83140
69801
65185
95303
63342
72110
92177
95487
90031
81451
69203
83335
76198
73243
91276
86853
63664
85167
63796
88738
73764
95800
70761
89101
87105
73032
69769
90690
92004
78612
73983
64972
92030
69405
64349
72136
77766
68112
71340
69101
82603
81898
95487
70089
65549
81247
76623
95565
68524
72829
72578
82572
63457
87181
70861
76992
67724
82234
85564
94350
74317
74997
94095
67979
80375
76439
72776
90366
88129
76360
79106
88552
67007
79264
82692
89665
78609
77581
82454
86405
94555
94325
81044
68719
69365
83228
93632
83460
93283
80583
89692
69076
73095
69154
77689
80765
76565
79455
67466
96112
67656
87072
87484
82168
69843
67479
89994
71032
74523
94699
85131
72948
76451
91614
74895
65490
77511
68526
95211
84450
80302
64568
68113
65181
76666
71523
67172
82602
85441
72124
75594
81575
80705
79198
69506
73509
94159
78357
95672
87540
70801
88259
94806
65698
89197
77314
90014
71742
66753
81930
65526
85601
85589
68566
89730
80752
66190
81282
73208
82459
88292
86008
76208
85033
86165
85963
64763
83064
86683
83299
95414
94783
77788
68187
89887
72087
85922
69159
81383
66874
74314
85498
93832
89482
76864
66534
77016
94421
81195
86342
74718
86231
75620
92249
65765
92544
68525
63791
81104
95480
68896
91593
69549
94433
65893
65916
82573
63708
94504
90006
86930
76366
64714
95556
73801
95588
63831
70323
68154
65364
88505
96118
84414
63974
79915
67112
90897
70708
70640
88914
94632
92333
71492
84878
81349
68704
63891
68845
86088
74616
86505
69527
63688
73474
93610
84401
63970
67575
65411
64132
85969
64374
80544
75995
83263
80977
77343
90284
84571
64971
95429
95227
82476
84896
68848
82684
80421
78662
93389
85880
81913
70259
75467
73585
84401
77535
78416
78601
91131
64331
76970
70048
72389
77250
75336
78397
86026
68383
86058
82735
95468
68559
73110
70900
88324
81368
77325
76889
66550
67610
70525
81891
85320
78549
84152
74862
75380
88428
93221
93460
84795
76137
70325
82512
85053
70336
83737
78947
75719
85336
67891
68855
91372
88007
90570
91139
91351
86878
89729
64494
89695
90469
68106
76023
79836
91559
78999
83924
78649
86578
73873
67481
73803
90200
92045
68316
67937
88825
76668
74775
69149
89605
92193
78157
90242
77628
63689
88817
71757
70712
75318
80387
86153
84398
86236
76156
82782
65521
68432
83692
88106
65719
80125
91746
88019
90656
66841
64908
80731
92916
83415
84511
84148
68652
73694
79737
94678
70581
65019
83846
76304
64624
78098
66272
75163
65405
85083
78906
79733
84665
70090
94974
82284
65669
66255
82229
92793
91338
92480
82088
69456
88890
93332
82756
74037
72408
67409
80579
91921
80570
94407
84873
87237
64525
85759
67276
93374
95579
83183
69624
90058
66313
78063
78162
89898
74020
77681
74715
87272
70237
79340
69239
95851
96337
88601
65614
91464
82190
72034
92787
86619
69075
79000
89284
87831
96024
95204
68113
63770
86478
91904
87936
68612
88552
95654
64303
91530
91674
87113
93724
71622
67809
78084
79170
75217
82627
77008
83461
91796
76248
95481
68048
68059
76425
69843
83197
95147
83352
79785
91381
90582
94049
82678
63896
69580
95327
69847
89567
85172
67313
92865
86975
79804
88670
83055
71505
71341
93975
91935
77105
64194
95293
89342
94244
75706
90723
78049
74237
94508
78741
87605
66497
66075
89241
85305
80137
82634
93044
87915
64168
86225
94001
86079
89230
81265
68829
65047
76524
67109
91606
94064
74393
64377
78662
79961
67765
68127
80618
74794
91532
72256
65816
77682
91836
96528
89088
89649
76955
65701
85042
82504
67283
94729
81504
83501
91215
79246
72293
69603
64091
95585
82823
69674
91910
83554
93689
70131
86731
86835
93604
89622
87409
81295
90664
83783
74288
76254
91165
78407
81685
76038
71582
93783
84904
95363
83976
94706
72395
78010
94463
85947
74725
76170
88242
96181
69440
81189
73568
71858
90544
92446
92188
79374
68470
77251
65229
83356
89699
80812
73592
92641
77633
73620
82626
72832
75374
90216
70576
89334
66506
82846
94898
79751
88531
76744
76256
79992
66575
83305
79491
73599
89259
95751
84951
92024
95585
82305
94991
95833
87967
72099
93338
67944
69605
84984
79525
78252
67694
66015
89313
95393
96020
67297
95622
91440
90734
84290
94104
84189
66107
84182
71273
73027
65283
92182
93791
70077
87291
86899
85751
84327
89642
94955
89610
96581
83914
72153
86095
79553
95985
92433
70434
68187
73840
71468
82819
72348
71675
70433
71266
66379
72331
79126
71194
77028
71681
94581
88379
79942
81932
82497
71308
86700
87628
80555
80464
67038
70072
96480
90313
88233
68413
92710
88571
86924
65447
70951
72370
81332
92357
89740
81606
75307
78280
64462
65694
68940
68333
67657
84467
82554
73820
94355
82390
84497
79951
75787
64501
90013
64630
89269
77082
92234
94875
73029
67828
92572
92290
75129
77082
88160
87827
83116
81229
87011
65722
70313
70909
74081
85775
91837
78351
64448
78770
83216
81118
68478
69753
79412
86400
72425
92878
81151
93770
88718
93778
89750
76694
84467
66247
94411
73923
71817
96556
74409
72318
70364
70697
95052
67136
94221
94126
68343
79640
70530
68568
76384
92075
71388
65300
74830
73081
77865
70534
71014
86370
84059
86956
85570
65896
87546
84542
74692
69558
86037
96601
72106
70370
85374
85213
72546
64367
74807
68628
79647
78486
72999
69268
69420
71237
69649
79974
95617
95849
64455
65895
91540
96105
93851
68591
86129
65010
86807
69297
93965
67578
95470
71138
69335
71423
86577
90014
68753
69520
68806
87943
94558
78351
69655
95663
91676
69813
81671
66744
94451
75478
81450
70457
78126
95591
77365
70756
68938
84157
92851
95206
67405
68503
73978
73999
76634
84831
86878
87347
85121
86445
72868
72016
66523
96013
83898
85744
75223
70402
69541
82001
74191
77131
72634
64452
65503
87140
68625
65107
94454
81232
76343
94630
75053
69782
70179
65832
89176
67722
92011
68197
91355
83149
92856
76982
64704
96023
66424
64545
84230
85300
70098
88955
87867
80973
72927
82383
89421
69993
78103
93956
76701
92979
66313
86969
66901
65790
76368
77940
86780
88838
67778
77820
90951
90105
78314
65795
77362
89014
91833
78600
85584
90964
96632
88700
74847
80486
77313
81956
88352
73085
92719
73662
78182
71151
84627
80359
92268
80599
94056
81212
66667
66397
71113
84672
88428
69176
86306
72062
77403
66161
96485
64879
79966
93545
73342
87453
90213
82461
73608
75145
67329
89513
75841
89546
80505
79115
80443
71672
70427
69674
68437
84424
76240
95767
86250
78712
89331
77458
84808
68974
87907
64720
75108
80156
69079
96123
64716
96550
75378
74235
75228
95431
65176
76532
65589
68209
82687
95247
94059
79283
85513
83710
84990
68704
82001
89018
90252
71406
67459
70671
83780
67612
83826
69723
80798
71639
88420
65939
78921
66911
87472
89222
88421
66726
88972
86630
76531
72441
68384
78468
93066
77537
91615
72027
74571
85836
67862
69840
85783
95720
95941
67000
69631
84176
90287
79515
93947
73578
76205
65463
67807
85647
69959
75848
79500
65517
81285
70919
66915
71850
71427
66545
70656
95050
76612
79177
75556
94419
67912
75232
68338
75055
85089
81556
70751
74449
84290
72983
87780
76188
69977
88562
90741
81152
82015
94153
73143
91494
84013
75744
69742
73934
77521
77790
78388
83638
94945
81105
70001
90942
68111
89971
91783
85387
77310
93612
91981
64873
93012
75095
93887
91188
75537
93257
85236
85240
69151
86415
86864
67543
74537
78840
94458
91307
89777
78292
95120
82157
71005
83450
81946
77014
71826
79376
71741
93123
83268
79366
81842
87006
95501
91364
71158
86267
66940
67270
96322
69312
92591
73764
65469
69129
96804
87639
94193
76170
95948
80217
92539
85431
94049
88781
79111
92128
67066
87615
80508
86177
81885
77484
96372
79225
88212
75077
69615
83385
84803
93552
79944
75424
67128
90640
77672
94916
64708
73734
96825
84147
68425
76280
67933
77019
90517
96592
71201
82599
92014
73864
84908
73963
85870
90790
69757
83330
85010
91138
66580
93238
72461
88143
66798
85215
88802
86489
86711
66767
89777
71180
73916
77678
95313
72502
76959
94754
86176
70542
77134
65394
71191
76148
77365
87402
76194
86266
76467
80705
84398
86692
64971
82489
72579
95084
96797
85447
74452
89609
81428
91892
87956
78193
71776
89859
85516
88221
69799
66900
75051
69516
92279
95368
77597
80266
75904
80614
67615
93362
69120
90621
69521
87730
93310
72075
96076
89806
87995
67998
89399
76072
76262
69625
74517
89918
80399
93369
96417
90548
87774
74297
84957
83796
88453
68658
70567
85331
91379
94759
75917
72917
75082
71936
73698
68020
74644
71669
89361
77437
65970
95405
85298
68028
78484
84647
65755
65658
66224
66010
71737
92675
66732
88216
79199
67821
79454
83128
92381
70997
94711
94196
85141
81004
65403
86928
82122
80179
88693
79677
65402
92802
65512
71484
96750
68175
88200
79302
78991
92717
70442
89004
70907
88339
66426
68667
87640
71263
88300
77922
71657
95770
82421
64791
80350
72318
85882
71926
97393
91829
76937
83243
70958
69348
65095
69011
77458
92520
65577
82974
67032
91488
77927
84856
72464
84587
73902
95464
75633
75187
81686
95608
85488
67626
76627
79446
80402
96787
93231
66682
73982
83909
71992
91017
88278
68523
85173
67577
96839
72080
94687
81015
82015
77593
82766
79493
72351
69011
69042
73320
75090
90351
68291
85569
97309
71691
92283
68730
72406
70196
86146
83299
82073
83432
66538
67613
67865
83168
89884
84664
77877
82254
88594
80280
78796
96355
88263
71197
83921
75284
90092
92291
86178
91678
66013
67846
87957
75335
71635
83018
77268
69095
72539
73467
78188
65192
78855
97456
92320
70282
85347
77334
92035
80682
84266
76362
78790
91715
74170
96134
72398
84853
69830
67328
77321
83781
69195
67599
88451
92006
80837
95888
84148
68663
69538
92296
69021
82828
87287
89867
81427
82097
86898
73308
97114
71084
78736
86357
71669
70083
94991
97289
85949
92478
64935
65961
83505
68206
81397
82340
81677
82926
80568
69650
83230
73769
70719
68947
78676
72220
95778
73971
87065
69470
86321
72657
68321
70493
94634
83329
80898
67562
83375
88302
91847
73464
92150
78916
75199
76192
82627
81933
67931
88169
89875
86426
65720
86215
78874
68772
83130
80865
68336
67635
96602
78487
84616
80575
96577
76484
81889
94613
65429
84416
79488
87933
74771
81962
95517
85658
89438
70372
94877
74129
64918
95582
87872
85998
89389
71960
73244
96707
75766
71266
92874
77457
65663
86631
91999
74604
93601
67177
81565
70747
83541
85070
67179
87294
69577
87132
77443
87155
65972
75841
83819
71801
74982
73558
79270
95190
81955
92196
75051
97271
67377
84776
86294
66007
81968
68307
95134
70178
86826
66773
94791
82073
96235
96411
72280
82616
95763
71446
65936
73110
76649
81855
89877
92942
85106
69336
94381
96796
70467
73972
81968
85641
86163
77753
89406
82891
70420
93157
89901
87847
88324
80015
82757
89368
65534
76720
97072
75252
91927
96225
81836
87501
96038
74598
97155
95125
66915
77932
90813
95110
82996
72335
68116
82113
79427
85407
70312
68150
88020
96676
81396
87747
94806
92191
65025
74912
85559
79507
87513
71674
79613
72260
73279
97502
66963
69951
66205
73817
74976
74906
84542
83166
83102
73725
82365
79335
77418
90722
88254
81631
94487
76824
83931
67904
87624
69134
86754
75257
87614
89678
97085
83474
97774
87496
79537
91794
97111
80721
65100
95137
82962
81899
84376
75498
68139
94279
84501
75075
95023
89992
96998
73616
83334
94026
88267
96996
65539
88291
87631
82922
69562
89064
90179
94596
71698
79348
67178
80561
65819
83876
72822
66484
81953
68326
91955
75379
69249
81524
76291
72221
66235
92827
75914
81423
81865
74561
94378
84985
77487
76582
65714
79164
95828
89194
73170
94103
75152
96848
93907
95491
82822
86081
77572
96987
80436
82452
68984
74816
85832
78220
68718
78780
73525
89378
95505
65573
85639
72709
78690
78021
91507
72544
77426
66743
68019
65755
94420
76180
68241
71268
79186
91472
95041
90927
76767
71518
71539
87547
68301
87323
85545
91288
81984
75113
85702
83110
88035
73626
91240
74143
92377
94609
93048
95256
73719
69923
85376
89667
80432
72899
94012
78265
66384
77663
83187
66166
77038
76677
65799
92965
70043
82378
69836
91807
79968
79468
88982
90798
76904
76342
96278
94230
97529
92836
84966
78806
96681
68936
84322
97707
65230
88684
81850
75734
91702
84729
94533
74783
94232
73112
91160
88602
79947
83734
73944
80553
68534
82445
86988
76994
78344
65985
66614
79730
65449
68680
87524
68898
82928
65518
67842
89114
92054
67543
76850
67651
85866
66534
79071
78385
87879
92126
94669
77664
96579
71111
68597
87998
95530
79764
67985
85098
68651
89090
67443
72636
74960
88771
72858
91781
92980
82908
72711
92824
82288
89676
75981
71305
70742
96750
86120
68276
92258
71840
73551
76673
78573
78501
91085
76007
86948
72264
70412
73519
82489
82626
66675
79099
83032
93790
96049
88710
81885
67547
71194
69165
97604
76562
93619
84527
93792
73945
67720
65457
85328
86566
75206
82693
75696
95864
81413
68907
76300
65906
84582
79512
81818
70601
66014
69431
88616
95073
65745
79790
95827
85683
69347
73698
77818
85874
96011
85693
97010
82030
75241
87855
87035
84664
66137
73330
97779
69127
78920
87955
73546
71770
85446
88110
86966
65759
68189
76409
67112
76308
71841
65667
75518
93996
74249
93374
70266
82100
66813
66492
80755
95350
95536
84790
93770
85150
95792
72274
81952
96795
91196
85797
97862
73288
65365
97655
78325
69580
76951
96967
68672
91839
90570
93071
85574
70670
94005
79306
65964
67616
72626
97458
70987
76985
83720
68046
78373
79391
67188
83756
89246
69500
94089
77548
79337
91780
66875
87038
94656
72279
97078
92203
87128
70057
82804
90970
85140
80928
72206
77836
97913
82685
66386
65834
86498
77055
94231
79104
88436
96644
97357
92553
75221
95986
97240
75245
88345
88149
84383
81224
69245
85578
68831
85677
92760
75547
92358
67179
91726
80427
84541
66702
77255
74389
83973
68777
73375
68880
84229
90835
82464
72982
91362
96752
86573
77125
78545
87858
73407
93957
96937
85727
92054
77163
97341
97876
97832
79709
82152
75594
82910
79095
76649
86104
88191
93230
80369
85689
68844
80051
77435
73040
93711
80666
69980
74985
97294
66364
82459
88514
90564
80346
68226
86602
82033
68995
92149
80680
91056
91831
98051
85119
94634
75596
93499
74864
93066
96529
93505
76513
70193
94130
65825
90749
66346
66011
71394
84732
74208
73120
88927
80037
73998
89117
77650
83217
82040
71769
94898
81201
70361
93553
72255
77971
90140
90098
82779
67040
96206
79494
80411
80042
67540
83411
75166
74852
84825
78752
85661
65714
75275
95545
78916
94948
98183
68885
90944
88252
94993
84919
82714
77944
75657
71634
85443
82444
91034
65968
91504
93616
78389
75220
81063
82842
76606
74463
66714
84237
78981
75440
87477
69266
85751
87759
67187
97158
82966
71692
91253
94932
83878
96611
66517
79108
90537
83491
71864
74613
78990
66384
69410
84198
95142
89157
87311
84795
73175
82589
68287
76414
86164
83284
68945
94501
83724
90922
69523
80275
88482
89160
79129
77025
70046
83750
91020
89821
75042
93356
81477
76627
94047
77720
98330
96396
80136
66335
75640
66325
91399
79063
75955
71361
87408
69076
72345
88305
72883
69393
69965
67603
85781
85266
72531
87145
67681
77512
70887
79372
96730
70581
83347
91184
70773
75089
97280
86441
74565
87979
72717
86703
92727
89427
86814
85982
72959
70264
91830
76416
82514
74574
86345
79375
87894
94642
74059
92918
83799
97809
85645
79512
68539
87942
96713
68755
67640
87874
84604
73030
96068
76593
89843
87441
96973
95195
66217
68571
75051
96648
73424
97882
69203
81063
71982
67214
84301
91504
70954
75279
85480
87753
84775
86153
76460
92262
92688
71429
70416
68661
79668
71786
73197
90873
90197
88899
84019
66612
78843
95426
69595
97611
78862
73989
80668
84965
79524
77977
73698
87956
67864
94013
98172
77495
84316
92136
84628
68255
92560
76301
90469
89840
70099
95261
74792
96330
87129
91982
92111
93737
92093
75931
74486
93194
88985
70411
91927
71120
97109
89911
96765
68453
86844
91142
74619
85924
68565
87228
66397
71287
69488
73779
66463
81468
77311
87399
80605
96366
78631
78137
86795
91521
74391
80236
84070
75789
69273
67828
70826
78639
81126
78192
72326
88109
69055
87541
91469
87896
88377
90893
69870
96311
79577
67583
93734
93409
90976
87377
79604
66731
80104
74892
91982
94723
93488
77119
69138
75676
68149
92998
76351
69836
87298
80460
92261
76082
71368
84623
87130
79771
97329
86755
86831
77862
98034
74746
96610
65959
69024
98530
69973
86602
91588
90319
91647
94073
87089
97819
75234
95487
85909
87691
94781
94061
74063
98516
93826
97724
69760
97118
91146
79413
82789
88135
85512
86670
84708
92843
90556
91990
68708
88355
91881
76435
97762
80267
95368
69033
92225
72201
91582
77437
74722
72522
72460
91099
66421
98319
89030
92437
90383
87529
93126
93421
65916
72512
76129
67509
82390
67226
83866
89269
82774
86810
96406
92877
67947
79431
72784
86108
81417
90896
83854
67168
69700
81420
79636
87774
90397
75526
66327
70276
78492
97208
75508
84365
68895
79831
78114
68581
85745
87632
77669
95373
72222
88018
76613
66626
87174
70284
84671
69465
93745
77624
92474
82670
90594
96088
81085
66877
74735
88255
88926
79184
95055
82516
79102
69083
82165
81427
87347
77668
74076
93268
98694
71078
97380
83024
67551
97336
94044
81377
86333
95850
71008
84105
68778
81520
76261
78774
67183
98242
80274
93252
98180
73922
87378
78660
72010
85919
97191
78332
76156
87674
76865
69422
68195
96968
88527
92574
80714
93176
77333
89038
91442
66901
87102
93452
71623
91949
81268
70574
86674
76595
70575
76957
77423
79906
85706
68624
80706
96419
73692
68506
91622
96625
75461
80231
96870
78523
75271
68803
71280
98506
75992
82907
73734
69603
85877
85704
70775
81775
79288
93129
82830
82009
75757
88272
84745
94904
72162
81473
91724
83630
70717
79606
91735
74895
68626
72070
91638
73798
88245
91847
69175
97269
80845
98705
98081
81372
77738
70597
77987
89468
94169
83086
90059
84988
94197
74727
89145
89035
79039
94046
84434
84871
82801
70679
76473
96286
72528
70163
83323
96819
93569
74930
80777
78531
67357
87159
91116
68360
74120
87564
81460
93085
68862
88710
70065
77540
92526
79081
68838
70309
90508
96495
96571
93431
72738
96005
87794
75876
87974
80279
95580
84808
91154
92045
88909
69242
93936
77846
70605
83758
87476
74660
78608
75802
94799
73272
75689
73176
71169
75487
76794
84620
75375
92284
93167
91334
69877
75721
78572
97706
67645
88729
79363
94798
81937
83040
85611
68707
72557
80884
79917
71192
98521
97941
76065
91451
84213
78892
87065
74145
97110
67792
76892
84681
85392
98190
97622
82108
71828
90730
76429
87095
79933
95137
76759
74252
67877
82993
72139
81350
96445
86939
89717
94092
88989
89320
89678
67912
97816
95466
77162
71432
74516
89540
74996
93860
91416
78765
93400
90785
77223
87792
85439
72789
79565
79671
89920
90444
84727
91146
91732
83947
79624
67219
96267
73555
74408
75940
78974
69256
82655
93435
77317
77523
72420
72900
86186
75108
81711
77407
89565
98364
85717
76132
86121
88650
71445
68580
81062
68308
70958
70898
98544
91161
84596
71778
88665
83253
71331
81873
78235
66372
68723
89318
78929
93642
95341
78038
69222
94803
94716
85294
88013
74582
97991
94669
68210
75359
77886
68655
70769
85357
97139
80882
88711
90009
92972
98450
81605
87289
97334
95352
98188
68036
70652
80179
98997
76983
83288
96517
90384
93367
87976
74145
83472
76215
82981
80947
96196
77020
73072
67233
72457
76767
71022
78352
67583
72628
70998
92843
82617
71273
72712
68767
93241
88144
87713
76394
81819
71776
75596
84054
94096
81881
69211
94528
96270
83239
76182
67742
79942
77321
81362
97729
92375
97522
97990
83031
82497
69040
67867
79411
92060
75083
82626
82513
92554
80176
71050
68884
95594
78222
79858
91603
66766
76545
96315
79252
74031
97134
81346
84759
69600
97838
78989
75799
96833
93038
87844
78796
91701
81621
84642
95924
70358
94568
82187
82835
68967
68267
87520
94649
70281
85257
71921
68739
69554
98678
80755
72740
88284
75347
70482
93093
91770
66962
92361
94251
77744
95770
82479
79225
95427
85101
74260
95157
69071
81544
93068
78447
70072
81675
90315
72927
92514
70553
94194
93038
74533
76418
82473
67193
72315
95135
82158
83537
83964
82046
66988
95366
85389
94143
92048
94821
70356
92094
72600
75967
67055
74867
72429
74988
87141
89238
82802
67344
77916
98822
91805
75165
95757
74091
80518
68121
83318
91418
90429
76578
91214
81722
96865
67503
97342
98085
94958
67480
67918
87569
67415
83289
68766
69360
76757
75027
87894
97685
85758
89299
98783
92439
76441
86551
90964
95610
71345
94350
73011
86156
70376
89632
69465
75278
96782
77870
84013
73492
70642
67099
83227
94383
96632
77067
71492
81352
98028
78058
82035
86095
71830
97969
89171
93590
93583
97252
92640
84471
68819
79711
84252
90045
96406
71507
82179
77122
97244
75916
74176
73300
97860
94965
87841
74973
84516
96093
98121
83139
96475
80507
88485
71438
96611
98608
74273
67657
91430
74253
76955
87594
71443
69653
87191
69749
80112
99012
70965
74013
80626
89936
89441
73644
92555
83758
95306
95206
71043
94168
98837
68521
98890
75726
69842
75800
69261
77018
72111
67065
84743
79769
94827
91482
95130
90167
77582
78971
97950
82042
84952
90600
79481
96002
78711
72166
69999
94159
95613
94992
80828
71171
82192
85570
67552
86761
96227
93622
80187
97847
93542
67437
89305
74640
75322
87761
74895
82253
76776
94616
96327
91261
84178
91115
78232
83498
82026
88008
79258
85471
87969
84901
90360
73062
82339
72790
96838
68054
83137
91696
73365
75214
76718
98671
89157
82171
87791
73173
94235
98528
98957
82324
88211
95958
70669
77678
78712
87889
66721
96283
72113
79462
80800
80619
93534
93578
93492
88492
85540
69277
86355
74702
75716
67623
83696
81093
69363
89825
79730
82351
90214
73847
85605
94775
87596
95116
88431
90297
67392
92414
91270
93607
66911
94828
91745
70187
68887
74230
69932
81421
97313
71492
72576
85208
98800
81354
71058
87608
81546
81994
73387
89511
82839
87450
69336
75080
76727
84647
92386
75795
80921
93626
75904
98099
83018
81658
82124
79532
77898
68147
89844
87361
98533
85461
83250
72597
73280
70464
86526
81552
80051
72766
67458
73988
76758
68049
75598
86161
71647
90160
79437
84422
75051
68620
97527
83848
75290
85271
88009
74168
68384
76231
93170
98064
89369
86103
70736
89678
78301
67856
72346
80533
85781
73158
69855
85776
94029
88741
89903
81368
89418
68654
88472
73240
88477
73340
94804
79215
97912
82380
89152
90261
71105
79932
78224
94018
71013
78035
94913
96075
79343
86978
94672
90894
87897
91113
97706
81681
75809
72093
90595
68326
82592
72361
69290
69970
79000
78738
97533
68526
75020
79392
74521
70796
68692
74009
68917
77214
78448
95568
93807
89300
92061
89054
81415
74949
76582
98736
79051
89168
78973
85058
81618
76163
70282
84905
79213
74683
87363
69079
95579
90381
95613
79643
75068
94949
93953
99303
81992
71149
82147
71638
80193
71985
83983
81389
84390
82048
75813
97826
82218
75285
79495
76826
92517
89975
72624
86839
86472
92573
73415
74706
71638
73814
85875
83397
98193
83176
98802
78893
94259
88055
86373
67182
76063
84649
72814
84599
82711
84744
77821
87111
86447
77736
70759
75439
80130
83593
78009
88410
68515
68414
79947
73740
99543
67663
71320
87847
94977
92125
85324
80243
75357
96132
96415
74526
79857
74630
93666
67074
81089
77093
75863
95015
80195
73808
96326
89481
92434
85122
75853
96795
77542
83176
68856
90379
82116
76738
78482
87112
91250
85259
73018
85826
86062
85084
85817
82929
99231
92686
67986
76056
77068
74655
96987
81355
93900
78678
86092
75311
71934
78634
89366
83329
76666
91873
84981
96601
78855
94581
69385
72240
89294
96699
98786
91424
81678
98886
94682
78572
85522
96394
98471
73792
93792
81725
70960
68410
68916
79875
85664
68136
85036
69705
77241
81812
70981
87409
92268
77694
76550
70704
72614
96744
67835
67381
85868
73368
75877
71948
98602
77337
97584
81217
75848
68611
81701
91336
92415
75388
86881
70044
92523
83711
92678
85415
97505
90204
74800
67810
72066
97792
87595
74429
85008
79991
80355
74433
73217
86831
75163
91252
74194
92031
72418
80509
72094
82151
82371
85256
93167
85658
74813
79724
88788
85561
81395
76043
78132
70626
78883
68986
88673
70505
84444
98275
71664
69349
91244
69031
84425
69231
78872
68679
97402
99622
87313
67204
78289
83831
97443
99525
71593
79515
67246
79034
73988
83296
96090
78911
79194
80429
83207
99203
92721
86592
97923
90729
97006
76347
74112
73006
94955
69599
79173
68685
81353
74007
97699
84895
70152
89144
88619
93383
92628
99719
75166
75981
97826
99836
76197
87305
96252
75589
96962
73539
85017
86286
86151
87320
95409
76672
77318
80543
97679
84743
93832
78925
71272
84313
68226
83990
73579
94132
75972
80341
91161
87654
86004
83694
96343
73107
85051
83250
93122
74547
73022
76035
83778
88666
98384
79544
67810
75708
92901
90947
70111
92016
67914
75792
80638
98292
71060
85553
99107
75378
72407
95417
68640
79937
96408
87653
88523
85423
80516
70274
67411
92670
71778
97546
91860
93356
78406
80401
81704
75768
89351
75871
72705
82081
70388
89951
91188
80625
89283
83000
76376
88314
83658
96825
93072
77344
79474
78458
77989
68567
78824
73408
83288
76718
97301
68514
96758
80525
93905
91626
74540
76090
77139
77630
85021
91682
97516
75264
85682
91223
82422
74866
83505
70613
75527
97054
69650
77577
83050
84597
85774
98708
89039
73654
74872
68684
97345
88337
70608
76419
74329
70925
83094
72845
75953
78119
71260
72572
72860
72635
80671
88622
84756
97576
84951
71562
72180
97328
68429
75270
98664
74141
84781
68716
80289
73514
75612
74719
94413
97696
68491
87833
73030
95808
79629
91894
81929
97121
78565
88118
76651
78938
93732
93822
74247
94370
95346
88225
90619
87606
94954
94750
94292
85819
98091
81386
80070
96997
87211
97903
87457
75159
97359
69332
70656
68684
70201
90495
67651
94005
73186
83928
83648
79779
77928
91984
70838
79144
81193
98211
75138
79353
90256
91737
79894
97943
67887
88979
75942
91311
79630
72708
84644
69950
83267
87102
73455
77304
94659
88367
80456
98795
71544
84459
94213
82272
85652
97964
70921
70914
91940
92438
93939
72770
94696
84416
74646
93945
84834
89841
81066
90703
89389
94375
70592
70877
67984
89566
80508
99854
95571
69390
78590
81099
74705
94710
68769
82263
72015
90776
80104
93815
96140
75141
76981
89559
84121
87898
74172
95145
93163
95627
68664
85391
88495
91231
71900
71867
77917
71228
83725
70484
82064
79909
95054
81180
68373
100225
91644
97105
91458
79134
80443
78801
79753
96629
78128
74625
68173
81456
83313
95214
87283
98537
70329
87093
82749
86837
91617
71969
91347
72673
67851
75924
97059
97659
73761
78888
88427
99860
76158
100117
68372
68677
95978
93014
78914
89456
78540
92679
90281
74056
83355
92946
79010
71316
77718
96266
78974
68912
76469
75351
71194
82260
75999
93332
86195
97304
98909
91957
89852
73016
92303
86125
92014
94741
94429
77647
81632
97789
84977
98867
96599
71596
97571
92251
97567
98323
75317
69334
85019
87640
80705
91301
96089
68893
78575
88605
94441
83205
100075
77708
77808
77940
71831
71455
88824
91287
85501
77315
93322
80805
97031
69835
99839
76900
92914
69394
91283
80622
73216
82529
76987
91829
69485
68691
98233
80325
71589
81910
69485
89417
81588
96885
74862
87889
70398
93940
84569
87506
88112
76220
71273
76526
74358
69272
80968
89718
78319
71294
91429
96430
74334
69746
97543
92752
82722
92584
92769
79315
76648
82153
91110
81388
89759
84279
88222
89430
70956
81844
73274
76751
97631
96448
88485
70755
67750
84066
87515
73964
71937
84457
81150
73434
74422
84691
92071
98608
71238
89325
79482
74703
75423
86972
76285
87031
81811
78108
76970
82443
82057
83239
82754
82068
85875
99672
71525
95369
88064
89840
69728
88782
68370
67737
93766
83706
94834
71498
72514
81757
93379
88682
75563
88642
75188
82744
74073
98417
89722
88938
83127
80120
72318
69396
76314
90667
99410
85452
95441
97258
73450
83724
77182
91938
71433
83416
81700
81558
84217
94112
84608
77024
85631
92775
82845
91058
76046
77349
69027
71778
89147
99690
67823
76198
68721
98629
83817
86684
95718
91236
88850
69389
85965
84348
94941
70898
94158
67820
80320
100151
82355
74141
76810
83392
92004
76076
87799
97962
70933
100171
79490
91347
97726
98404
75130
77724
91083
86912
70616
83949
74261
94056
96080
83578
82194
99081
76326
75589
93256
93469
76867
87652
89096
85768
96904
96773
100184
83712
94306
73135
78385
71025
92063
74443
76779
78240
68224
72290
86517
70030
68623
93224
76489
76063
80562
93882
77087
91259
73985
87332
100193
74165
75989
71078
97120
93611
95393
77240
74309
100397
90886
91979
77002
95073
94369
99154
95146
70245
93224
93569
93269
72503
78005
89428
87529
90066
88673
100436
78430
78490
76053
84374
90112
92666
99741
90756
91939
83788
89342
80095
86034
83193
83466
79365
70984
69601
75057
76656
99811
77821
82586
90240
76885
74818
99955
77178
68957
95689
85893
83920
86838
99886
71691
74659
80142
73014
89284
69254
84665
96692
96839
92037
85159
92589
95383
71782
90131
77242
89335
78894
79742
76718
84479
89831
94044
78969
71152
90785
89869
90444
87877
71095
95758
84990
83850
95827
96625
75439
68721
73524
79242
95915
71459
96687
96236
95888
69076
86260
91540
91060
95130
76435
98659
80577
98943
100415
95954
75682
93141
95953
97505
76963
94921
69264
91472
83155
70971
84143
76818
99757
79565
85527
72447
99320
98874
74599
87497
98284
95466
87609
90673
72854
84163
69544
98426
75390
77889
77839
92190
77190
71881
88082
81089
95765
91962
99043
85859
99701
90822
71102
98265
85370
82432
100534
86654
80741
69173
68788
69158
77319
86272
86717
95827
71466
81945
88179
95660
85036
88942
89567
85162
84461
78197
92269
71829
94188
81344
96056
83631
95916
71122
85128
83887
75101
88113
94361
71536
68280
70076
86431
93419
81195
68927
75014
75363
91702
82245
93694
83423
72981
86061
85303
70109
87199
85632
97769
77381
90222
82818
74776
82332
87360
71687
86038
96890
84125
92040
88905
100670
78778
92022
98862
90624
97694
88270
90014
88775
94339
79854
77137
96764
73343
73383
93600
100639
96611
68755
90767
81849
74212
100777
95754
72338
78328
87822
96111
78627
99971
74286
86605
76622
85043
93708
74348
98637
86952
75478
84237
90089
94425
70589
92018
81644
92595
72452
90785
92120
79875
68694
87142
78553
74389
91484
69015
69625
94621
83087
69019
77971
82519
97867
70445
91402
81387
100389
76382
99002
79763
77439
89049
91695
95743
84058
90475
91541
76793
89451
99267
83824
91205
94832
99702
70030
91339
94148
81734
83001
85240
87601
86435
87473
95073
79366
69490
98777
83625
72810
99854
82480
79269
92912
83596
98819
90815
85356
87108
90849
75416
82436
89228
75088
75250
92042
72647
100798
97996
99849
70559
81338
86222
99741
95886
76132
74984
83848
93347
78114
96311
71043
71043
81813
93736
72530
93102
76748
93663
73371
93443
85943
77530
92408
76935
90846
96465
71755
78178
93522
72417
84306
83754
91876
89578
86139
74596
87702
95798
95481
99400
99919
79963
90647
76997
73427
71010
82636
90565
81905
74280
80784
85170
92415
77317
79471
91961
83331
76972
79196
87118
78387
96082
73415
84592
69152
76051
79986
95022
76846
72337
83072
91114
96455
82142
95439
70621
75728
95132
75911
95067
98012
89698
75763
100440
69536
74082
86672
78892
95912
91465
95076
99987
94792
91751
77713
82424
91604
80656
82730
95475
72979
88386
98373
85264
91122
73607
83026
100050
83574
91421
87979
73463
68852
87381
93036
76030
84100
72249
76164
93927
99251
72305
68364
81466
93048
85608
92376
99914
99434
94378
96844
76731
81967
69009
79473
79170
100152
79392
84808
79276
101035
88623
73567
71458
94881
69064
70049
76715
81042
81362
93042
75506
89613
71660
80124
91466
98221
76188
97219
74735
91208
96937
93056
69262
86121
75461
80172
83464
99841
80495
100443
83060
75865
87832
70347
82531
72779
90757
76349
98663
80050
83316
68739
73686
88863
97666
81371
88523
79054
99916
89467
88942
91096
89557
75885
100469
76969
75816
73373
89323
92085
79422
97841
84784
96103
95265
100632
80706
88666
98898
84198
69434
77260
97896
83167
86298
78928
81659
89681
93637
79042
100032
83752
74063
83328
94965
83644
96375
88023
76032
82157
68466
71612
100179
78706
87531
95165
89490
73070
86087
90423
94200
99652
77357
78024
84471
69805
91718
100103
74782
90888
91969
85363
90432
79345
73243
77738
91859
90132
78237
96476
87190
81475
71462
91518
89975
78535
91306
81219
86963
77556
99323
84296
98879
97025
76615
96910
73063
77846
81634
87214
84149
71845
98374
94408
90132
92926
77401
76989
80437
70174
97006
88734
92722
96456
96653
99428
83057
101080
93047
71649
76492
90323
68837
69366
91118
84418
83857
92167
98816
75585
93815
98988
72838
85971
91869
79017
90499
93048
90769
76577
82404
97922
69490
93190
81179
71332
90161
68564
69643
85580
86617
93055
84772
72242
87437
70313
70607
70961
79889
96793
70924
81495
81037
88681
90969
89400
81165
86782
88023
98439
98123
97598
75432
84711
73265
81916
79003
98814
76954
96055
94219
70603
95577
82949
78084
99898
97404
71882
91304
99574
75218
87469
100305
98687
74922
100685
79096
72060
71902
76207
84310
79698
97552
88444
91464
73973
84532
68969
84984
92415
95310
75254
91706
95743
74877
86363
93364
70675
87097
84415
97602
83129
77273
82860
73625
82146
87640
73920
97578
90440
99416
80549
86089
90370
100455
88643
85646
77397
76418
77619
70267
81358
98519
88951
84064
70541
74703
92009
74364
95972
90956
78322
88165
99361
90416
78076
79274
69799
79134
71210
97206
70980
97668
76742
72439
70334
98777
97787
100160
74927
84515
74820
76652
79507
85949
81700
81989
69408
76631
97816
101028
75222
91198
82378
83161
95958
83166
77447
79692
84215
88197
82675
83045
72215
95849
83707
93098
75183
97773
75532
100391
80298
75808
69506
85523
85368
70278
89188
84912
69470
91932
78158
94579
89104
83350
85422
91493
87169
86507
94515
75209
99834
101395
91267
81663
88170
87311
96813
71848
79613
83243
72670
73227
75503
79744
79831
83384
82083
77500
74398
81002
81647
96038
82164
79666
71866
76252
69128
78034
88266
95583
86506
71271
75735
85842
72770
75596
81124
95103
87874
101434
75727
87067
100057
92596
76326
89931
100394
94626
70204
81383
91452
79932
85116
94077
69875
86057
73470
92057
73535
94696
82776
69699
85395
78448
86711
87498
94105
68883
79918
73664
70692
83112
73037
88902
95846
90089
99574
96906
69475
83226
100460
69005
88997
80108
92845
88106
76081
83104
95746
100692
98747
83823
88020
96159
99606
79658
93889
100097
83950
87070
81647
72666
101049
87098
98464
81715
89323
84340
97543
88131
98409
83816
77147
73528
74049
101442
86057
77108
79256
78047
92398
85397
72164
74799
89573
95353
81243
95710
75806
97921
94890
78899
84432
73174
80107
90424
98032
71786
69841
82715
89090
80769
78374
70612
85808
75887
79224
87048
79769
89763
99855
83245
100075
75492
77858
85744
74036
82907
89930
86995
93941
101330
74038
80155
87417
85947
82081
75241
100708
78708
85121
81319
94095
88905
73601
88485
98323
70331
97202
99844
90020
86143
69245
83412
74529
80842
94429
90745
94568
71372
96203
84563
96111
78458
92409
82590
90769
85905
92098
94358
87333
69848
77409
97759
100693
90789
92002
89125
71214
97186
80727
93184
101107
88785
91852
101146
87223
91854
93309
85395
74282
70229
79814
91812
80308
76291
82778
99459
95680
77665
71736
74631
88923
91422
80091
72845
98045
94364
85169
94874
76710
79023
73679
74690
98349
84385
84707
98632
95957
79481
71530
86790
101154
85884
95267
84495
94699
89589
69059
99988
71599
95538
90090
79108
88365
71887
86614
99959
76334
71735
79447
100429
73382
82791
80002
73490
100859
89333
72362
75941
75941
93521
84492
100762
100343
88908
75210
76252
73788
93654
100763
74903
87302
72460
94400
77653
85955
84082
83258
97383
92305
90236
77626
72838
69972
90452
96473
74682
96005
84183
88585
71035
85325
98784
82123
89110
96338
79562
92579
85843
100561
77104
89161
69205
81517
69367
73890
78017
99398
83087
81902
70435
72654
83061
91715
82573
92632
97277
79930
84865
72178
79182
78056
94224
101365
73390
72720
100676
81882
87808
98454
71612
78799
74634
69431
83862
92298
78588
92536
93074
98270
70062
87260
78707
76172
78634
77402
74153
86619
79082
78350
99374
84331
81507
92975
95406
85958
74306
90177
74730
83512
74997
85900
95326
93537
101485
69580
75809
93192
89378
92458
75278
69554
92248
96875
72225
97139
69537
97896
95523
80133
90532
99774
69514
90135
95260
96454
95131
83943
73508
95688
70353
96019
97713
89963
92802
83373
87904
77680
89024
91533
87922
90528
80510
83179
79124
101123
88051
98093
78052
94547
101444
86013
101298
79536
99165
81055
88707
93589
86303
92033
89052
76043
69825
82452
78397
89373
70512
69851
75755
74635
90681
95682
90098
80067
71465
95408
71787
83212
86451
75359
90619
83461
84561
101740
94364
76878
84334
82346
92576
98693
99716
91580
86771
76404
76930
72419
100256
72072
72816
91924
87446
99717
69461
82254
75949
96377
81497
79914
91876
84719
81959
91828
90604
89956
75413
76665
98795
78335
73607
87521
101754
69756
72976
81343
78575
69226
84187
96551
79586
100758
83658
74880
93162
86727
101084
94425
87976
85675
83540
93313
76039
74514
77848
80337
91073
83034
76887
75853
91430
96042
71534
91116
75289
72292
79885
77491
89691
85332
72853
88200
93452
83502
92101
92486
76398
93367
86166
78093
100077
101698
88419
78556
72540
79838
98893
73057
69250
73678
96990
83471
95189
69433
71405
88690
100229
82723
101057
80831
93116
82844
78457
80048
84773
101431
92330
72078
99499
71870
77899
78479
83075
76324
79310
94307
77420
87995
93072
70410
97589
82087
83315
101096
80768
94611
88009
76827
96711
86691
89461
76812
75164
78249
92492
73028
91701
81051
83650
89474
74279
98373
85442
76298
70258
81723
77277
85567
100030
79122
95399
73844
81636
72143
86878
82176
97712
96672
92109
85904
80102
79050
101488
101058
100994
80867
95193
101871
83780
89153
70482
74055
89708
78002
73924
86052
91843
100973
75736
80280
97498
91721
96859
85832
87702
82477
98279
95870
77804
91848
75968
81785
95466
96642
100348
75528
85239
92850
88295
71255
93019
70673
95141
70920
84226
72559
95513
90501
76668
93604
73222
91029
73033
91594
77172
77102
80724
95401
80470
97675
97213
89203
86121
96893
86491
87218
87135
70662
86914
76414
95037
83492
82817
78067
73986
77035
75119
71138
92809
73430
81576
93895
73392
82271
75922
70139
70330
84941
88101
69675
99826
93262
81578
90633
92305
99141
92098
73281
100834
76005
80043
84911
94628
78079
79039
74703
92336
74008
92989
88437
95452
85183
94796
79806
85022
101406
70461
77126
99061
82126
101393
71579
96772
72944
100923
90866
85760
90233
82599
86553
87245
98509
84730
98989
87780
93840
71708
98701
76792
93624
83444
99214
89049
78823
101490
71281
89240
82169
99795
89618
76524
75224
76320
78305
82388
77208
74744
77462
79230
72896
90768
69665
95592
96997
101624
92128
96709
72318
80544
99093
90146
86771
70938
71063
80713
73975
83745
97480
72294
74008
89307
77510
101224
71828
96603
76262
72874
98415
99690
96350
74195
83650
80775
72769
81915
80470
79148
96177
99599
87153
89427
99664
102006
87280
93241
95479
99060
91286
86114
98475
91087
78244
75997
101836
96561
80554
79049
93840
89550
80796
89112
87984
93638
94504
79251
89697
72909
75335
77342
70278
96137
81939
79166
100644
87099
80856
70360
92950
95906
86893
84540
89090
76573
80837
77409
85387
72975
78273
101234
70344
93319
84296
100746
83957
83745
78490
76989
90729
100391
92641
71255
97480
74748
99594
93032
78714
90811
70610
99456
75100
77339
83492
84663
93365
95894
85154
91632
74859
95178
75650
73823
85367
82975
87963
74569
75926
77738
75199
94475
88129
70225
95308
82014
89824
78128
85758
72921
85307
98108
77063
94392
79153
70950
72034
89051
79020
90243
79204
97298
77012
85545
84372
101015
96643
95196
88252
94940
81145
97578
92480
83591
70610
90003
96431
78523
83253
72173
85400
88730
82765
99079
72607
80648
69629
93069
77263
97201
88527
71467
101170
86349
91438
86261
84383
87331
71126
73479
99028
95691
76936
88424
73669
91449
101634
75829
93747
75767
73774
77051
78975
76210
75418
88932
79809
97016
102184
83222
92181
72768
75271
89304
75573
96811
77793
95478
89421
98057
83286
97511
86026
89503
98986
82478
94196
96552
90042
79998
102399
102041
82997
101665
80732
99113
76808
100763
73109
97297
94234
100746
78041
74640
100154
100304
75413
81715
86870
100084
81476
97107
85741
88262
97927
102367
77510
100674
99448
74332
84963
94391
89403
100649
92593
78121
73175
87048
76929
74483
77124
81370
87099
95408
95430
93098
102225
98908
92793
72941
96755
75703
76332
78088
73090
70122
69746
75283
99398
87149
101367
95453
79203
83240
71953
93744
77065
91097
72599
97622
74988
86197
101110
95195
82164
71250
74881
82581
95285
84676
71689
82914
78369
84999
90798
97073
81916
72605
84980
93636
80529
73079
80154
96436
74788
81433
84647
84021
102055
82938
96325
87067
79409
86057
73426
99741
73643
86582
79029
92761
102349
95056
71790
71833
93769
81067
77169
75989
92485
97573
80693
92281
93455
78376
82568
76263
82956
96210
81189
87488
94962
83027
97160
74080
75063
94871
70913
102055
81354
90150
73224
71935
90112
74312
71888
78746
99537
71276
87071
97532
94276
86474
76892
84922
72488
78920
90858
96385
91397
74394
98228
100697
74322
76718
94473
74283
88808
73031
89515
89729
85175
84968
89378
96398
100024
70131
100950
90478
77858
84498
74845
77487
85985
84182
78226
98575
75844
72094
88295
84103
97014
99003
91516
100745
84271
70865
75888
100231
91179
84352
77047
96436
90588
95556
94892
75534
84444
102554
74281
74396
102053
72805
94165
92404
75524
75151
73982
75265
89035
76787
91944
94723
73159
94331
99748
78039
96241
93829
95588
95865
94696
99468
97037
70855
95903
102404
90958
79496
70483
98437
88433
76716
74433
75308
101423
84693
80021
81727
70857
101399
90405
100623
87124
82172
100703
88099
80724
101836
74496
97170
77709
100363
88328
94129
99350
73282
92266
74734
79791
77059
94471
88060
93524
91431
86749
87089
86803
91994
93052
98604
92954
80090
83898
74426
92948
95611
73128
80379
75190
90863
74437
86720
78484
84292
70257
81976
84026
79022
96420
101580
97400
99463
70879
74055
89853
93076
92515
91962
74279
83338
84642
92831
83482
91600
99059
81596
96784
82823
89737
76362
75760
75464
78758
89815
89633
80684
80652
81769
101280
76690
85173
96868
82512
76572
87235
96941
95122
102267
70842
95248
88854
90221
99565
102111
101361
98435
92726
95964
87023
86824
95210
86361
92458
99295
95756
89758
71131
86732
70593
84619
87665
100982
93700
94335
73184
99019
76443
71288
78908
87397
91978
91003
91014
75531
93510
70966
91846
76411
80108
80100
85849
82022
76211
93041
87181
88253
93792
91358
82283
96555
98681
86760
95444
101603
84475
83684
75728
90523
78927
80622
93730
95704
87931
94786
75040
97389
96918
80106
83137
80190
102014
83610
83704
72522
94157
84184
72000
79849
99592
88159
85112
101201
101658
89542
95986
74335
78337
76125
97479
102805
78792
82520
78445
89439
81845
78127
101771
79770
83907
84292
88075
79446
93778
79303
72049
92123
88606
85462
76396
92139
99950
95209
75435
88647
91022
99438
78066
93813
88958
71600
81261
86207
102124
72445
87620
76927
89696
99592
101999
74650
70583
76172
71372
89931
81874
94258
76143
73250
73871
94901
81721
90956
74488
83524
82860
76564
87483
95272
80637
84138
90075
91558
101995
86307
85924
83751
94928
79810
87524
75414
73078
98166
82264
86282
80683
75171
85605
78757
89496
76325
73480
82876
86734
88211
93968
78391
72482
79552
88203
93755
94523
81032
81022
80647
71785
80073
74713
89372
91448
100271
76969
74401
78918
97845
87952
84741
82769
77544
84338
102886
73876
93166
87410
90418
74836
76360
90909
93836
75958
76372
99556
83953
95187
100758
86736
70555
100366
74167
89457
100133
85670
88270
85272
88561
86151
83679
98630
79559
94566
87201
83043
94398
90380
79749
92083
98144
79602
93939
88967
99849
93199
75479
71600
92816
75502
74588
92217
81705
101891
72183
94806
99210
70719
72616
99735
98637
95202
95357
101729
83862
84881
74839
79519
100853
102824
87280
73141
91790
86481
94493
71861
87927
92374
82257
94678
86881
78515
78179
75298
90491
89840
74641
97390
74899
89901
95428
100495
74110
74751
71190
93899
83131
72698
90001
97166
93011
76047
98361
90974
94979
98329
77645
81681
71069
75442
99019
71742
70572
99147
102194
72177
94807
78716
78987
80291
86152
72856
81066
93289
71501
92805
77490
81003
100734
94410
97239
86680
95904
74218
92520
84120
70921
102641
89100
87810
83781
78156
92236
78800
86201
84189
85073
79120
81286
84047
79599
101340
98736
97703
98275
76683
70528
87324
79193
78121
99622
72745
74418
89893
90531
96992
78979
98634
86246
71553
89569
85232
83765
71755
90844
102772
82895
96146
76873
85221
90832
89618
100549
96512
83540
96131
98038
74847
72415
95598
70932
76781
80637
78910
78248
75933
79397
79514
96660
91484
81635
92914
85844
94532
82999
94040
87939
74258
80440
83858
75425
72410
87548
80237
97299
76537
82108
82772
77419
72012
99892
90400
77034
77727
82505
70450
80451
72296
86510
89023
83106
94390
101192
75372
98029
96356
82192
85531
73546
96914
70970
79108
91873
80981
89812
74503
87779
94126
75568
89664
79563
78009
98885
78301
85988
90919
83539
87852
98827
99310
91846
95480
71094
82751
95837
76054
94005
96953
70795
86075
100152
87004
84510
98321
85138
78528
71966
92041
86844
80135
82936
100722
95389
95504
102363
99659
83208
102765
99939
90709
98951
71832
96885
102637
90327
73953
87146
71193
87731
95403
92527
71009
86102
101080
90667
77024
92987
91010
95395
87962
73511
72940
95579
84496
96361
87224
99262
97554
83808
76122
87488
88789
92479
94156
91842
82501
101901
94595
101814
87196
73712
83619
81539
82228
77738
73839
96939
99225
100964
71683
79147
83939
89259
87365
77219
92483
100024
74265
100022
81627
99828
81364
72628
76499
71611
99572
88438
73641
96608
82190
73354
102344
92530
79111
91793
97117
85566
80263
83172
102502
75157
97707
94846
102667
74192
81914
94998
95282
71696
103323
71051
95310
74699
99781
86917
98423
74628
79734
87130
82880
94937
81768
71470
79557
99779
92225
100447
94083
84250
73481
99872
74605
93271
75234
71779
102332
96414
89843
90109
80902
88316
82854
98564
84754
79853
89107
101500
85483
87585
84668
77107
85299
81535
82042
72682
97466
97131
93367
73397
85327
78148
81374
71589
86230
82481
99856
91811
74907
89886
88089
74399
87526
76289
77986
93675
95440
85346
81831
92641
84308
77082
91692
101836
89769
70747
80940
91398
88271
99568
78547
96349
84073
101318
75501
91835
94410
81580
96157
94471
78930
83799
95570
97606
72443
73641
81143
87302
75567
90931
86890
74492
93405
88568
70960
95212
73419
73843
85607
81609
99886
102620
102139
79902
71800
86440
102173
95404
73585
77135
79857
73556
75657
71505
74887
83512
75884
98939
77581
99102
72664
93286
89667
99093
95915
82498
83759
78170
79937
99025
79633
100732
99324
82358
80281
87231
96548
94192
85848
87742
81138
101794
92277
77141
92903
76053
96161
92094
89954
85759
78156
71930
102514
86022
84761
92531
92393
98176
85904
93151
88498
85885
88596
80231
71012
93703
85780
71945
76310
83880
91269
79419
93558
103213
102031
76497
93973
84650
74886
90144
91397
79294
86557
101220
83622
92440
75990
84319
100797
89914
91581
73027
79302
102013
81750
87762
82316
73814
85972
74692
93942
77271
94091
86121
71972
75129
103336
97167
75962
81432
99616
82342
74364
72511
99302
74530
99356
100006
76385
76321
90959
90873
75037
103246
99110
80859
103105
97797
86940
71467
73793
92088
102252
93062
79188
95889
93221
90125
83241
87896
102527
80232
71509
78488
83184
71691
72977
97533
103035
93111
75426
75521
82889
81988
101656
94151
97402
83871
74811
89927
88765
83215
100547
76716
87838
81340
73415
101882
87712
103025
87160
84468
74508
91809
97551
93501
81288
96424
88068
100797
81771
85844
71809
94022
81232
90276
98582
75896
90218
71119
92078
81634
76311
86152
79298
100969
71095
87425
80076
102382
101566
81966
87807
78635
90376
91083
97333
81886
82285
81312
86825
101930
89238
89220
73446
83514
75278
90528
84095
100135
94620
97909
95489
95516
88273
103457
79782
94904
73437
88029
78923
100787
100007
73931
83492
83653
85788
82671
97967
101571
84422
72570
102630
74508
81825
78415
97465
99107
71723
103616
102075
76189
95931
85400
100380
93758
82451
73311
99031
75615
84536
89561
91692
72850
98434
73680
98129
101513
95727
100883
103013
84532
103356
96959
96165
79146
82487
91069
71906
102730
94671
98188
90931
98722
80493
82753
98535
76432
99591
78284
94141
81702
95090
95356
83800
97747
96887
89286
82925
90176
90666
78658
92479
98937
73847
96246
86477
99661
82430
96215
97865
94199
87329
88973
80205
87294
101210
103287
90954
81497
99538
83183
80577
74967
96816
72911
95413
95934
80047
76595
80224
94642
74868
76929
88357
87001
79134
91047
85446
75837
73886
92580
89047
78450
75849
71242
92274
81272
80939
91714
87853
86498
92319
98896
99401
71480
82461
84952
77612
91291
82770
103074
92433
83111
86390
88026
89087
94366
88794
82523
97783
100034
82880
75821
99442
98306
103792
86347
76811
75993
74632
87978
75896
74100
72596
84088
86206
76051
78558
92833
88997
80049
91784
85656
82026
78055
98775
101204
102325
73486
89810
85145
88266
89508
103692
71288
93955
103408
101054
90649
74622
88297
72728
96184
83731
97621
85209
76270
100489
82222
79902
87602
99081
96329
78455
85663
102610
90682
86592
102648
79407
80242
86575
93929
80038
81322
98857
101263
79475
81285
80474
86587
86581
90992
99460
84595
83686
84429
94103
93498
96272
72274
82307
90002
86590
81067
97098
79422
102321
88167
90969
75468
79189
77329
100888
84435
89076
101277
97472
86650
72104
90119
72301
89913
73622
78390
81780
83940
90073
98086
80630
101605
85949
82758
82613
84936
72238
78623
88359
89342
87664
91959
88521
98010
71440
98101
73654
78304
91418
98373
96888
76351
97164
94910
91422
96924
87819
99075
78734
89105
93653
76199
76317
79734
74743
73428
78685
87007
85952
72941
75830
85605
90741
79474
89657
81706
100678
82724
94256
77719
88705
75882
95482
83432
90886
98548
71830
84459
75771
92062
84861
91908
94400
92567
97333
85877
93477
91074
102179
74972
101339
85852
100513
84477
103721
82400
73040
98754
89568
74791
72879
98176
75409
91348
92653
85116
97021
76271
95996
75438
75213
83408
95719
81093
101508
95039
78949
93035
100273
72921
87470
90057
101225
78774
89741
82766
78836
88392
83895
87212
101063
90246
100955
102948
71602
92746
88826
88324
103003
73976
99961
73326
83947
87905
75125
75098
100615
102119
72150
87518
78850
76001
101031
72110
77649
83777
86565
90591
92223
73844
102933
80368
76258
84617
90715
101386
90189
82326
85449
96903
72711
77143
102709
94898
92604
76313
86222
89293
86579
71894
79792
101721
104064
80546
79285
88977
97403
72517
85902
98616
81776
102186
79123
75668
96536
84088
102872
83387
71368
83838
84993
78861
77545
76372
75095
71938
84648
73663
94875
103206
96238
98646
89370
83041
79763
88291
90753
74364
72655
87308
100083
78049
76529
94515
93529
100258
88659
87194
84473
84925
79245
77003
90955
97439
99817
100151
103687
80614
101911
93725
100739
93291
77346
85165
73020
90496
99235
89710
73906
89974
88629
77277
93306
78947
98344
91735
97166
79905
86906
97592
98279
89754
72450
95813
75086
81731
98287
83783
95855
79335
80753
73465
71727
98470
85174
103204
85823
98109
84760
96777
99313
96136
75925
94975
79947
99141
96383
90717
74843
101146
102004
91290
93385
94938
100753
97459
75699
88836
73699
98765
74676
72588
81438
102428
75078
89054
85906
98563
101963
93217
82522
77437
74726
82872
72663
99771
91791
84239
78173
77071
77927
83604
88363
82184
101832
78083
75681
93407
99361
74471
101549
90641
80641
78174
91527
95054
80753
97820
87710
87698
80263
76466
98770
86674
72760
102672
93411
88921
79726
91465
76841
90675
93274
74903
75142
89290
74764
95647
98202
83855
88129
89590
102709
75611
73340
94435
91410
85590
92504
88935
75202
92185
95260
94586
99814
102671
101520
73880
96417
97569
77583
93052
85581
94610
75998
86828
100717
103975
79036
86325
98275
90508
83386
83768
72804
74995
95309
100261
87080
97022
82338
89031
74982
73183
75057
76545
77567
92350
71829
75607
81914
100442
103835
74543
90416
73460
80537
95321
81608
89961
100609
100430
96998
91038
94773
101813
82208
82464
75421
87852
77362
75532
88824
88900
90098
95277
96239
95693
82310
76901
92144
85589
92116
77390
96057
100331
102970
98848
96819
73257
74623
81622
77314
103281
75530
84620
100186
87158
79442
96812
91028
95486
86678
87113
86017
76263
100046
97099
88958
74856
91617
99021
75336
78490
80152
78915
74770
84279
94931
100064
83029
88737
80251
85687
95464
73510
73399
91936
78544
78466
87779
89181
73049
76453
99518
88189
81766
101303
93538
87937
99077
81242
75898
91838
99142
91439
73903
95106
77902
84635
96355
93434
96679
75723
75426
81235
94938
101365
90197
89632
75328
78561
74169
101372
100885
95657
93200
89456
84942
80061
101271
82199
91564
97065
96695
75519
78482
92955
77695
88403
95252
74655
97362
84023
98000
96174
79069
85236
98561
93799
85580
75861
104273
87196
80318
82001
74735
100240
103414
90345
72674
89343
97619
99412
81565
85087
77314
91738
93139
81254
72306
91902
101260
73676
80904
98399
81017
77906
86549
87008
81028
102147
77573
103047
81836
101050
91609
83107
76048
83428
93143
79026
88649
71815
98943
98689
101629
86916
97730
72597
92849
84249
80495
78282
87775
81577
88302
86330
73545
76736
102448
80992
99980
92754
77030
81278
89336
80963
102641
96315
72607
84524
83738
97937
79276
98141
98052
77030
103415
91934
99678
102777
93910
94011
101469
90880
96821
78783
88170
84624
104425
79871
75032
99516
99393
78042
87640
73217
78046
83008
84464
85602
82373
90609
89385
79951
90291
72071
96968
102091
88753
102839
83264
91854
80871
99540
78118
79848
89525
91796
74725
86056
72448
104215
92851
81724
73418
83749
73156
97497
98566
94648
82877
85598
75178
102074
84331
77748
102917
90895
74165
82808
76883
102870
74191
101980
72079
86764
93617
98762
77192
94898
100552
72139
74039
98065
89835
102952
99152
83387
88464
95951
104215
100275
87360
103287
103797
99855
101192
99975
99403
84989
82866
97076
104454
88580
90995
85738
86900
104076
76518
75246
88534
75681
79993
78657
75574
72180
74663
79815
74490
96546
82982
97448
82106
81209
96609
85239
74575
78201
99880
78482
95788
79959
87206
96841
94450
102600
79508
82754
80190
98491
95661
73115
104133
100583
84066
97362
77220
99784
97998
97890
78577
90596
97260
86831
85910
81235
85768
81444
75103
77438
98675
97691
76369
98343
93307
71933
85566
102570
76698
88618
73366
79490
98030
95771
89216
85518
78313
75974
80169
87189
88650
84033
76892
78985
99148
103211
72020
75528
71965
81480
79310
85672
75921
99691
92002
94068
83736
82841
101138
92210
79598
87659
88868
86248
72593
86196
91949
90782
86648
82020
86639
101476
82946
101292
85092
88471
82093
76131
96155
101729
81544
80041
78531
104319
101099
80842
96262
83527
83045
96869
83608
88553
78070
85709
84623
89333
83070
90799
79605
91677
93046
73461
99867
75581
93662
86763
103473
93592
97910
87712
83988
96100
84529
76944
81511
82570
72679
91775
76517
80039
92234
86440
91125
89174
87579
77335
85119
89009
104094
95572
102399
76821
74315
95297
91352
103206
77254
80965
84202
82195
92945
77738
93286
90140
92929
77124
81633
81233
78574
73556
86696
93852
88751
94635
100948
72193
83653
78611
83102
82469
86743
91626
96884
80909
98399
82960
99148
78377
97698
96772
95160
88209
104677
73033
84538
79502
95198
90639
89690
76124
101225
87055
83447
99374
92028
104119
74971
94579
100189
94343
72338
96600
89618
75195
82555
86414
95002
91690
96799
88653
97114
86638
90562
93337
97882
89157
84792
89540
89009
99895
101114
89140
83134
83577
89977
100710
97945
102674
90802
95539
98377
85308
80387
89682
82232
80397
96317
89119
84964
99926
91642
87450
92374
73676
74801
92595
95704
97637
89351
76997
81251
92421
95976
89952
90711
101466
97751
98891
78830
83204
79618
93129
97779
99322
103066
82460
76079
80937
94177
98120
81957
74846
92037
90649
76799
86117
102444
94311
81351
91507
94544
93849
88026
93633
104525
94312
84890
102266
99256
91878
81764
76503
88307
85950
78018
74632
104446
92605
91873
88407
82320
103057
92485
103432
74599
78289
85691
91779
81628
87358
96399
85301
97722
90697
101888
101299
76112
98517
84977
101792
88005
74557
97505
85714
82860
85913
77085
102064
82392
101949
94004
86750
84338
74115
83116
97565
82504
92875
98035
96364
101736
73919
76952
82291
97262
80604
91835
85538
75802
79406
103107
104598
91302
104282
93263
86332
79446
85474
93038
97336
101328
89253
88850
97800
75694
93093
78786
88932
94418
75533
102032
77929
72953
102259
83019
74487
92563
73562
101621
87128
87763
92667
78711
103970
104706
104261
78228
91742
78872
90402
83996
95977
95629
95740
92002
82971
82029
91264
97263
97959
90027
95393
95096
85186
86711
102880
101902
75400
84050
76491
85909
86427
80802
76228
75127
81933
92033
92932
103578
87680
99355
87008
99215
89483
99000
94026
95500
74336
80854
78746
83612
101036
82811
87439
83861
73663
88009
85136
80970
87277
73171
93240
74115
101684
73903
79634
82986
74783
83661
85665
98631
97769
78214
74916
82479
90854
80632
86423
100599
76319
99858
78973
74031
96060
87275
81885
84173
102312
104792
104459
91496
101103
95165
91816
104871
90731
103459
100204
85752
74783
78219
94755
100229
85219
101250
99830
101476
101826
76278
104940
85005
98464
85832
95921
97554
102431
86178
73109
88330
104132
84107
98519
99278
96598
87993
102692
94953
82055
92198
83035
92489
95703
75366
96659
88891
83892
75063
89695
85654
80102
89946
80209
101173
89898
101281
81340
77739
95517
96074
85182
97843
82780
88715
83838
95718
74986
88942
87731
101425
76498
78559
84838
105093
74509
75779
97528
87120
100005
87500
84070
88365
103195
93899
103628
79703
103175
95045
98600
94820
104958
101768
73569
90672
79800
100479
90248
97815
91762
103557
104029
92263
80018
85623
77333
85524
100746
81165
100442
93870
79358
79978
103060
90257
73513
94193
99687
91484
97661
98907
93308
90788
83593
89094
88965
86761
76320
85904
95355
82632
92856
72869
74538
77427
103696
88341
78320
86879
88854
94250
72642
84540
103943
76856
81775
97578
78808
97909
88105
85546
103381
96523
89921
98770
104072
77676
80690
82502
91356
94438
90081
85603
78466
102775
82979
76093
98196
79074
86144
89548
73080
86018
76599
76514
97032
87135
99713
76640
97263
80383
85530
85674
89942
88959
93438
79192
96705
88162
93296
83503
83507
94632
78657
102223
103065
103586
78927
83885
84837
100358
79692
99524
76410
94015
73409
96392
85320
104454
85842
84892
95800
83510
72771
92100
97610
94684
89403
83613
78844
76686
102728
104588
82031
105215
78628
88052
78789
84944
74423
72876
90061
81064
83932
82864
77794
91270
86632
81686
100624
74326
80745
74308
95609
84675
93099
81505
73463
84045
76673
90889
89347
98715
81857
104261
88534
96786
88081
89786
103117
90278
78433
89888
79890
98544
104377
96758
77689
84609
103989
77428
81576
90743
72782
88002
73851
95054
88410
105319
100775
77560
100182
72708
90269
79663
98788
83010
76977
90122
85648
81417
98427
98510
96855
92659
91005
83719
94314
92928
98055
81880
77359
105099
103000
101264
96393
96380
94726
94077
95833
93120
104096
80389
87109
91894
97937
77042
87480
83307
91975
90638
96041
95305
74133
89584
99745
80907
99670
83221
85879
81460
84052
91955
86622
97089
81000
103625
101027
95452
80098
94971
83887
82002
78634
82333
76243
73031
84648
83854
77125
91305
84962
88391
91749
91106
93924
77235
86853
96338
87269
95554
91753
98044
100647
91961
77515
93311
100639
80204
82210
74057
104406
79214
83556
85511
90255
90600
86922
97375
76970
94120
93843
102370
78024
90844
91339
86844
79152
76224
87629
91566
73074
103860
105159
72895
103242
92818
91005
77358
88262
96318
81553
79402
99755
94847
89985
93637
78870
97037
86257
75175
90207
102891
95147
88319
98370
90102
93924
93376
103745
102335
95681
93961
81476
75926
99865
92900
101507
73703
99453
74804
73637
103626
88437
85993
85289
92629
95245
72822
87814
78132
87440
73349
95630
73468
101012
95721
80024
95677
79158
81620
99294
74071
101543
74570
76452
95246
95720
73941
93851
80352
104913
87675
91652
103957
105560
93933
101656
89881
88336
97025
100008
93319
84208
86114
86017
101254
95574
82054
93202
101720
105547
80865
84433
74800
92681
79193
92634
98884
93115
88569
100185
93988
73603
94441
84011
83786
83393
96158
79936
104946
87955
85582
103492
88364
83608
100519
75646
86063
92666
79552
82168
87024
81067
80464
99296
90611
86254
97310
104238
74081
72986
103864
96391
96860
99738
82792
95841
79759
84025
78436
103785
91657
76957
98117
91425
91979
73232
96442
100302
92575
103047
96894
94609
80556
90844
95367
74452
75848
96351
94849
90599
91021
95117
79738
79851
105007
77855
82399
79088
80396
84551
84903
81754
103173
100662
105166
94857
84749
86753
79365
86201
88191
101637
86440
85030
95925
102248
100592
93044
84182
101219
79722
101711
73455
101533
100007
102223
102726
96025
99381
89118
91627
75379
86991
74972
95375
103014
86481
84418
97433
105618
80367
79366
74103
93052
75301
78591
98610
95959
96753
95882
104774
76034
101825
94380
93616
80337
77479
105593
75336
75408
83540
88116
104017
92997
81732
100535
90703
90422
96566
101397
79896
91819
90591
81791
85294
78837
99807
105572
104268
98735
77300
78044
95039
91204
89198
96071
77303
98482
81635
86321
74718
97933
92195
76154
92777
88902
91758
98739
79852
98989
100837
93898
97714
86197
94015
84202
92237
90231
74429
103069
80427
85114
94048
88884
78954
82994
77401
73832
98797
105158
76481
95041
88240
78615
93578
91191
83288
93437
99766
96920
87311
96211
73926
80681
102798
77367
100214
98832
99195
89867
86695
78833
77558
75711
93341
100952
81519
82899
78442
98135
85946
95639
84394
105584
104293
93238
97905
78004
85577
84722
81282
78381
105823
79281
97986
85626
97237
100025
78828
93881
78689
102840
102277
78506
98006
104455
79891
75536
95989
86575
80778
80731
82309
78509
87815
80517
79526
83442
91840
84794
94306
86958
102971
80699
96389
75086
100543
104964
100526
103875
90633
91821
102567
85638
96063
87310
95986
87513
84010
93734
83876
86607
82079
102334
83319
75662
94782
102217
102682
86100
104032
99343
88779
104888
93258
97418
86568
74675
83879
74512
84034
84702
90933
103859
79860
89981
84926
95590
75891
85437
96074
94305
73253
105274
89235
84934
101815
89540
73401
77956
99690
102243
74039
81787
98477
91032
104470
78050
104945
98790
92256
99046
102073
84369
93400
97172
84464
98982
94952
98809
92288
73787
99291
103048
93216
96248
85580
86716
102509
103127
82910
100350
95805
97063
81710
95688
104752
76759
83462
91915
82824
99569
80852
91854
95290
92517
104538
93208
92996
92680
95910
97553
86082
74204
102469
101732
75580
75666
96436
105447
100291
79949
77079
86910
84540
98217
85037
78653
73595
73980
100996
98764
83604
91612
79593
102416
87277
79329
90915
102151
83096
80811
99553
97524
81120
88871
74480
93629
84258
89359
90801
78481
94687
95152
100811
74957
93198
97520
83997
104481
86711
75151
89591
79855
73405
86445
94857
87027
86268
93837
77467
90153
98963
102808
94079
76779
85891
100517
75332
103514
85882
81783
79661
79360
102633
73351
93537
90548
84572
83716
87780
88253
79371
86041
105670
103482
84908
92526
76699
105409
85132
100081
81963
77638
87518
96726
76906
84030
93523
105180
92330
79365
80875
92627
83215
88445
92938
83547
85827
82937
88014
75246
82028
81241
102560
92961
100187
95606
86281
82470
82694
91328
94151
75414
82233
73765
95009
95853
87432
74805
81783
79447
105608
88964
103453
92970
98111
91216
84586
76979
101080
88420
101131
87477
94363
74300
93597
95535
82461
101994
79484
91358
81332
81977
75477
76035
81710
76431
103171
97638
75971
75288
78616
78747
88135
90528
90553
83588
97445
78273
81200
83735
89992
99263
89788
99937
96091
96176
105515
73931
87412
91616
100267
85661
83084
86899
74206
105920
76659
105036
94764
96456
100353
84014
96605
73522
104016
96545
78439
94953
96296
78104
103812
81679
94395
96464
86408
89083
100499
82427
77682
87166
77256
87710
87105
94315
74870
87992
87305
84054
88942
102180
86341
83611
96556
104640
100207
80291
79114
75471
104398
88930
86195
91548
92560
94756
83417
82529
91672
93834
97323
104806
97945
76495
105345
102253
77796
77648
85594
105038
96382
73804
100489
97503
95478
80104
75307
80406
104053
96118
95964
82802
75671
89846
100651
91798
103289
94685
84555
81464
74516
84502
85515
76345
74953
94791
86791
103189
78396
91221
87840
97406
100454
86314
86059
76612
75238
103862
89318
90744
74648
98611
98864
97233
97129
86190
84089
89934
78186
99267
85367
106013
103203
93864
106010
79036
98601
77165
93379
79966
95987
89217
96177
95120
83177
80505
78779
79388
78014
104205
102213
89134
94208
78691
90477
86197
78061
96145
88453
102156
75145
74077
99014
92122
83181
86086
77890
101687
79586
103113
91419
76304
105902
88285
101619
100556
78382
94144
104611
101679
91685
92917
86832
99711
98516
106126
99067
104166
92619
102055
76599
84248
103934
96307
98720
95541
84763
87803
93290
105457
77083
101603
105592
91890
84504
101999
104399
88442
104542
80007
84042
95301
105156
78711
90767
86197
106301
100154
80193
96044
84906
83192
86136
95417
93426
92621
83310
95224
80981
89804
89723
89395
102141
80452
87875
82381
74710
75329
81198
104161
99232
102486
94232
99110
75587
99994
105290
82966
88162
91633
80553
93775
98354
81293
98350
101689
88205
101300
77206
91625
78658
79811
79451
90437
84912
93555
81378
90473
87699
81243
83446
99914
82973
75446
74101
75161
92233
93799
98121
96747
97644
91962
74138
85270
79116
102253
103746
74206
84726
75631
97666
73937
85643
75239
83955
85103
104027
77048
89279
82062
102901
91331
106256
98557
93692
89902
86473
105320
81534
92388
78965
73851
74626
93086
93308
79946
105440
83360
102045
87537
96854
80518
89240
85623
78039
90432
101163
87801
91686
78684
74816
77316
100772
74115
88421
95298
88423
86343
88700
96345
102027
92188
99508
96784
74701
100259
97720
75956
92757
89903
102182
90298
90324
95874
87618
93349
98511
103895
105452
85290
95803
93990
92367
85138
95561
93347
76252
90465
74371
84103
96503
74805
82200
86548
89583
89328
105332
99283
105396
92953
88596
85793
89540
101760
81049
82153
88551
85281
92443
91059
80412
102219
83391
99038
90835
103170
102540
78633
92508
89505
76154
83065
85664
88772
82636
98518
86543
78692
93088
89270
94425
106564
75973
97406
91489
80780
102348
78662
80623
103860
104546
89820
84388
102820
104413
83212
77492
85018
105236
87583
103631
102987
103028
96418
90336
76749
99408
82537
104186
97204
80249
82643
101263
81148
104463
82510
79076
89639
73878
105246
78017
81958
82252
102235
86637
89213
95162
81977
85210
104099
88202
76429
85276
81063
83352
85132
104735
97049
96844
88277
99994
84008
93734
105138
89663
100872
93594
94106
98101
97431
96543
96763
87751
105023
105091
94519
98398
101406
74881
78572
74156
91492
102549
96633
87851
77309
93967
89022
83142
98417
105831
96803
106197
81672
79568
97499
81743
74801
94991
83818
105275
78372
92046
99684
76904
83399
89772
95352
74590
86222
80216
102318
95636
98087
102110
98285
105444
84885
98048
95680
103739
83867
92745
86105
98709
105115
99486
79319
92457
97343
95766
98500
99296
77336
97804
75490
103692
80005
85106
97575
77655
93911
99687
97542
95481
97970
74508
93936
75823
102070
76180
106011
106472
77919
90523
96642
95425
76074
101561
83501
96819
87802
84054
83634
88075
78777
103104
97276
88091
80962
75386
90955
80944
81535
106456
87420
77892
86734
106696
93067
77044
99498
91891
101462
89652
93831
100357
100259
90689
85245
84040
90725
95447
85289
81784
79931
88741
105041
81875
87610
106750
93894
78703
94956
99793
76815
91088
75672
105435
81475
90042
102084
98075
85687
95044
76793
77190
100825
91694
98502
88061
97372
95348
94983
81788
84886
79139
92264
94868
85286
90988
80676
98075
82393
81399
93203
93218
79823
94330
79331
102439
88025
80777
91557
104332
74278
85680
105612
85832
89631
100543
89842
100317
82319
103013
103580
74890
103175
100096
89663
76481
84865
106420
91203
91611
97091
103610
99014
94987
95750
76027
95972
84368
100952
103390
94518
103215
84031
81246
78232
92385
105247
98399
102448
83913
80605
91970
104364
86632
79941
104119
103626
78356
75945
88786
81694
76966
79051
100962
89872
82548
102142
78974
103716
92287
103559
85088
75390
78573
106057
83831
94885
99257
83106
90551
95879
102825
105104
97332
98493
88960
74776
84463
97041
88949
101352
81647
93501
102117
89147
95636
105718
75333
81661
97833
93993
94554
100655
85176
93829
89004
103822
80162
105273
101688
78447
83310
92159
99173
75502
106082
100441
79417
103239
100944
95258
105933
77956
80435
82985
76798
78681
78075
85122
101990
87628
79140
104317
85131
85784
98445
75347
104021
78676
74376
105182
87750
102480
84013
77472
89829
80448
89845
105223
81147
104092
83332
87791
103426
91590
97989
85353
100187
85998
105276
94651
102079
80179
85144
87208
83576
106762
87944
106225
102353
102628
88016
103707
103883
89611
101020
100467
100881
82637
103188
88400
77358
103133
93488
93848
97534
102134
99022
83589
100450
105409
104194
99497
89912
90105
97197
106800
102283
101837
83281
105830
104710
88966
94499
90489
91055
94057
78178
75647
102098
82655
87016
104378
76858
82131
95999
96795
80807
74588
98421
106758
96893
87196
101107
94549
89018
87784
81290
76703
80938
96296
82319
88762
75486
87169
84649
101246
81370
93234
91432
78284
105230
86204
97944
89807
81288
77126
89238
76930
87783
77375
95715
98931
101651
101445
90551
104390
99371
81478
86360
87676
83135
104165
83946
99318
86592
86303
99465
86708
99764
86062
86677
82275
98478
104109
78925
92951
85118
80126
105376
77013
96677
85737
75071
83028
86924
75909
100855
84996
97397
84572
80446
79952
99761
95434
88076
80416
88083
80550
99052
76451
98470
92964
76370
91211
79259
86778
88623
77081
75653
104642
79299
103962
94921
80032
103602
95282
83279
90916
95835
87576
101502
82802
81765
105378
81768
94368
95642
102979
104769
101983
93689
80594
88086
90334
106758
105612
86971
88043
104805
84317
98566
87388
77991
96091
79162
78509
101988
86931
81350
84458
105866
94729
106544
99791
93172
98042
104012
81199
75839
103780
105137
89490
78297
89801
104813
76066
94042
90159
104696
101320
89880
104555
94055
84882
103925
86943
88034
104536
106620
88066
97368
81567
96813
85983
83825
98749
102164
103649
103109
90430
97185
82061
99659
85383
97971
75280
79380
102329
86518
104763
91961
92376
89199
75468
93458
76845
95061
106991
103848
88296
105763
76548
74861
96010
101099
103331
79403
80770
80877
82909
106811
79766
98152
99525
75255
104325
84144
87088
99185
78955
100737
75192
83046
97636
99987
79111
88173
97268
88686
85330
85364
96167
105088
76323
81261
97524
86637
87388
83013
84839
84390
75385
102934
93952
83773
83733
93597
100566
83960
90287
80622
101119
88740
87983
88678
93108
104107
79780
95202
103345
90345
79056
98862
101339
94908
91878
78529
77349
87898
106770
93607
89524
86888
101178
104894
100930
92872
90244
94501
99008
96434
96024
96754
88895
101894
95527
96035
92688
100832
87852
91608
106538
106605
76657
88767
82125
82942
75477
86991
80997
74843
95950
86585
78513
79962
95402
86171
90148
99760
106010
92535
96908
105222
95984
82405
82161
94288
79912
101508
82624
106842
94245
80054
107049
79523
96318
107021
87493
94319
91001
87040
77180
83992
84630
79331
106150
105381
104784
78614
105328
79773
82143
78716
96641
78622
95169
96302
76766
86569
85690
77937
87051
90688
103194
88806
93812
83251
87614
83713
105995
106039
84569
84668
88881
87352
99445
98445
100826
91248
91060
106901
80620
74809
97756
86042
105705
100639
79122
91703
90062
100410
88806
105682
102459
103867
99472
106191
77267
94660
95353
89219
98534
79741
81150
78700
95054
90724
98416
81439
94358
81380
94815
90241
102754
95018
97816
91194
103946
76084
79468
80231
95369
92970
94899
77711
97686
84210
81169
80601
89360
91647
95736
104828
96671
92777
86254
93558
96153
100931
102033
106113
90914
104233
104408
104515
83352
86040
89755
80069
76334
91010
75606
99110
87510
87970
106538
92817
79461
85262
92452
84332
85233
85899
94658
88274
104318
76068
85939
80964
81370
93054
94943
95643
99782
107366
88743
87361
86614
92844
77934
80545
78491
85044
93016
80092
82815
77386
90449
95166
92399
79670
92498
84208
107072
90128
94943
104815
97739
76246
79573
83772
94171
75964
91490
80726
102602
88515
95573
100325
99942
95885
96408
96952
105625
80752
104954
78833
86346
86985
75826
103679
87934
90259
86561
105421
87491
85304
96344
97849
91086
91814
79834
104904
101219
92326
102947
101272
86133
95593
87657
99478
99471
76644
77857
77296
92530
85343
97989
78286
91904
78024
88789
80957
88152
91724
93212
100459
78915
86185
95540
85530
103631
105917
79948
107343
90681
87523
104745
75338
75024
95616
106603
99259
82840
83161
82962
77107
77421
90664
104768
87001
82024
78318
86848
97118
87494
76170
78792
80179
89735
75787
86139
95225
94229
86339
86450
79673
104998
106268
102012
94037
99043
105776
76260
106942
101962
98963
103794
95592
103633
105971
105716
106363
93516
83940
89981
100428
85520
85877
88495
81035
84313
103687
91446
97982
92393
83807
86421
101613
77042
95993
96805
93855
94774
95135
97626
89862
99181
75835
96585
75639
88551
92394
94567
97821
86386
91985
82324
81133
86910
82228
82520
99548
81279
89412
98924
106832
99987
100921
80252
81877
92261
103457
88107
86034
102225
82936
88408
106491
103881
97656
80031
100424
85751
94002
78371
81189
107683
100574
77707
104235
101464
76784
99915
92303
88002
84588
92965
78489
91227
92154
81647
85848
93767
78141
104598
91029
100987
105825
77923
77061
101413
85491
102525
98498
88392
106742
77488
101884
94887
76083
86892
80108
78565
98512
94737
107018
100586
76324
87657
77184
78217
94922
84854
106206
78943
101620
106351
105743
75774
86786
76037
78476
98635
92500
78314
105935
94756
78428
92820
99851
105286
84215
84799
92186
103790
95485
99889
85943
103871
85526
94017
78061
78180
98512
97434
95695
99446
92655
83133
103530
81952
97285
105925
82168
91137
107330
82415
102487
75473
105356
105817
106169
86600
93394
76042
102044
103995
98718
96051
95229
104201
101354
87220
98248
80693
76853
107490
98196
97364
102102
87176
99725
81706
95119
105772
85169
96016
86885
88467
77120
104600
104623
78471
79213
106356
105838
94935
80474
76692
91100
77216
95555
96655
81224
104907
98554
80452
86816
83671
84883
101825
83536
102104
86112
75108
88266
92608
77344
86335
87398
99806
93555
97473
76269
84388
101265
89747
92016
107181
105788
90049
105695
83455
105971
97818
81879
83341
81769
77273
104378
106240
85301
97925
89861
75702
96459
100117
102110
96779
106923
89432
100589
83928
93656
105620
103277
79418
83596
81774
88963
75413
101674
86281
94670
102616
105588
80242
95551
86786
92670
76092
90155
104933
89058
92263
76702
83753
75446
101511
81139
96405
83899
88609
86433
103562
94039
87385
89432
98256
94150
83402
101965
90262
99340
78262
93138
103091
99118
103519
82729
78130
86945
86964
87706
88334
78595
80176
99011
100666
75273
94720
85552
82916
107705
88676
104235
87291
87769
104535
86997
90607
95399
84338
104566
75448
106442
83982
88082
99353
84105
84905
103229
82726
95035
92299
92463
78340
94718
78504
81691
97776
91820
100297
94653
93826
106763
83175
83251
91699
77124
92887
100109
85022
75415
95789
104103
82691
107084
93786
83895
86417
83693
94231
86818
90085
91058
79623
84500
77390
105533
92823
81743
76115
97415
78378
105155
81655
100635
87155
84831
104763
106370
91681
84776
90597
80638
84930
76168
95104
94587
103137
102376
105380
81090
91762
95361
86647
91120
107121
94062
101236
104742
84677
91654
99179
106371
92522
98410
77769
101711
104399
105818
78618
97913
79741
79949
96972
84804
105978
95680
92726
104253
79853
84430
79577
85104
92034
93441
88549
87771
107024
103272
80639
78883
102650
104937
96321
76678
80339
105945
94082
82449
94661
78538
93400
81683
106547
76452
107100
87249
103581
107512
85293
82299
95172
86672
76728
97375
98319
79435
76086
82781
82222
78888
90741
105627
85757
83360
92124
106618
82859
78393
90282
106440
104731
100184
95102
96823
95626
82518
104476
80141
76659
90327
79470
82462
94383
84823
79561
79607
102625
85510
92018
87133
106257
103382
88929
91638
92823
88018
108100
107077
80699
82097
104903
99036
104602
105131
92179
93388
106700
91019
85908
81249
78403
89350
78848
102156
93430
104779
84117
84641
85695
79323
77730
88258
93954
80027
78664
100251
105872
82727
97154
96465
92363
102506
91491
76724
85770
94316
90015
96188
106303
79466
94285
101171
85207
85292
83947
82479
80609
91539
99747
92611
82547
95090
102604
82806
96329
93342
76724
89332
95664
97865
107421
102404
75938
76939
82437
81594
94003
102466
90923
106478
98860
75548
87502
77805
94965
92658
92216
104813
82104
105816
83579
76487
84163
102514
101883
76640
103982
81417
80428
107880
87230
99293
85661
96200
92938
91197
90678
83029
98268
99798
94142
101962
93914
91593
102303
105717
94310
94208
98030
95920
96450
94657
104358
100371
103032
105091
106036
84840
79865
98049
100409
99423
94340
86670
106635
91140
78921
84648
76925
76013
89039
90319
95840
102328
106131
91800
90441
75701
91378
106493
92693
90079
94536
88055
80299
90129
107610
107343
76929
98934
90353
83376
95074
98626
86728
93442
78190
76959
105640
79603
80738
81130
78290
79062
89113
103712
89757
90545
82515
100755
83040
81553
97206
98018
85138
100641
106770
95527
87856
82043
104425
86898
75871
93246
101679
100215
88403
88545
101710
85379
86127
83015
89453
79029
99502
104851
96754
78698
102465
86845
89669
90105
87674
103526
96727
106913
82152
98920
95844
93631
88004
101298
78709
91460
80267
102611
105256
91751
79341
107476
78899
91799
102374
86475
103719
75956
76587
76461
105714
107390
75975
97124
103592
76878
79622
93729
106115
80388
104594
99572
103976
87104
108252
107162
83499
99029
86973
103830
104150
86394
93790
88451
104998
80835
77653
98984
104727
103760
86032
100301
99873
82501
78199
89677
96515
87033
87501
105581
104383
89587
78295
103916
102630
104210
104769
108251
101141
105227
84541
106671
77248
90137
89197
101781
108334
79087
104195
81413
86981
88818
94759
87194
92808
102565
83865
82977
86750
106596
95895
95216
100245
83798
98049
97913
76582
100509
87995
81438
78139
82127
99411
105543
82286
101802
77283
87730
79700
89603
82745
77579
91066
81408
91190
80061
95022
78727
105588
80135
105922
81654
78123
85330
99340
87061
99926
84930
89457
89929
89873
102923
88996
76554
97606
79494
92009
80278
91272
85892
105119
91879
83007
83170
105341
91875
85254
90077
81180
95188
95569
101672
100661
82199
94547
99644
104237
99864
90655
85744
87118
79230
98317
86089
106840
79010
83039
90515
92472
108358
87588
104112
103703
107396
81501
78513
98710
90628
108383
96675
88408
81522
76664
87211
96450
105519
95957
97366
81662
99143
82083
105770
94278
100772
89973
76417
101727
89217
97510
86935
83043
97825
76927
85729
89796
101312
92635
94112
86158
106442
82440
80311
85228
107595
76849
92089
99310
76198
87418
104263
93577
103819
91180
102297
83424
81443
95762
87642
106177
83341
89635
100025
76403
84366
91488
106173
107439
80772
103168
79576
95980
95388
81867
88000
102624
88645
96452
90746
95811
108261
95498
81591
100566
76490
107264
82788
105892
104803
102572
101757
84103
79536
78685
80162
98543
96503
86673
78060
99295
94905
104981
100225
104248
104676
104302
102246
102970
80202
108152
107797
85832
79186
102733
89936
92907
87277
92008
104884
95258
83404
86027
101777
94649
105169
89053
93433
90463
90051
104920
78871
103260
103749
95074
107714
100347
76041
103354
106578
78340
81473
89750
86963
82565
88662
80395
92600
90578
84445
77740
79793
96715
86471
76022
104511
95581
98519
84716
92263
104780
79194
79102
88806
88623
76562
108335
103876
86972
107891
86903
85548
83269
100882
89702
87675
79747
98138
86795
86679
77715
91008
101908
99970
103230
77754
91190
95023
107133
105388
100304
79252
76348
103715
94667
89088
87135
90118
86468
107951
80131
94858
84333
90268
103686
90532
96048
88470
84425
94660
103446
103062
100916
106432
76008
78672
88315
79374
106132
92168
80928
82487
77265
107175
84410
97928
94726
94734
94708
99339
107368
91050
76376
88246
80995
107336
89678
77281
101948
85291
84191
90878
100596
108124
105407
106628
80495
77634
104331
106284
84182
83058
96591
94048
93241
82376
90443
87280
76665
89015
104183
101128
90213
107229
85572
99423
83747
91611
86565
97200
105682
91491
79950
92270
102765
102035
98875
76724
102642
77697
85877
100731
108484
88599
99601
82447
99918
92449
102009
90052
92138
88996
105327
101604
90369
96881
98126
99821
88179
97275
103827
97273
77881
105062
85917
97150
90441
85984
85937
76599
102073
77108
79169
96098
87080
97948
97902
97580
86874
78551
107211
84586
83234
79996
84836
83337
102789
83342
84991
86472
78620
81232
82337
99236
92602
108635
96852
96660
98383
94957
100904
77047
76300
91524
78200
85835
80584
101292
96366
100255
81571
97557
107465
107595
79081
81128
91870
103646
94777
107355
95965
82008
93670
99716
90966
101274
97949
102250
88060
107546
84552
99426
76712
90843
93491
88473
90273
88989
105581
89837
96794
93265
83826
92673
84732
90319
97542
79760
106982
97995
104292
96001
95858
101893
95128
78908
97211
78017
79914
103357
80924
106615
93948
103654
107066
107211
95861
85658
103236
84671
101855
88583
97913
88616
98574
90051
99819
87903
79683
97051
107651
76600
108880
92072
95558
88888
99068
77091
98262
78850
95144
81273
77372
96275
94771
80162
85988
91823
96284
85423
85481
77595
96230
90787
95380
107533
103105
100484
95775
82785
86374
89650
101054
91661
91203
90231
86496
76887
77528
88030
88241
96838
107105
88265
92644
104534
76725
100798
101041
85103
79982
107522
84249
98072
104266
90729
81777
82153
79825
86636
94494
83006
101688
80764
91294
106291
104582
102550
106184
92620
89589
106520
90964
101491
84379
95699
89757
86696
83785
107361
105638
103924
102836
90808
94555
103710
97490
83712
79386
84898
81799
94114
98418
89439
98433
94626
79403
92816
76385
92974
107142
90109
84763
95607
94405
104307
98975
92351
77806
89201
83129
108211
82893
108836
94773
89852
91960
77717
101704
98833
107415
99106
101675
87631
90531
95787
103689
90955
96109
98317
102939
108391
87970
81748
99602
84899
83470
93228
96949
84406
79200
85785
96203
79966
78381
102376
89147
78324
98103
94438
98674
100675
83694
84559
104453
82074
99895
88585
100503
96032
103533
80786
89086
82024
93349
105528
93857
105029
105527
98184
95012
95456
96890
108552
100424
98567
101838
96297
91660
80072
82400
89975
91673
87615
86825
108563
93020
76972
103352
79971
93429
104392
93490
105736
108624
95578
82967
93968
81553
89349
106566
92781
82230
100964
81604
84134
94711
77145
94393
78797
80369
103585
93115
91569
105476
91820
94031
83796
108154
89260
91053
107680
108521
78829
87492
84053
76634
84324
95358
103494
98218
103306
95045
92613
85553
93803
95686
95836
99490
93689
92405
80062
103986
76455
93521
86524
88061
80947
79465
95996
97445
87747
99231
103976
95036
81460
103980
99683
77156
99247
84068
85057
102580
82301
109115
89719
104286
84252
83721
88720
91151
96146
96394
106722
85271
107521
92969
87745
107210
89212
79742
109042
79142
91417
79125
92258
89270
77127
92785
81944
101045
77666
81488
80745
107639
93829
85553
85355
77317
100000
101908
98988
100360
99018
103809
109091
83176
93656
81355
100966
88372
86318
95638
96030
76613
103893
93591
88760
83486
97230
98971
100446
78743
105382
100555
92710
82363
108107
89134
89993
79726
87838
88687
90134
80979
85065
109025
79463
96236
80211
94656
91989
76803
108530
92090
104808
85577
80672
87725
102545
91454
108656
98995
102940
76880
88995
101980
83168
82759
96374
83258
90553
93408
77503
94115
84024
106680
103608
103346
84888
95340
97179
83855
84980
106495
94831
96496
94136
106876
92961
85472
102742
82908
79318
99008
79162
101673
83584
92555
105471
88036
96431
93790
83171
105381
83371
83255
95352
108801
106687
107772
103325
89264
93655
78784
96941
101871
83534
100419
97526
80932
98305
91319
84077
81857
109224
102090
93599
98922
96102
92384
107499
98906
81566
77984
105967
107779
104457
100019
98880
105716
80133
107464
89182
91904
101680
89820
104935
107165
81206
92344
92170
84362
104423
90299
99647
101045
102797
108249
88885
85083
85372
102116
95500
104817
91626
88330
107973
97859
91649
103328
94967
104539
109107
84510
104387
89508
105166
107882
78857
89807
95440
90457
97244
100598
103676
80755
97076
109183
96557
81654
82403
81732
93163
102942
101323
83952
101948
108708
80205
77996
78780
98180
76805
101116
83184
83460
89012
106211
105432
104434
79741
104270
102083
77101
108373
85424
105831
107111
82357
96489
95281
81704
100753
82796
80346
89366
84110
101537
88891
87157
88432
88456
84322
102890
95953
80032
89573
80260
90649
105735
88438
97020
95914
95458
78008
97084
97627
98047
105298
96031
87080
107449
104769
99192
81448
87324
90738
101973
94143
80458
95376
99717
109332
109085
78619
83543
98501
80142
85434
80549
100570
89686
90322
83729
108536
95315
99415
93839
79063
104492
81122
85796
102902
76984
99076
89069
102286
99484
87259
96354
108996
96180
99810
88284
96034
92085
82189
85077
88904
96272
94486
86895
86495
97561
99089
108728
91599
91752
79687
106029
108722
108671
95297
95229
81544
92590
86051
101519
86444
95796
83004
106949
99079
81831
81626
89987
109187
93078
100195
100203
97218
79212
108705
98795
90897
108439
87390
98426
77463
94186
97073
103710
88018
86848
96151
90930
98629
99427
107333
85350
97386
90668
108477
83207
93166
90347
86816
106113
87581
107272
89667
102178
80796
99563
88324
79904
99926
106522
78047
90846
91320
100769
99772
86635
91425
85943
82187
85579
91540
96926
107283
84603
109489
103627
80519
86191
80099
97863
96859
102110
77530
102229
90581
77568
88124
85589
92903
89111
108951
81128
78524
104556
85659
98389
102545
84251
104326
92460
102086
105169
88799
106025
96821
107477
106343
93786
97218
91973
107085
102020
94259
105891
101793
83396
94787
91792
94987
85362
84721
83926
89789
92234
80926
105900
104102
95438
88407
90166
88552
98022
90864
90700
78989
103626
87890
93564
80757
90913
77461
89938
83091
89195
95314
109526
94042
94108
78770
92503
102769
102921
92619
84327
89006
106632
94765
107303
84802
89043
106935
94917
80689
99374
99248
94786
109062
88138
93459
77689
100292
97128
88617
82781
106527
100033
84573
102018
95468
84518
101965
106207
105687
98276
80925
107218
96852
96234
81424
101732
89816
97838
77657
85967
93768
98380
97070
85053
87730
79472
94751
91603
77883
86903
84390
86510
104792
98385
80383
102060
90945
108202
77369
107183
90787
85705
80526
100893
80021
103608
85232
95467
108494
96421
84964
80476
84501
102024
104339
107972
80376
86278
106782
98450
99521
105365
101427
97677
96422
102370
102110
92510
107328
92784
99233
83023
103487
100993
90566
108882
79963
78137
102388
108101
90254
80897
83201
92532
84352
89642
92935
92256
79683
105938
80058
91071
96576
104460
95480
93379
92785
86075
104610
85919
82385
102079
82603
100168
83729
103124
78446
106104
81805
105398
80965
107001
108414
101642
93271
100384
101233
78457
84913
78232
103928
91806
97177
92000
107935
106786
105246
96791
98081
77861
109300
91768
94172
106720
91007
107297
95363
105353
78126
97176
79891
79479
84746
105615
98056
99463
104335
79207
86736
90814
86970
86772
98688
84272
77923
87936
83398
107296
88525
78866
109342
94824
105852
83696
98889
82460
107078
99170
96764
109674
91821
83641
77781
96196
96620
97936
85394
102210
106576
99410
99973
88641
90441
86524
100675
79697
106945
95268
80285
106062
86060
89403
83665
77260
84961
97807
94721
108472
98088
83859
104675
106813
90004
96739
88251
92645
84115
91267
89478
93697
91203
97255
78200
104522
104071
92217
106665
95944
106075
94550
99596
108275
90468
93210
102048
85273
103883
101597
89066
105215
81484
82749
95906
109003
109706
99102
100525
109345
97702
106224
89419
79245
83215
104241
98962
77857
88476
99122
106267
106847
96472
96029
86011
91481
79005
101175
107252
102166
89828
92259
98541
96568
92123
97768
105632
84444
90680
83059
80275
93634
106957
78432
89929
85678
108637
83253
85177
84237
87215
83055
81919
107740
100320
106882
91730
103878
79101
104731
100406
99980
102098
96680
83442
78762
83964
78618
96325
88376
104774
103401
100693
96270
98866
87897
88552
95787
96213
92413
100054
106072
95720
98681
107199
82696
108061
98443
79865
100483
102831
108621
108236
105027
102717
105908
78818
85918
93912
86621
88825
99238
93787
80777
80347
107598
77818
96870
108432
81102
106782
88464
84946
98120
94065
82903
84673
102827
78388
104515
88280
106968
81369
98133
84768
99587
87502
107920
96163
91740
77975
98104
96804
84207
98847
96602
78093
90313
98384
80908
100009
100189
103905
90614
88723
85798
79727
84241
106351
96909
102096
90287
98519
88588
94372
104636
107928
87444
86060
87619
90655
107820
107872
102707
93998
97500
96571
98148
96468
77769
101466
94421
104859
102049
84933
82232
103939
99641
100365
98992
93231
80757
107159
83417
101343
81257
107831
107273
84638
93885
96256
92373
92221
85334
108891
103383
79743
83762
97367
95151
81686
108436
78144
106824
91854
89954
81011
109149
99593
109771
89968
103995
90219
91692
88113
108488
96726
93237
105147
98500
78489
100168
84210
100943
107236
78881
89265
83627
78976
107452
79898
94276
87484
94835
102443
100845
88235
88680
91538
83053
86668
91426
98243
89402
102282
90235
106055
88708
93862
105145
87127
84085
80369
109051
82601
89016
85758
82647
107402
105784
109463
90689
89389
99114
78511
85678
101955
105293
81304
78970
84171
109168
85366
90503
93996
91446
94452
91176
92033
108054
78389
102717
104756
83109
106766
79263
92366
94744
85362
95934
108045
81668
83501
108168
106552
110185
94165
102029
87215
96751
83966
95841
93126
93039
92334
92482
96211
94133
90129
98043
109190
83589
77933
109576
95353
95195
101463
89339
82696
87671
107304
90399
86115
100249
102827
92250
80353
92170
84760
104536
86168
97883
101958
97509
88106
100977
80668
87963
108513
94786
105545
103102
90623
93145
96564
88932
79183
100512
99382
108249
89344
99806
96520
108353
86707
99967
98167
95103
91859
104980
108127
91734
78629
79130
101078
96462
105376
97919
98216
105434
86398
104034
84228
87351
101523
80411
82036
107415
93918
92539
95506
93695
83550
94548
105466
98926
106790
98108
91387
92095
92084
107151
100242
100048
94591
89779
105496
93924
83919
78496
103738
80198
101073
80287
93610
86064
109803
84305
89620
105706
96333
78068
77652
90422
103113
97762
97510
81900
95204
92506
97181
80098
98605
86915
104600
105486
83149
94126
99443
79855
94816
99804
97978
83752
110083
93568
95651
90479
84398
107910
85500
95141
93381
109971
92002
99142
88553
99471
78004
82180
83732
94305
90311
110255
97253
94969
108379
89176
109112
102548
92750
98486
79098
84795
90896
94409
88380
96141
77911
80572
93573
85695
77844
92176
109421
90593
79269
109303
79719
86627
94284
97022
88799
95191
103904
91375
107653
80632
107970
102902
90856
105964
88083
84482
109894
84422
101668
95598
93858
86351
86318
90593
108312
80134
84036
85619
87918
99429
104069
99089
84715
108646
104598
96034
78700
100166
98384
84842
84916
88457
108981
105263
95236
108606
80937
92315
97515
81028
93151
108642
103520
108621
94097
77989
100622
85090
97908
102165
88047
98216
92779
100955
79900
80801
109178
86712
104676
94773
92542
108008
83483
94387
93468
92749
108212
95251
92408
99657
84371
86654
102951
94444
79004
89616
100070
87247
109072
91356
89740
108095
88089
94768
95677
103326
108195
79131
84705
81671
104302
77869
98004
101425
93281
104062
85471
99734
100386
96753
103656
105684
81123
110266
79589
84563
97663
100382
95895
86056
107717
86650
104564
107577
83731
110215
90341
83362
82472
78300
82609
98648
98099
94389
86457
92684
105263
87282
85479
100179
92531
91747
88673
98307
99461
92226
79106
82912
90416
94209
98826
96376
104406
88391
98324
109899
88071
80693
79945
105263
80465
82669
98004
94963
91226
104277
87957
98115
78637
109080
103194
105931
90066
104942
79819
86944
86561
100894
101220
98523
103895
103233
86185
96135
108010
78152
101717
96701
98842
86720
93267
90893
82633
93525
102448
98592
106252
80789
92625
90012
104706
100343
92001
101192
83045
108828
102286
102513
88926
103252
89333
80012
103838
107364
93658
84764
95658
99975
89117
87510
98422
91058
86377
81923
103222
109084
109487
109863
84849
108798
83411
94944
79191
87191
80037
108048
78932
89204
108562
99134
88549
95982
94364
79418
106155
99828
84231
83200
78270
96523
109653
106975
86595
102546
106485
108763
91969
91723
109112
101455
84400
89879
101636
95447
95443
92673
104652
88172
102600
77950
109503
85201
101214
105459
78144
88367
78630
87160
79255
101116
100557
105692
90598
86560
80552
110569
95326
92251
97937
99049
100530
83937
81394
102761
83148
95560
83999
103996
81344
106660
98025
87491
108798
90609
78192
89452
110027
103601
104760
89209
92914
104149
109951
96771
99510
93921
82126
85054
85772
105804
105679
87294
92167
105765
102494
108410
87700
88061
107490
105296
98663
102656
92126
78026
102965
101221
102851
100960
104740
94217
88841
106366
99456
79446
87677
101511
82095
103530
110557
107545
103527
80501
100770
107923
101662
89443
93469
81108
102338
87228
98501
110406
90539
85960
96464
88604
81358
91638
95744
91607
84531
99966
83648
86799
98729
101190
81519
83056
91576
94979
104188
109059
101591
100000
102579
78254
90335
93667
83030
106751
106944
96078
88944
97317
98418
104259
107238
106047
91695
90732
109519
108250
80864
100186
93829
90292
83413
101228
107516
99782
92088
85747
84307
99458
91332
105619
98729
109146
94258
83949
84530
87937
106996
106362
78986
106485
107430
79290
105289
97725
108994
83343
99543
96367
101651
79331
108674
91638
104556
98449
84429
108690
89753
98435
89611
101920
109718
92952
110637
79004
93183
96456
95961
104420
100808
98570
102588
109759
79150
101749
88864
109853
101101
108582
87745
96673
98484
92515
102108
78940
107734
100477
95882
96476
99906
95227
110668
87397
88245
79092
95207
92542
108846
106941
99954
85423
79523
107461
96429
108682
82674
103612
106388
103656
94234
95995
97076
81269
97707
101664
98238
86383
96891
103672
95450
79530
81563
108963
89917
105688
82313
102642
108670
87559
106663
96276
96549
104555
92652
90994
96518
101726
98010
87511
92621
86437
107440
94932
85977
84725
102112
106595
105806
95925
101571
93130
103269
103942
101260
79298
85511
88833
107387
92633
109979
97087
94035
83221
103196
84895
84237
94170
107118
84291
81614
93965
98034
78812
87063
110714
79448
105768
90939
79475
85428
102841
78615
108218
107732
81655
103677
82082
107473
80488
106225
97904
91877
85551
87576
91655
89212
93907
89453
85189
100750
81474
97462
103080
92203
81942
103351
104629
103512
107286
85413
95898
80665
82944
108765
78738
98255
85382
108246
99977
84932
104854
79956
90497
80901
79838
80351
85044
106864
81296
103540
86522
83725
82530
87674
100078
94882
110298
88311
92236
86913
81864
83204
105502
86949
90900
101759
87064
98045
86457
110847
88000
95496
101138
88077
96722
104610
103765
107409
97506
94750
108381
81802
109379
96148
106412
101890
108072
110460
93360
97858
110601
90492
84549
91202
95816
84351
96380
91235
106005
98567
85914
83808
104591
103108
87396
84610
98859
93285
79770
81940
102746
107182
85954
103447
88166
80843
103462
100663
89757
95204
104992
82429
87218
110577
101781
92741
92256
103120
82368
103667
97104
92308
81713
106978
82237
89121
94997
81949
100694
109302
91063
90194
79588
84809
101959
109443
109868
79961
86491
86527
78487
88320
101299
83601
102160
78983
84161
80375
92590
92607
110696
92821
108947
105549
101509
105579
89620
85062
103084
85317
94746
84988
86708
96561
110279
83991
93813
99126
86365
103911
98000
104003
79964
80888
84464
103014
93163
92391
110288
88638
99705
85109
92669
103603
80548
100058
104350
79588
102234
107100
104113
92769
95038
84767
110999
107419
85581
80191
110547
97433
82113
98588
79119
108524
105013
81397
102751
102372
85003
84665
91850
95748
88843
97561
83975
108212
103500
104162
78980
103734
100696
90506
103853
95195
104331
108552
106858
105591
97980
99049
83433
89362
84768
109217
98975
97504
104042
82975
86665
101748
91191
88996
101304
89136
105898
98772
88076
104448
94291
81678
109376
98120
103510
86265
88614
109082
81353
91743
79668
83117
81245
85311
88128
85514
103489
83741
92552
110345
98115
96157
111093
81276
81209
106832
109729
98218
103583
107726
88982
82943
89217
95749
79833
90369
101532
97232
90791
110982
104640
101836
97278
106788
105336
99431
82527
89322
103405
102201
90067
97357
80648
83352
100396
79461
78807
107878
85133
96090
105266
95278
84012
92697
80542
79471
100951
84555
90737
110904
90549
103047
110391
109045
93391
88774
81493
88201
103374
97048
103916
81821
85894
83606
82944
89911
90548
94872
96474
95630
90756
97832
106666
82461
83799
110006
82033
98038
83650
93965
104990
99417
81370
80261
89079
84613
96943
81530
89915
81358
102422
97790
80390
104688
104108
103371
108660
80291
98071
86139
102665
107375
88463
94972
108625
107714
79518
103998
96195
86592
99619
108334
84971
85082
102813
95976
85449
99106
101030
81192
84852
93277
110270
106242
95234
90074
100170
101844
101036
101891
87260
103032
87342
83122
102581
88254
84333
95814
108425
102169
81500
79605
86402
93848
107552
107620
109447
98072
100211
93044
95677
93113
91206
90207
105294
97166
101290
89349
92010
98969
106736
88448
101260
89846
94735
94974
88831
87638
110407
87248
90016
92079
83460
79806
109541
91442
90885
93086
101918
92798
90045
106277
100603
99091
106234
88572
79183
103689
105668
89366
94483
91138
79240
89410
98222
82013
92278
84988
98164
79532
104743
107145
88172
86888
103555
90947
100438
85732
89314
83249
94188
79232
98673
81370
99689
90143
99544
89435
102472
86235
104217
110776
86606
83959
108219
106096
82378
107796
101673
94548
80156
92328
88661
99736
81780
92589
99232
85035
85724
103318
96766
104516
80761
82055
93013
92990
106509
99269
111399
111269
95169
96364
81521
109713
109858
92256
91859
91698
104041
89989
100592
100525
79615
98099
88600
92198
95808
108004
82213
100638
88960
81712
79522
102400
102219
86012
94259
85750
98801
103150
88880
91649
88898
80164
109204
108873
104343
107301
97302
82354
95762
108055
88213
80815
105510
110899
103353
96347
103001
92023
85720
79046
97864
98714
107286
105356
81388
101445
79569
103597
83997
87680
82492
83864
95828
107627
83785
99209
105397
96814
98509
98837
101709
103218
85215
79876
98200
88466
104064
108638
89414
94668
98946
93640
97086
110269
91042
93713
85476
98764
80376
93193
99223
80741
82321
93074
108670
110505
87130
105465
79749
103267
107327
81030
81058
107838
101013
110417
93277
96054
99765
110168
87183
93261
99818
87759
100970
81535
110734
97975
96697
106743
84079
100530
80233
86659
83576
109078
100681
78918
91533
87872
89358
80045
107958
84523
104602
81572
100992
87873
90494
109833
104608
99440
108989
90720
87770
104065
88019
85193
87585
100517
110581
81456
99584
107089
90779
86212
86584
106316
91196
94122
90795
105991
94808
88050
89720
84012
92604
107978
104808
92537
86530
82417
105097
92367
82519
82799
83736
87942
99201
104836
79012
101124
103200
102878
91761
95374
93235
102158
96795
109405
80095
99133
100219
89333
86380
99099
79822
104370
109713
99609
88084
107428
107761
106712
92855
89501
79845
90849
97389
84103
106876
100502
82015
84219
96704
79977
79755
81680
79675
100939
92007
94833
80570
95335
91079
99507
84049
94225
110592
89573
102815
92921
80718
83816
79187
88229
97395
108801
88047
96286
94369
105516
80333
106985
98714
84403
93791
111160
104214
83328
104634
90978
87909
89263
86358
109713
88917
100840
104719
96442
88406
99308
97648
84435
101340
105069
86577
105536
87813
87331
107518
106126
94588
100636
84091
102755
103581
88148
110468
91061
96218
85893
88505
89915
105309
104000
104506
96545
108014
91453
96687
105216
88600
79600
100492
96269
91783
91740
81555
82577
103861
110636
86426
87449
106694
84480
81294
108270
108976
99333
110520
103751
106654
108744
79679
91838
104599
102220
89838
101249
85850
103258
103480
96458
93325
92184
98169
110609
80919
96477
110975
83584
92107
85060
84553
98471
95302
105855
97550
87665
99610
106478
103810
95062
109612
106736
90708
100051
84058
97274
108795
96535
79713
103654
100018
88064
89854
85133
90817
102469
86356
107415
87551
83701
102542
98194
109461
91936
79301
83522
89860
79827
98084
82744
80746
101962
100682
101286
98305
94306
79855
87154
110056
80717
102859
93833
90918
107145
103347
89462
91884
105235
81670
80947
84762
100056
91975
91199
83717
111724
99083
101104
110455
100094
99350
84235
110584
88716
96961
82066
108876
96339
100511
87261
88381
110474
91743
108780
110491
91727
98548
88060
95360
79586
94708
105560
107480
93457
87870
88178
107041
96243
85472
79410
110192
107481
103480
86158
79285
110722
104281
105307
92991
104334
94127
97635
84611
104245
102631
86199
91673
87353
110857
81223
108551
110105
109287
106927
91970
99464
90043
97876
95858
107805
89100
104112
102390
102988
82897
81130
82728
85141
84441
97194
83682
92923
79466
102955
87361
104376
82217
95890
95400
83247
82489
86654
86536
110370
97959
110048
102495
97317
103430
80909
110975
103251
83798
98065
97297
96831
80683
111942
99033
85806
86283
83238
110908
111491
80407
105310
98559
80506
97005
110371
81233
110617
91854
106697
96012
85092
87548
108178
101944
108241
105318
80836
95441
97787
97671
83454
102089
108442
79500
107723
86865
81075
81845
89976
103253
87564
93181
91427
100677
93411
103933
103189
103963
111583
91406
95570
85914
97351
93614
95597
82899
97138
110885
93089
103918
99455
82024
83486
88103
100934
99901
80545
83735
97677
97440
79431
84533
88960
86373
98211
89500
98395
81440
81678
84239
103018
104258
90430
84026
104755
87684
100379
100410
103666
107657
97741
106080
109125
107966
89626
89138
79401
102022
92655
107699
89637
82580
80188
108261
94405
99223
81669
106891
109130
95005
86967
103475
111008
93105
80312
98676
90512
95559
86081
108149
111159
88283
92272
84910
87735
104276
94361
103155
90924
83886
92638
91822
102114
106584
89087
93804
91845
110555
80755
109723
99352
100541
95671
108945
105322
91301
104422
85969
96198
99007
82826
89482
79403
83298
91569
102241
87355
86769
91204
92272
93495
81407
112021
80783
107563
96438
103991
88530
111206
104313
86290
100947
101165
108232
85430
110385
97713
104548
88304
80856
90686
101300
88987
90243
108468
95592
95161
102144
87355
92764
107459
81075
87091
102847
101437
99806
104042
98932
91020
103968
93330
102328
106508
96827
106738
84230
100446
81690
109147
110903
105983
98834
101214
94446
103967
87656
111036
100403
87216
107539
92702
82782
105917
91076
80902
96055
94461
89124
82438
84059
82856
83036
86576
98786
101513
94171
101069
81726
87637
91987
104274
93542
85051
103173
82319
91957
95420
88639
107306
110860
102077
89123
101196
104383
83162
107945
93338
79535
109310
100584
92007
108851
80432
96657
82983
92989
81584
103100
94759
109882
93251
109031
89724
106297
101579
103227
79674
96080
97562
97042
93926
79675
93192
96439
103469
95559
102339
81516
86485
109679
83303
101042
109301
88004
85711
81604
83809
89362
107178
81509
91241
101056
99025
97499
81347
109816
85208
88892
99013
97800
80098
80872
109527
95752
96954
94039
82985
81341
96544
89621
97185
84158
102241
103434
103704
88789
101675
102655
99525
97448
92318
98910
86777
107417
87718
84537
104205
102634
81289
96142
106137
109605
112060
103370
103655
89275
101627
92555
81576
108267
98200
108714
105957
102373
105492
101241
102968
101680
99564
90441
84283
99145
99509
107056
103233
104333
108651
94217
94276
88408
87047
108731
92447
99951
99663
93631
100605
93851
80114
83164
101138
80535
107988
112181
102537
105004
82599
101254
94909
105883
84411
103595
99755
81467
110359
103778
89768
88675
81096
82001
95055
108682
84345
90955
107710
91565
81220
108751
101122
82674
88264
103121
103631
87690
94844
103101
85876
103387
106050
90810
92943
102111
95040
99372
85757
102087
91115
100220
86677
111589
89188
98587
93718
111816
105224
85956
96221
95913
96067
104450
82396
99590
101028
104691
109383
109708
94263
81483
96912
81210
101903
103323
103318
79812
105762
97492
89626
92725
90970
88071
94322
81881
87016
93294
86657
84058
100828
84656
93414
80425
86258
98913
96372
95263
110767
86216
98786
82533
109997
109798
87492
92817
111924
87219
92346
82705
91913
81835
102376
88525
110987
105097
105894
93704
95227
110675
112248
82311
105244
91286
94784
99574
93180
107251
105906
91015
94481
92122
110601
94684
81287
83606
84216
99367
96985
102538
84708
110480
95391
98746
91472
96983
104103
104077
107417
98874
102726
93905
87011
103065
104432
90623
88659
98264
93703
108736
83071
80517
112113
81841
110882
92346
112237
92003
90133
99909
100903
91559
97914
86023
93578
93192
99130
97946
106197
83864
110515
103479
99441
81392
100522
82390
101762
80754
88967
108438
98492
112337
107457
95328
109943
93652
91287
108743
111366
89942
84737
98611
86597
108178
109542
84799
97650
105373
111247
109151
105022
89396
86876
102342
109091
108472
87733
92551
85239
105847
102468
85242
86466
91181
104033
106593
84429
80843
101838
100299
86523
94838
89509
104761
99932
88531
89998
105472
87040
106882
90165
87918
105737
80616
99324
111792
90884
109106
91117
79859
93050
92310
95986
103626
103105
80860
105288
90576
82200
108318
87089
110478
112116
88268
102377
99999
105876
80370
100828
102673
107739
99006
105750
94991
98143
96317
105211
104125
103358
112485
96824
94052
82481
110936
94713
96207
96611
81127
87389
94197
101763
90453
82726
105944
99735
81502
97718
103852
86804
111992
98103
85308
108460
79961
106009
97930
89448
90297
87489
105909
107766
111961
100223
91680
93764
81988
83905
82641
81742
88661
101255
103959
93492
86009
84503
107632
93071
82742
91890
108201
108037
93933
96262
83783
104475
110428
80933
102182
104267
95206
87478
99680
99159
97815
105899
99952
86236
102883
107187
104088
107050
97070
108720
111488
90707
101522
81003
92447
104066
97116
110470
110046
88462
81111
102579
84475
112079
84174
95268
85548
86321
91468
106563
89478
106374
90022
94882
85660
102177
87739
102709
92139
91040
96891
80831
80758
111369
91302
86410
91565
80153
93910
89947
111507
95448
108992
84389
95264
83057
88503
91901
96484
95041
105586
106190
100846
93742
105486
90190
86252
102970
95062
99760
98196
84311
108355
96156
111938
92542
88511
107740
92130
100859
104878
107096
87056
82699
95279
100164
112766
101288
109343
88472
90262
108964
111840
106176
82529
92149
92504
91285
111528
100176
98364
87693
96857
105721
83086
111406
80939
87001
106852
112073
102789
82897
93164
84068
81821
86862
102061
102904
89565
87837
96783
111837
92810
91265
97822
86402
103079
100739
94603
106849
110871
89994
84467
81458
84227
109611
100708
92511
98171
99394
107806
92089
88160
107842
84374
83305
80513
96457
106433
103977
98052
95864
96142
99764
102408
88065
97205
85114
88712
86913
86703
89241
104322
86033
86277
88841
110681
84119
106702
80150
82553
86243
98931
98836
99897
94455
101046
110926
105733
84645
98803
107583
101052
81248
84133
97541
89687
97356
91435
100626
85452
84631
106189
98341
84273
86540
84474
110456
84261
83941
109011
91451
89196
87009
101102
110658
112857
93591
97107
83963
86897
107530
82891
110754
82893
99197
99931
94136
95936
101769
108043
91313
95290
96108
89067
104941
81004
107172
105816
106985
98349
99261
112508
87223
112797
93031
82964
98731
90632
91595
88950
92504
89613
107551
108498
103354
82175
107640
81336
87733
102027
101344
89562
106686
108955
91817
99348
89049
97147
82689
92073
97475
103994
88518
86224
103024
87636
80283
92015
92600
83853
108603
89894
104781
86304
110093
107663
100848
93465
98297
94148
85732
93952
80763
90146
90787
105911
108789
99661
105425
107685
96330
96628
93806
106517
109480
94423
85327
84184
107685
90758
81871
99122
100238
110187
98242
87284
92411
91274
111530
100069
96679
102792
104750
95590
107647
111722
111559
87126
86777
82336
86973
92724
84903
87874
100690
99971
89868
99993
88124
112499
87726
87777
81753
99005
88684
91469
92319
107983
81938
83532
103762
106793
96555
101387
105081
103175
103191
103995
98706
107840
97629
102164
106885
103022
100930
113050
82903
99919
89498
95519
109088
89451
81374
104969
100287
100343
97151
103381
82892
103418
90746
89180
104270
107182
92717
80981
89006
85289
104296
95516
105836
80956
83144
112562
83729
96156
83264
101636
96357
110655
103673
103280
89569
100873
101468
112005
105575
108712
84333
81418
107825
99261
82778
93506
99848
83516
80979
95087
100790
81173
99741
95381
81085
104724
84450
96640
109129
100357
86476
94728
91492
92445
95954
109716
111209
106645
112721
91869
91323
85656
108254
89077
83126
93535
104923
95111
102886
105115
90952
95840
95607
102419
95708
93230
96493
102286
110932
99976
87318
83443
84236
81199
109884
92591
96460
98196
101022
104535
97252
106394
109602
112526
96891
88476
97860
89386
90404
105906
85842
98962
87730
97840
103387
100202
83022
92016
85861
83827
107462
99538
95582
83884
100392
96000
87637
81598
103568
81783
93546
97430
87358
99651
107011
95572
110315
104201
86465
95076
88157
85579
112307
111850
102970
112616
97737
96356
102682
108002
106891
81035
85471
101988
89354
112505
110665
89092
84759
84241
83909
103237
99764
93340
99974
94560
88520
93616
111319
92228
90903
91222
98992
105435
107632
81003
103815
83087
94248
85063
82024
105229
111816
81565
90184
110920
98819
86946
108183
89281
88555
81266
103444
103943
107108
105391
103909
94585
84696
88683
96487
103763
96812
96328
108355
86249
88307
96221
91202
112941
84962
98396
96866
93815
111236
94578
102313
94086
97839
93807
103481
105922
111927
107687
98085
87747
112225
86296
85379
83735
86171
84301
96194
88640
99050
101250
86334
93181
96419
104968
99858
106187
103902
108011
109357
97194
108584
85203
103593
81700
102264
93736
91736
96140
95077
88953
103071
88196
88213
92191
80775
92097
109177
105501
109073
91923
101687
101963
85962
106399
101352
108980
100000
94831
96004
90684
99060
86574
100122
105606
109552
100908
104389
85268
85531
95913
102107
103088
89130
102991
82919
86027
111130
97536
97242
100517
102011
90066
85245
99564
112143
86616
98090
98728
95635
107812
80956
93846
95709
112009
107716
98387
103975
110246
105726
104828
82091
88991
91651
85780
93552
93998
87871
101414
83811
91227
85030
104619
108457
89223
104995
100269
88884
106159
107217
86189
91796
105455
87662
104515
80912
105797
113293
93188
104438
97944
84234
95656
96047
105209
80707
92525
89110
85544
103813
111542
87435
110426
100037
109048
97346
92473
94353
82646
88673
86829
109382
104843
94539
110554
88706
82057
86454
111850
91612
108383
96772
81932
92627
104416
93904
89404
111877
102018
82375
98886
107938
94724
96953
107397
97055
93780
104175
99825
94255
95919
103104
94809
110831
111370
110943
110060
98656
89265
95991
89086
108571
85550
100602
109833
94528
84588
92342
98034
89520
81692
80937
86670
86652
99928
104726
113253
89245
93062
99928
108214
89317
96128
108407
111291
110645
83954
83577
87853
108529
95747
110586
108043
91825
86071
103807
95128
95545
93075
92680
102563
107436
86019
93412
96778
101116
82938
87753
106881
82597
97112
89380
111504
106139
109968
98222
98011
100736
87818
87104
90278
85787
108998
83176
88728
92934
94531
95292
112063
110502
93599
80878
87765
88416
92671
96673
108482
90634
102961
105979
113249
108704
84880
111100
100487
82233
103720
83598
95554
98617
111387
98909
95070
105415
108868
82408
95534
90754
84249
97753
100745
97903
87766
93073
84498
111926
100824
101384
97980
102031
93254
105684
105102
93687
89591
106375
95652
95399
81552
92990
92279
81862
99053
97399
109662
87774
113091
96035
107860
89741
82819
102141
96507
91005
82305
84505
104161
86421
98389
86464
103938
93041
90497
83323
101263
87568
100437
83054
81646
101581
85520
106727
89858
86417
82248
94775
105644
93510
111756
96449
85650
87183
106567
100432
98847
99510
89063
93358
105931
109798
94783
97394
96412
96154
103722
85529
101100
100437
95346
82776
105582
98708
97264
89777
103276
108288
81140
104261
84306
94185
100071
106217
100464
105968
95022
85627
104188
109571
92242
109687
95062
108943
88158
82373
107920
87536
81545
110805
84526
102445
106517
82670
113194
93922
103543
90051
95292
103549
104632
107336
109400
103341
111131
99779
106103
96280
107520
84518
105882
83789
81160
108188
90124
101881
98170
88930
102376
85341
108774
109528
110300
89343
89352
93656
112684
103584
96238
107334
107514
86639
84829
86504
110532
110972
84850
101752
102446
99439
93829
92152
94210
92282
83026
113734
90229
99468
100443
100080
106156
84168
111496
82249
86654
82485
86289
94909
109180
87735
105117
93281
96558
97598
106412
90830
112544
83517
97330
88624
102685
84062
90756
104602
89147
83316
97400
103069
107800
105392
92104
99864
109794
87833
86456
112465
98973
96054
95737
99397
104736
81165
99532
82493
97889
103762
111723
104866
104435
94936
98724
87058
100557
109899
91079
86195
107597
112673
96194
103112
103037
83406
91787
106114
100756
109367
101054
104472
82112
104298
104840
88346
98338
95116
86723
94210
94746
98066
97378
81420
104902
97333
109840
108359
103109
98463
109076
100588
97857
81515
89208
92655
82220
88396
106858
104917
96201
105484
96738
111045
82543
107065
89477
109537
85898
84507
111818
99543
83682
99048
81499
105394
96800
84795
91070
82935
97934
95171
82228
81389
103454
96824
91361
100668
97710
102548
100654
83385
110218
107647
85612
104065
94514
97035
112570
113477
93022
111777
93992
87012
107328
85308
103708
98879
92681
93396
106229
89673
85934
105502
100591
94301
99308
110962
89926
107989
84106
100876
90783
95192
88286
91000
84899
105587
92818
92488
94701
84459
109480
84744
88614
95314
90556
93812
94062
83289
102025
102888
93182
93797
81327
94999
111884
107749
90036
85504
110063
112866
87624
83998
83588
96727
103885
105439
84176
89540
98326
104536
109031
106110
89199
84279
90636
82249
102622
88825
102425
113832
98473
102237
93218
110708
111640
87576
85333
91180
109948
89546
83748
98188
102256
110897
106919
110945
96351
111772
110907
112795
112455
104355
86384
99236
81340
102166
100130
88560
95023
92979
101861
82902
85360
89628
87207
107678
86642
99976
109968
113371
91983
103096
111917
97019
102539
102317
111822
96284
100253
112792
99372
85793
84395
88722
110159
83973
99222
106637
89519
106864
98102
88970
86938
113288
95719
105229
93909
102154
93252
109006
99718
113049
97074
82610
104017
94294
109089
102905
103618
110512
81550
87737
87275
100222
107724
112779
88654
81483
87557
107908
101885
81648
89980
85095
106495
99433
93972
100120
104438
96225
100630
84308
88319
95503
84783
92064
105690
92357
90296
84607
109131
81350
101434
90600
84671
101337
92722
93431
82739
113947
86289
92643
87122
105881
94855
82480
99805
100638
107009
100134
82256
109386
91249
86657
98243
99812
109901
106346
102158
110961
93402
110502
111152
101382
86954
86286
106738
84570
94051
104255
109255
106271
99523
89490
98551
93331
84705
107855
93180
111698
93110
107549
94252
113006
93659
104125
107929
100545
93076
109560
83766
88962
113422
105430
113979
100375
93157
81681
108234
95530
81385
113353
108242
82687
95522
103545
96308
106245
110354
82474
101668
95659
105785
101095
114130
95860
84191
84848
84554
106062
82957
95027
111513
113696
93149
85367
110642
107426
106483
92891
81808
98929
103244
81663
106780
101219
105015
83585
111184
93207
104864
84267
96285
82129
97172
101482
87946
96901
85250
100866
82335
92978
92351
98049
87681
93298
86989
91889
82910
87118
110301
112466
90763
109654
90386
94024
87916
89842
90120
85904
113557
85747
112917
85688
102318
101741
81871
105872
97948
106953
99790
85980
111454
104470
98227
97611
83508
84384
97128
93869
99591
103364
84906
109408
105221
94466
85189
97035
88972
108628
108191
110479
111689
100030
94200
84795
101025
87847
104176
87872
100431
101479
111306
97892
105295
86433
107247
81914
109819
95443
106294
85777
87157
90027
105826
94700
100420
103069
110573
95666
103234
87602
82436
100967
86197
104099
87250
105243
95164
105894
107009
95841
89581
106120
83838
88835
84284
84092
90237
113908
84254
86835
110526
87686
91887
113068
81678
88541
89489
104270
104464
87716
112727
88884
96829
108542
88353
83400
111146
97984
109000
91283
95753
89053
97468
98387
93043
102178
90347
110926
113253
101923
93413
101863
86408
112501
83262
108399
81845
87581
90676
84285
83640
96585
88210
110081
101204
95294
109013
106325
99976
105106
89996
111509
105489
101531
95749
105969
96816
108583
88613
83136
108205
94573
97944
102935
89372
100420
85035
111259
107103
97683
94581
112275
110956
105737
87485
84290
107857
98062
111384
94835
99445
95993
105426
104021
102688
110979
93967
108425
99133
104315
98482
81786
102239
84156
96382
102637
89859
82781
109691
92377
89621
101159
96924
110968
98741
91468
91550
109470
93242
97365
96563
86602
103031
98397
112992
105594
83518
104317
106788
102724
84515
111239
95322
90659
86658
104951
92384
98191
104388
83750
92921
89040
89565
89537
98544
86035
103705
88442
102911
87998
96281
82941
103534
103937
84760
100134
91903
88493
106612
110449
88458
103242
83561
111282
108773
94564
82463
102150
94726
104229
97255
87561
90220
106793
98497
96329
105403
93325
97571
91387
112806
87113
87285
86509
110865
88256
97504
81852
108407
91542
96456
101959
96650
108994
107415
111971
91674
112100
107581
95697
84536
87256
111605
104045
113051
86667
104905
98727
95811
107789
98136
87863
101211
109544
99031
83469
102244
96689
109142
82567
86416
89052
105540
93415
95852
103636
82230
113668
83906
97356
111332
81984
113598
96719
105588
103097
96079
101791
94204
83140
85968
89020
103746
91031
102376
93507
95686
91205
99247
105465
100866
101360
102418
89128
84976
108601
88440
88234
111309
109564
114086
103747
105501
99387
107743
101172
83439
112983
93776
95244
114274
110726
97196
112322
93288
106881
106516
109313
103882
103549
95801
108227
99948
97373
90564
100897
113875
82214
81910
114025
81892
85683
101259
87410
98798
97194
96229
86572
95467
89262
83814
109435
111619
88022
90398
106566
91730
101470
92582
97227
114411
90781
90955
83253
114205
88119
104815
101744
104437
89236
88877
85820
91139
86417
84284
103808
96865
99445
113430
89057
106994
111398
98137
89492
95208
94621
97133
83568
104585
99223
93799
96840
82226
97933
88877
91767
99228
83943
89563
102844
96862
82797
94310
89673
85683
83454
90752
111126
102270
106628
100539
96635
96651
87847
91888
112638
103704
88257
88546
105322
85140
84626
99359
83233
90278
113718
98855
114098
89457
88019
109008
83630
95511
90775
88297
97976
91003
106850
104222
101340
114508
95679
102171
81954
89151
83737
107253
93282
107163
101420
106437
87385
98299
100537
87190
98045
87375
103294
102529
82446
99877
96357
85014
90094
101671
84732
98814
100530
113124
113957
96991
100217
97235
85519
102528
100604
89748
91492
109614
110695
105338
110276
99422
93800
91207
84339
89491
85637
84790
106574
86658
110258
93247
97796
92020
103715
113558
110978
93421
104543
105845
87727
95627
101782
109339
104282
90928
94516
84245
96368
85860
114102
94908
100211
86772
107708
89855
97319
94431
89696
90722
107151
108659
99015
111175
106775
94900
106997
93548
93971
110333
101862
101814
102248
82666
101082
108333
91017
94580
88560
104519
109222
109918
86518
102249
98592
92881
96896
100779
95295
111683
89399
110300
97831
99997
98676
110278
97800
112796
83470
99250
98454
94583
101744
114223
93369
94915
94190
114192
92293
113044
92249
97460
100972
113382
110288
85130
109234
114491
112090
111059
92450
106885
97714
112810
113408
95557
111074
93250
103742
88053
83219
86896
100082
94628
98084
104041
88072
92384
110969
111052
98356
85464
99734
88803
100907
82114
104940
96550
112403
87931
90354
88320
95800
99949
95864
97238
99584
102582
89913
108870
84769
82823
91823
107948
83729
98505
102187
111083
106175
89351
84004
112746
108672
87176
89807
84828
98380
89019
89329
88133
97578
85721
84466
111801
105193
99525
98866
92263
109585
100663
104608
88151
92185
82457
95880
112496
109018
99377
109996
90173
94788
88833
110743
97265
99152
100331
91438
105128
108341
97433
83336
106735
96223
87196
99071
110215
113309
102995
89991
90726
107546
107279
110911
106495
104590
93812
83014
113091
113717
95523
102096
107752
92161
82582
93049
105065
87692
112202
85465
84302
105808
92196
107864
97837
83482
109582
90691
91121
105660
96481
86304
82394
99586
112263
114751
88773
93416
112481
107410
86446
110346
90342
109246
112499
96604
83853
97650
107994
101403
82413
102904
101334
91396
112419
86538
102150
109251
109685
98790
108159
93358
87605
105893
86731
101043
110567
106696
104241
88463
90022
93204
104503
87873
92355
114080
99174
99263
94640
93996
107597
111079
106780
93876
84681
91320
87648
107845
91779
101570
114970
114704
97209
113115
105495
102333
87362
103700
102263
94721
104396
112364
97803
96627
105065
110019
82434
83867
108618
84113
105669
85324
102345
96727
89631
91444
107181
91862
100001
97458
101290
96000
92485
114407
105768
96172
102481
95760
97606
108557
92542
104211
86813
82277
97626
109399
88393
85878
112107
101593
96678
93497
96405
108669
87639
113107
104253
113314
91149
104901
89263
113144
96645
104547
112701
91286
96339
97671
85161
107335
94943
93062
91718
112421
95149
104803
105561
91498
84449
97603
106949
103810
98050
97057
100584
103781
88574
93123
97984
96291
103278
102381
115026
82624
106268
82900
87372
88899
110274
100053
114409
93706
86549
109415
82453
114016
88066
82767
93650
102226
87352
105491
95962
110014
95206
90032
107909
109740
94406
109967
88814
92897
92506
114614
94545
98482
89974
94268
97208
102679
103934
111359
108759
110848
109297
87961
85300
88300
103078
108431
88203
103607
88150
111820
113264
91571
83931
93262
96822
101115
91319
114976
99856
107524
86616
99208
97654
90485
102811
112769
96970
112697
112526
99691
106556
84690
98682
99330
93163
97520
92705
103053
104268
91458
107588
95319
99792
102796
106088
87651
100033
86266
95194
101468
93805
96436
93937
104907
84615
87730
98451
88973
112074
83666
86266
91523
102111
106023
85432
92299
104065
90260
88313
111791
112863
95386
97801
109469
99906
84335
85782
112471
106223
107344
86070
104748
104015
98839
103340
107751
102733
87568
93031
113734
107520
96009
86987
106158
111242
102824
97204
90396
88384
98050
101816
107103
106507
113256
106157
85893
97549
92548
91499
101523
92808
109222
106451
103801
103420
105816
84241
109380
89744
88376
99613
90518
86195
83719
91528
90195
105731
102397
93045
93598
87150
104287
92902
87044
99223
111188
111417
96502
114555
102901
106738
112509
91476
103331
97466
86825
102846
93085
84904
104267
103192
89553
95424
95843
88877
96499
90041
114140
111635
100301
94468
111095
113748
109782
100105
108038
93772
89093
89268
91354
112338
108263
95536
97662
89883
102128
95474
84006
85466
86543
101370
112482
91052
91524
87381
84375
95924
103158
85991
110256
110978
93120
87143
95761
88378
99981
109739
88268
114418
113444
110630
95256
90203
86149
100783
100351
97188
86324
100995
101974
105115
96725
110222
114162
88342
95737
112102
85529
92817
89912
96153
101943
107288
111232
86440
107986
100200
110508
88659
102592
108625
87896
112279
109464
85342
97012
113142
91238
111288
103192
111478
91043
89672
86039
101356
115044
86044
104663
104826
105169
102924
93152
85079
105433
92829
87730
104654
86308
112421
96092
115338
87625
110896
113738
93456
111682
107299
87647
103821
99357
86047
102724
88530
109043
103208
99839
110749
113694
96647
89031
96026
92839
89196
101142
96169
97022
114136
87809
85474
109550
93370
94405
84950
103887
111705
96674
83096
88830
105201
87788
90109
113802
95137
101471
88991
91952
83844
102579
89384
101514
88607
86128
113101
105603
85243
86788
87832
111374
108178
112146
100587
101912
114800
94990
102594
106426
90258
107271
107064
102580
98834
111811
102605
83735
102662
84241
101094
83265
105893
108891
99861
95502
84651
101499
114843
111437
97023
105935
97323
110449
98963
96912
87537
95113
89740
104799
90067
108659
112804
86049
89847
92748
113100
93197
86917
114986
94229
102403
109998
102926
84944
85280
87021
105492
96244
108943
89740
87533
102849
100770
109675
114575
99235
110369
111869
97323
100185
115426
113555
84064
103254
105625
83933
106670
112488
113906
100269
109613
109719
110045
97791
114559
105552
113961
107319
101379
90819
83285
88745
85835
86153
96419
90462
104145
110474
90733
104981
93157
102174
103100
88713
97258
105330
108567
105970
102594
99374
109465
114894
93575
112212
95047
109025
91004
93547
97952
99451
111427
90078
98677
94201
101968
101023
102650
84110
85149
90127
108318
93508
109215
89634
94232
108349
107386
85950
104002
103999
113521
114021
98347
83568
85664
86292
111847
86877
112621
110955
88746
113729
91196
104461
99222
85381
108002
108362
113872
115587
89180
115452
103385
101007
83010
94382
99868
114744
99190
99076
102083
88523
83361
103511
83663
103449
97504
103583
84840
102522
105146
93846
89713
115474
87382
100378
95584
104019
85226
106963
109133
92099
107895
88599
115528
115200
92340
87818
82928
96257
83015
89098
113986
99742
96315
85578
85934
88403
100783
93372
103280
92993
101835
114485
88861
83317
106745
98508
99452
90477
89681
100739
84888
98008
93012
97065
87059
87966
93150
111998
89277
87328
94806
87449
86373
109249
114728
83079
110320
96677
92789
104757
93608
90553
112393
86415
91606
107507
83341
108266
90770
113115
88317
98719
87770
99914
87389
86009
92386
99185
83368
83026
83883
102942
97802
114296
98007
85563
110158
91222
113852
101527
96410
110032
114359
91626
90202
92142
88002
94995
107898
95037
83273
106147
90072
115058
83514
110495
93945
87633
108636
94594
102907
85965
114657
105858
113610
113009
97598
92436
96151
110334
103738
89522
94598
102998
94021
89564
96167
88216
85516
97117
100136
111245
91722
99023
113097
103491
88033
90209
108431
90103
113961
115160
102589
112696
83080
104916
91136
113994
100419
92245
95466
113097
104595
93309
95905
98958
93180
107416
102105
101847
109018
112985
103679
99745
99133
85350
86455
88409
101878
111128
86665
103092
87538
100475
107991
94684
104647
89501
103187
103628
89997
109829
107311
110077
92911
93313
101716
101954
107905
99621
89046
99824
102485
89488
89448
90435
89545
88433
112268
99325
110242
94794
108366
92240
107871
85364
88370
99582
115655
95076
84331
89791
83653
101420
107341
84195
95349
83268
106245
104760
102527
83083
112776
86830
92836
85129
86729
101945
113558
95735
105263
105335
115725
107137
115014
110227
90647
101578
87733
101865
102575
104881
93040
101867
99730
85715
113198
89027
90446
102992
96542
88890
107932
104403
107221
105432
91631
106188
84875
108876
91725
91648
87688
113423
105566
96324
106457
100165
83651
112261
93767
113892
102056
115468
115082
92439
92061
111104
86201
84965
106913
107309
85253
90126
90496
108803
113831
105013
95072
106722
98839
107332
109462
90261
91007
102925
84414
89372
108143
92205
102922
110254
103378
87606
102618
103934
96289
101133
113805
91838
95190
103056
92567
97121
110628
100220
115924
103974
84965
105614
83997
86866
103636
114921
89368
102588
90364
91064
107092
93839
105584
105236
99989
85324
89917
111144
110188
93454
106397
90771
88075
102930
87149
113933
110936
86646
105441
99662
87104
94529
113271
99628
89422
92836
99881
105219
86140
103808
102887
100185
114761
97831
109892
114114
92939
89703
101488
113922
115335
87749
109670
111218
102847
85254
83814
93349
111883
103412
93606
90442
104555
114782
104005
84564
94236
85857
113792
106073
89961
98790
89384
92216
98756
102764
92243
115199
100885
107016
97107
96012
93266
103849
95972
102770
83280
107681
83369
87710
95449
89953
91866
96058
105982
97668
102711
95825
98734
106000
98880
101300
92040
89336
85415
99741
100590
90597
114950
93587
111195
85045
110542
95373
102134
106564
113535
92762
86631
104939
93215
115776
111849
100423
109797
95972
95648
104124
98613
108393
87854
108345
99793
96220
84609
106941
102989
94928
113646
89370
102083
88645
112260
99577
86473
89551
86426
106782
105120
97268
105643
106989
97198
103125
97636
103981
84270
91153
111610
93709
90151
102374
96705
94052
88474
84889
93691
114493
97792
87832
115949
107667
101620
95711
93497
92249
109868
93976
106343
95934
104621
88326
101317
107950
88383
111523
105073
115868
108831
104072
94644
88447
84981
95758
112273
110362
95237
115635
113566
104577
100265
93631
102931
101849
88831
98855
110881
99935
111071
96433
108421
111532
106000
92249
101212
98871
101819
109555
105529
99099
106015
113171
84853
107290
99975
111658
106182
86754
110457
94449
106771
99472
84529
99851
87431
107123
97358
103654
90341
90898
95178
89826
89371
106096
96047
91317
101145
100494
83464
103694
87779
95538
89494
85624
90597
100583
95685
112769
100232
97093
84574
112668
102402
85618
99454
99141
99698
106473
88135
104419
89900
95866
109269
104946
96081
110994
87156
89313
97956
97725
86800
105529
90776
94825
98541
108416
88494
113901
107416
99677
100861
97482
91933
86525
97810
111920
104826
89268
89083
96196
113236
84200
103071
109728
111337
112171
94545
105371
84550
111527
89508
105163
108985
99007
105344
99913
99722
93427
88949
91444
114150
110852
99152
90105
101404
84825
91372
93137
102412
105890
87883
85899
86491
113083
91621
91531
101356
86995
100928
114451
86284
106445
107457
101569
90861
105958
106946
94297
85206
105113
103397
105413
104088
91584
103591
90458
107460
99579
115256
104797
103195
91477
113034
98502
111174
86053
83879
95555
88520
108339
116041
111232
116016
109596
86180
95398
113555
87800
88455
107554
105529
98361
111523
93863
107415
90582
107306
94582
97405
111530
104349
88285
94609
91927
100575
104701
86780
116206
109197
107473
91235
96403
92562
114796
91929
112476
92149
92034
103571
109371
92918
84266
105756
115101
94042
90082
97993
96145
88067
111828
84144
90157
92867
112984
106069
92717
102258
88505
102245
108766
99646
109884
104359
107579
98883
91998
88879
95317
94556
93790
94933
109560
115256
113403
89317
87691
98224
91519
91672
101688
106583
99324
106179
91981
116051
114134
110671
84450
88940
112769
108265
88765
86627
115084
99194
105074
89733
88543
109018
92622
96383
99905
98113
97910
102260
100637
85246
101068
106829
92549
113515
105746
109905
93047
96544
96722
111861
89439
90727
95613
114421
89822
113904
102738
102563
99530
89030
89985
102783
97910
114562
94865
101641
106547
100031
89087
116435
96022
115405
97832
103642
84476
99498
111976
95254
109516
112173
105604
84816
99068
103301
94277
86068
109143
88290
87654
115367
102141
96370
101297
94811
94123
93327
114020
115360
106812
96823
102873
106621
97392
96188
107622
106239
88301
93116
96387
110033
113027
104532
108586
105997
101812
116369
86404
92498
109684
91687
100289
93975
93229
87398
84807
105534
97286
91497
85264
110828
90725
93841
98637
104601
115890
100658
116048
100451
89183
114315
105640
87976
113957
116220
84366
116435
86160
107123
115840
108662
109245
111656
87851
106650
105571
103050
89742
93779
108048
115320
96349
95127
110773
105653
106403
94031
110437
96406
97452
105903
101978
93950
93218
111299
103225
84364
98678
90955
103062
94739
100481
94153
106171
95819
84588
91608
103333
95174
104909
101311
107600
98341
92690
109126
85301
90507
95779
108745
86032
109394
113219
110474
105702
103165
116023
115787
85063
102766
107691
103709
102097
107610
94417
91507
112117
115705
113483
86394
113150
90370
91467
89005
90446
98006
106745
96420
93419
114171
107029
101676
93755
92877
115165
103069
109068
91248
105009
87400
109783
94217
89077
98800
95302
85038
91319
95131
86515
104603
87953
96808
93043
91686
114001
100675
97171
99061
94168
99926
112865
87790
87232
108707
99695
91247
109378
106384
84947
115007
94550
95041
109938
105413
107547
86892
91647
106616
89978
84073
100414
86935
106758
96905
96270
111386
111143
99241
116134
111848
97656
98055
85535
95562
86893
84820
116019
108960
90681
111370
101444
109395
91375
93951
96927
110346
85479
112443
97027
97313
94307
87558
107101
112727
93554
94534
107478
105414
92181
97800
116239
106777
115873
103005
114091
99833
96100
100711
102671
110536
108171
110003
92517
84114
107331
89545
95463
108608
97823
89858
114266
89615
113338
86682
105944
93761
91805
98566
108243
104467
104291
94088
112471
112622
103451
95232
101519
104929
110061
113413
98443
86095
101377
95284
87360
90853
93852
104648
110801
92623
109964
98412
110349
92460
95687
112717
109624
98495
100943
86130
109838
115687
101464
103248
100357
85457
102061
88985
111571
91628
96336
97366
89904
84125
96864
94005
112093
92213
105792
113956
95973
113184
108790
87326
114723
91230
93393
116037
111364
89912
109135
100914
87694
89899
108349
92297
88737
105257
109344
99536
106621
115457
93140
109953
109701
113179
109939
101213
91459
92776
104825
109572
115627
115609
102693
105155
88228
113295
98082
97197
84932
89363
93286
89325
112475
85448
89179
111194
99764
113757
111676
110412
111511
110087
111042
94894
105490
109103
111873
112981
110970
106344
90508
101008
116652
103587
88800
103169
86936
96934
106496
106923
115713
111034
84572
97099
87934
104356
111607
96236
103365
111063
84169
106166
115240
116712
100195
111623
103776
98882
95441
93637
89226
90395
100292
115186
92015
106407
85745
99200
98312
87947
87732
115047
105794
96404
102905
105462
111358
92329
84572
99430
115548
90110
88975
105141
103737
87435
114172
105906
111606
102333
107692
106836
105595
109931
111208
98127
113532
113419
100894
112105
106747
108582
114310
108810
101647
110857
91396
96659
113123
102590
85969
91889
100097
102202
111446
93938
92625
114648
113368
106455
116572
99334
86106
86186
105302
108094
105407
111570
102492
106809
97584
96228
93562
91999
100029
92860
97520
114305
112967
86733
86070
99274
100509
94901
99645
93171
92901
92948
94456
103351
96062
93855
86811
95367
87971
97392
96035
102782
102930
103584
91798
94359
93422
105240
102540
111646
94883
89252
100974
92260
88200
92746
85502
88503
85257
114393
104599
99985
94469
90820
85942
98832
98421
98865
102074
88742
93775
108878
115176
88338
96170
105188
94898
109455
94754
95534
108857
86347
88446
104683
100112
88602
90256
100018
98115
85612
100701
108166
85912
86909
100478
109994
106260
90059
96198
104118
91585
103373
105509
90091
98735
101090
115404
99268
105785
112776
96658
90061
84617
107982
108183
97720
96351
107276
115495
94894
107533
115153
114145
116963
93383
109341
116760
108397
93209
107984
103033
109654
96185
90467
113902
109808
110719
88278
97731
86120
98994
90601
115720
112798
97157
113807
88374
109876
104417
112288
116245
97510
94309
112590
98012
100633
91820
84442
105114
110518
112590
94472
104918
100152
104489
92368
98418
106756
113761
104662
116438
116217
95141
87580
91722
90441
112436
115830
99490
101767
86816
93247
99105
96257
101458
88139
95384
101967
92111
86044
114382
109100
96058
98905
92964
110469
85657
111483
92793
86224
100188
115914
86092
93599
95387
108424
117024
114549
93343
102508
86053
116952
84900
98130
92180
113319
103389
94000
88923
115630
85689
115276
116602
97912
103269
114348
96173
94564
87698
110286
86731
87291
92024
96922
90222
103553
114202
85141
108884
113866
97996
104279
96005
85328
87795
102207
112310
106370
104205
93285
99182
88158
110065
100560
105319
104513
92503
110314
115895
89342
106394
109616
91439
84526
108221
97326
86404
84936
113837
106411
104364
116466
115909
95265
116875
85270
97943
106352
99535
99639
104938
91090
86297
114566
84991
94226
95581
91952
84505
98297
93067
116347
85307
90378
106863
86289
99124
110447
102870
92315
102617
89906
96498
85906
100754
91568
108543
114258
98328
104267
113703
85617
103548
101728
113827
110670
107372
108665
91172
89837
96946
99011
104817
116226
112381
91842
88913
101963
110308
106051
107435
99363
102184
109970
99820
85077
101433
85742
101545
88878
85244
115258
105094
90582
94924
115957
86614
108000
90815
116332
84611
96031
111658
109614
102320
112571
92263
113345
113310
109189
85973
95891
105804
97160
114721
102707
84835
112352
98244
112321
98768
106960
101069
85924
111027
109070
103649
100986
111224
89953
93312
115285
89923
109422
107401
103716
107410
113615
106753
114287
113438
86630
98320
100936
108802
94193
90188
95358
109086
101598
101179
116755
108222
87136
103186
86768
92023
103874
85699
98776
102738
90108
87863
96411
109869
97156
92632
96908
114269
112230
87123
112436
109720
112279
85404
85832
99603
116358
90162
107993
87783
86005
117156
86475
110265
96519
95060
115592
95642
104346
92283
94965
112428
93910
93549
108966
103174
92934
105503
113998
89434
85927
109030
85625
111317
101311
113281
89981
99271
108657
91226
87981
88708
99789
117257
116433
90378
88557
93466
97491
92644
108093
106000
117179
98382
104218
109993
96733
115609
98719
115556
90705
102865
95163
97601
102820
116126
100999
113864
96461
101224
99031
116044
106595
102846
112656
102257
114189
104697
99641
95724
114233
108060
113748
106378
103953
89343
108526
117364
94634
116141
84725
89265
103039
98570
86730
89580
94751
110777
94103
114296
97570
103996
100067
102289
96865
109917
95331
102629
94823
116173
85267
112467
109346
90124
88198
102642
101342
86408
111738
109141
97653
95241
87728
88333
105151
91212
90363
102256
116048
103406
97174
105881
94819
111245
108986
99248
115729
111145
85104
113004
115399
92880
116645
102101
84726
106874
97660
100943
99084
95794
103400
92116
93604
97654
112761
105857
93177
100577
87670
100692
115873
90887
95021
109620
98936
98977
107655
103985
114650
96490
87519
92174
111125
106312
85780
101884
100637
116783
111069
104361
96130
96066
90461
86393
95904
91324
100344
99091
105238
86031
110436
96032
101753
91595
106243
110671
97097
113856
95344
94109
103459
110183
109144
94163
91961
102014
98699
96848
111872
99827
98386
112904
100648
103683
97284
92621
110801
98467
90324
87758
90364
110367
109549
112733
106815
112641
84929
91125
85694
109364
88733
93307
84822
86889
92033
104388
109851
96186
114992
85336
98821
90253
96131
90741
97254
107452
100098
91991
104607
97267
90805
88503
105108
110425
86072
90258
91485
117106
117262
95531
103103
109636
89143
105811
87002
113848
110341
105192
94883
110148
111659
111772
100245
111047
109079
97271
112548
101300
92546
111776
102003
87411
110917
114904
116934
93700
91246
112455
107322
89574
93843
99835
98612
111159
115302
116398
98327
103196
108170
108615
117434
104803
115877
102820
114969
108391
110263
90519
116810
117044
85674
94254
87731
90092
95274
111928
102523
105578
95414
112644
100414
101668
102903
109676
96261
115542
105041
90386
99957
86877
96185
90858
93254
111712
106694
96761
101879
115510
106506
90972
89536
93316
107938
93323
104905
115238
87820
87007
113305
98257
86329
102994
107985
115446
102627
94855
96538
96745
111905
104714
98652
85570
86073
90584
111153
102020
113333
112418
111001
88828
105657
116046
84975
104940
106899
110655
91163
95977
100756
110038
111626
94594
101918
108984
94555
114466
84991
87634
109147
99384
108541
85787
94004
108692
90546
110617
105313
117524
116891
116391
86885
104577
116587
114549
101053
100788
113061
95696
108051
85245
114537
116772
101812
89797
99214
103871
115780
103793
108530
117207
87473
107658
85006
104399
111205
88859
90574
85174
117440
106843
115871
88593
97989
96652
116425
97754
112147
100387
108799
109512
111639
91945
110644
105425
97409
116961
85425
106990
89076
109995
101733
111390
92418
110888
114300
113581
102743
111263
100915
109238
100148
89248
93418
87783
107296
85991
116090
106628
101850
95618
93898
95406
116369
113719
104349
103910
88407
116000
85166
85453
88532
115608
92415
93229
95799
103515
90222
112445
112242
85992
104585
110881
113575
89130
115619
87729
103389
115032
94760
113531
95736
116250
85549
108299
96744
104173
111947
104298
106784
97480
107694
85220
115530
91904
109417
115470
111417
85097
87820
113416
110623
108478
85625
113408
96000
103234
102131
108279
100454
116648
98168
87752
95831
98864
85585
85350
85636
103956
85223
95589
95427
109858
114136
100028
98751
97194
117066
96713
96750
93082
101248
109461
94404
99048
94635
104282
93223
100656
88322
117058
105506
110751
107540
93810
113373
116239
113245
108103
108749
109683
108056
96479
104744
108406
115797
104156
90780
112991
113483
116324
116800
104504
109295
106860
85707
97839
117702
100663
94724
88380
94199
95001
85625
105988
105124
94849
103284
115198
106874
107575
86315
106708
101511
89825
96055
86284
108620
85196
104263
109543
97812
86761
114710
101513
108164
92438
99482
100955
109170
116639
99199
111278
91643
101893
99027
99745
106959
116478
95235
113220
87760
93628
95238
101885
85980
88178
105432
107307
105958
109589
111914
111370
102988
114016
108376
104151
111460
99098
110747
93236
89944
97691
114560
88269
102709
112525
98456
110908
97342
115696
95345
100138
94598
89440
106950
90807
115646
101019
112627
109340
105803
93246
112043
98959
97436
104399
92141
104808
117434
107520
87348
113793
114720
117298
92399
107234
101326
115001
95024
114334
94361
111967
86184
103672
117957
98731
85715
90570
114645
101987
106608
100904
90786
96463
95796
107072
116139
92224
102335
100996
108972
111697
88271
92172
108146
114797
91828
97333
111597
110737
92676
106383
117127
88915
92303
91126
100276
105764
86933
107006
106442
94418
85559
95637
93716
94545
112684
93667
96801
108730
86197
95349
86370
86164
99795
110491
94197
91987
115639
91150
109499
114462
88186
104918
87472
92629
114702
100459
99708
108115
93301
101915
115525
111344
89648
112299
99272
108874
106747
103745
109224
116550
98487
95618
100101
117073
101032
108535
97873
113132
110304
93621
88415
88679
103931
116541
92093
100588
98061
109217
93508
116672
113113
91368
101869
117190
102724
109236
109543
108613
113161
105506
93158
108010
104877
114674
86973
107281
96694
113128
112431
108352
97048
114801
91906
107508
89584
103818
87638
87201
94580
100062
109109
90100
114730
112942
92011
106075
117849
115446
111256
108999
94398
88654
87683
105137
113023
104974
99505
104027
117093
107061
99383
103000
106309
104332
115404
94542
85951
116358
97314
89339
100139
93547
93047
98678
92113
94645
113511
101815
104536
99515
108548
105818
104066
97164
100136
94112
107030
89630
109322
102327
87069
94632
86800
86587
112208
115276
106212
117756
93906
94201
112586
108034
87067
115344
107569
94926
97588
117061
96647
92387
107050
100681
90194
108165
90301
98214
106109
90817
112984
96874
105455
110509
88134
101639
103779
111089
98082
107514
94579
94598
107151
97195
93173
108478
102442
97940
101259
110213
110781
85670
103798
95462
113334
97768
95147
105681
92375
113250
114985
108059
100654
94521
94345
117446
96328
109851
114903
94339
89250
111581
95392
86901
112224
108387
98124
85560
104257
110017
105646
90914
104147
91295
100058
92872
87779
107490
114231
101316
109624
86921
104405
90038
114561
88276
99840
92553
113291
89772
85781
114936
87479
97599
108180
104272
88492
99563
89207
96631
92489
94301
104130
95021
108509
115194
117084
96146
102299
86141
90141
111336
101448
116450
85800
108955
110135
88964
97659
116862
100727
98946
114116
117336
103755
106342
117110
104095
106458
96777
94749
97667
109096
96945
97519
95535
114757
94589
89251
113739
106949
93443
114054
99781
85615
91191
104395
102865
117562
112527
113698
88110
111477
118116
102029
108459
92741
118172
90991
89835
98388
114822
111334
107109
106952
103685
104027
111534
106610
86513
115800
118267
93768
95930
97945
109538
105494
85838
108133
105056
110704
114493
92959
113952
92907
116763
116504
92154
116621
85799
114343
111035
87681
91689
103804
107556
113679
105377
93745
109877
93388
103965
100386
112043
96782
98027
102271
98503
98979
98288
111519
112977
105411
88280
96151
85981
116290
85872
94476
101965
115722
98127
92485
99479
90569
117948
103556
111304
100583
97996
86935
103497
110011
115915
111530
94305
93694
109277
106591
103420
95104
115173
97313
88235
93977
97958
103093
105707
114659
103465
104977
102826
105126
118110
111986
98567
116116
109061
110249
94810
113719
115407
88501
85876
85927
112833
87703
93992
104192
111578
107874
108810
115731
111861
114834
87670
110684
114417
111006
91348
112181
105230
86993
89371
109128
113818
112981
99476
100682
100302
91793
96993
110055
98291
87989
96573
107256
106696
99474
104197
91644
91944
87728
112504
110022
117992
116122
99515
100723
113663
101757
105503
93087
113897
111601
85927
95705
91213
85783
106693
104531
115677
115428
88165
88542
90749
92348
90156
89110
98216
87363
114946
94170
108048
110704
92878
118272
86405
87011
108928
116806
109592
107384
93013
99979
108160
87068
113750
107583
94141
103647
105251
115224
102395
118347
101102
90118
109240
93172
100042
103274
109609
91217
113190
93571
91610
94922
107156
108072
89750
112658
98000
89789
88454
111799
110333
102752
88220
86520
92721
98403
106035
93398
93492
113151
94703
104302
99973
99398
109803
99461
107422
116058
86291
86373
115577
113629
110542
106984
94803
105384
91105
115410
111280
90816
107152
116323
96159
96901
108549
118573
103487
96557
115446
97572
115842
104305
115587
110836
111409
110214
86365
104855
106801
86607
93485
114726
102916
89041
106804
99823
106898
96231
107822
116937
91946
101943
96637
106916
100804
103524
114051
94564
92553
106886
116048
110576
98965
87511
111229
110981
93435
92846
103511
87633
105993
97970
86849
88125
118478
94791
93011
109322
109530
92237
113223
107167
111173
114442
91286
86945
89587
103780
103902
90693
101653
110676
106631
111458
113907
87191
114854
111563
99306
92327
99873
109019
93360
94953
109077
116049
104160
116776
86900
90462
114866
97858
102131
109821
105993
96033
97827
109955
106676
104429
98781
118647
103917
98432
91108
96675
113958
87835
115654
87659
113670
97367
117507
116574
103342
113502
93297
112395
97088
117338
111327
113942
115618
110382
90873
116875
108671
89189
95340
115825
111247
105063
108106
92835
102169
102643
111279
112859
98486
99529
91557
113680
118103
105895
105285
108034
118153
116855
92447
90387
98552
100807
95964
104024
117810
87161
117282
88560
115630
112828
100792
94612
108557
98107
97259
92528
96159
99476
115760
92977
112937
92427
107530
101216
91110
92288
115502
98542
100555
93854
115430
97040
106767
113494
106675
100685
108011
109451
109622
117204
87455
96783
103504
86548
117173
101583
118665
99719
115337
107082
91054
118478
117769
95048
86206
93955
106426
105672
107272
87883
92156
91706
94349
114858
116878
112622
116139
95772
86100
87501
115965
99553
112728
111175
97917
116504
103440
93580
115179
97423
87775
87295
94323
91610
86749
95975
102794
103842
103643
106088
110361
93248
115106
117683
113885
94602
88188
97401
102157
98541
98038
88229
107582
97213
113123
104266
116357
95688
112548
110554
116699
102449
102311
109466
89541
95868
105262
109394
90164
111077
117586
95561
94121
116470
106567
106352
116382
86360
108001
109022
113186
102890
104791
105852
110019
107280
105544
99074
97968
116558
104699
116258
109087
99861
113643
88322
111341
101084
108163
109552
100996
96883
114470
118098
98562
111252
115314
116187
98456
108476
96710
99589
104495
87352
113409
94651
104786
95107
103821
95061
118088
92367
118941
100042
99712
108514
106162
111649
101171
94499
109156
96297
111172
109045
90207
95850
103275
114243
105132
100187
110994
114780
102706
95958
102015
113410
111484
100040
94900
92605
118716
100909
93331
117622
109328
109628
117446
115520
93957
112606
103902
113529
102490
95077
118074
98066
103174
91259
92971
113963
118651
102488
95317
92899
105773
101433
104025
96110
99918
94733
104881
99944
92380
101745
109275
107624
108766
87262
114361
109017
88043
99105
103992
114693
95723
91404
107824
113779
110370
110444
90251
116339
113514
94523
112554
97015
115391
95766
113924
98980
92929
109809
115216
118313
94966
91913
92774
93392
97935
99098
96801
110930
96364
88274
91015
104688
109729
96390
88044
108735
98491
103205
90067
111940
93438
106090
114263
116800
105201
100693
107465
104653
118045
103643
95131
117162
95249
107741
106876
90580
103593
105815
92613
111446
91024
106458
92436
107617
113156
113980
87862
102047
116697
94094
92491
108741
108225
94286
106276
110184
111306
114398
98288
113169
117800
92981
100888
99731
91701
96469
88679
99484
100278
93692
118382
101771
106592
90911
108071
99457
87963
108180
92376
113851
112773
116879
102714
99359
89914
107343
115931
101652
101203
111513
105153
109207
113580
87398
111952
103052
112491
112857
111470
105041
108605
107379
113892
106905
109027
86410
110087
106360
94958
101367
108185
99770
96966
116240
98282
93817
114929
88022
93762
116719
104850
108655
86403
94856
107312
89302
96523
99643
117177
89809
89816
109595
96967
118819
105967
87337
93985
114179
108542
106349
109957
108750
97856
114757
109221
111609
94625
86780
109167
102985
110115
116382
116369
98886
103808
89611
114237
93933
109841
95819
95017
100517
107246
100129
112603
92788
110167
102883
86819
106355
118610
94856
89321
105599
110998
116483
88104
98866
112296
90320
110139
113425
92996
95436
94040
117255
93182
97609
97370
89363
97577
98914
97731
96317
88568
113804
117761
117966
98019
116078
109808
102592
95052
117491
101025
92788
87651
96413
100186
115875
111431
101148
103133
106135
90222
115231
91373
109723
93766
107626
98575
89264
92444
117288
108430
103297
94782
106883
88001
112025
95324
90483
116624
118996
96052
106195
95285
96787
87663
112570
110656
111412
90053
100616
86750
93506
105576
107071
93274
97000
117152
93077
107492
100140
115890
94791
107154
91226
93703
118575
110500
116541
116618
88985
90636
115349
86610
108627
101166
104134
94081
92931
114404
109006
116844
87485
105669
113529
98812
101589
114343
109016
114516
110322
94306
88559
112563
107364
103639
104622
91036
107192
89137
100387
99637
109961
110443
93421
102382
91545
95507
94196
111458
97568
103245
108631
101762
110691
86810
98726
116720
97673
100570
86610
107689
102058
108048
112225
114151
100906
104550
98918
97606
113989
104945
90801
101925
87274
87733
96963
118607
104653
101228
104709
100315
89272
98691
86713
90960
105505
101478
105520
96525
95234
93181
110909
90856
93925
112758
90603
108310
87870
113478
104299
96587
99326
88426
107856
104225
86885
94963
113407
115646
116760
89025
100704
108209
97395
119183
94426
102942
90144
103216
117631
95259
95209
97559
108419
96089
96202
118557
99827
104199
114507
98175
94627
109043
106509
114470
98921
108787
110242
103212
106632
111747
114081
108443
105583
105903
86778
114552
93860
95796
100232
91648
111611
93154
99557
116017
113163
95044
103810
116108
110562
99715
97015
88858
118520
95624
97943
107437
102498
106593
94280
113256
115272
97510
100242
91265
102809
118428
88821
97094
89085
98265
90496
112478
89612
91945
111263
115026
102845
97265
96309
109388
119073
114258
116458
112670
102737
87632
118983
103301
117157
110132
108032
90031
88870
101422
96272
113660
101446
94015
103179
108802
93391
111446
98608
93651
112154
114874
101566
90754
97153
117415
103434
115683
114454
90428
91085
95379
114326
88725
101314
118584
101528
87860
90481
93706
117258
91557
107845
101267
103390
100705
97765
90290
96513
108788
114113
107494
101517
108379
108267
101833
92223
109744
106793
100059
111403
90633
104008
90753
98478
107677
92339
117582
105381
95272
112708
115840
102876
106641
92505
91342
103370
96970
107051
110177
97403
101625
111195
108576
103885
105941
104654
105520
93407
99154
105403
106427
117447
100480
108290
116721
107907
92848
91328
110669
105778
111066
115744
112154
88453
92219
90740
101685
88944
95554
100996
102932
104229
106413
114213
97543
92738
97008
97806
88766
115273
115670
115688
93708
100178
94314
90788
89834
106236
96024
114961
88767
105385
102672
107182
100831
93163
97259
94909
97873
106041
97937
116120
98261
101607
111962
99400
88357
99925
92531
95828
100988
116070
96132
105943
99669
118323
100751
104917
87413
99073
108572
99023
88875
99697
91795
95637
96983
112631
110313
114780
91561
95117
94334
91664
90027
116137
112198
93164
108290
117356
92200
107847
90225
96028
113571
94641
109854
92372
104375
106814
118169
101242
94211
95010
95770
109810
88875
90750
112650
118929
92284
111994
107717
87765
96467
98964
101791
118099
106170
106552
99621
97008
117205
111248
99749
97364
115069
117661
90352
99484
111274
119175
89438
104015
87318
106289
107539
116884
93087
103185
91265
93346
107501
98367
119086
108407
104790
112075
88503
86989
98046
102484
116246
114762
111939
117206
104224
105975
118360
97220
118865
111347
116271
100183
102092
107881
94621
88101
102814
94911
92345
111861
104259
91920
94341
103122
111723
108765
108496
106078
100350
109823
97114
94057
94301
108256
107834
105154
108011
116971
113533
104013
89804
92481
102928
107350
90092
89774
95200
111397
106307
109019
96063
96723
88920
114373
94602
107356
117764
98925
118280
89844
118905
118994
117782
111775
114306
106268
92289
88316
112397
101914
95796
95073
107494
98542
109075
100909
115397
101383
106022
100698
90507
118864
102394
104274
110537
104103
89668
109572
117122
114577
100808
106038
89906
88876
114041
105245
106254
97637
106978
113707
115598
107114
98244
110376
92969
112483
95745
107652
105823
105309
116408
96236
106749
109702
98226
116507
100253
112032
98813
92915
103020
118704
109782
100044
119856
101366
110541
107020
111753
96802
116771
98295
112758
89797
93559
109001
111644
110086
111009
89858
117187
106134
88031
90114
88610
92390
91951
116437
117212
99991
113659
90704
114762
99890
89339
116573
115579
116505
104280
101523
87417
111037
108045
91146
95950
114706
92307
100205
111175
92736
93373
109136
103928
117660
118753
91844
114048
103382
113464
88105
119183
104563
98183
88132
106661
105086
103423
103058
111900
103547
97378
90587
101480
107677
88680
109577
119710
91961
110177
110651
118067
87417
101147
97046
115718
97365
114950
95579
110497
106431
115862
114879
93628
106014
119785
87799
111875
108542
106410
106258
107802
106502
97077
93451
104413
112426
88060
106399
104428
104738
102441
118876
106599
113946
115845
117243
100854
110251
119192
112879
117005
90890
106514
117310
90478
93823
119913
109712
111343
110105
106948
108421
99197
113057
115736
113996
92769
111052
91536
100978
98498
114356
95027
88055
97131
119433
107713
103335
102863
99460
113629
107175
87626
104477
114289
115279
91050
99454
110671
92983
99310
102455
102420
92821
111694
87347
105298
107974
109179
114923
105966
113706
114471
91353
118982
97077
90568
109360
101271
88259
96665
115658
118303
92076
88034
89442
91262
96921
106362
98051
109282
92438
116106
103872
111715
109288
102291
101030
88364
114080
111283
95471
94172
100464
96292
113784
112172
111166
101125
114806
109777
105975
119645
87652
92836
98598
98909
111936
109312
116933
111589
106742
105323
114770
117066
92701
109689
110374
90455
103905
92654
90115
102801
115264
106019
116460
115903
105082
115883
112953
90794
94146
102453
93162
107810
117306
100276
109628
114241
99870
97982
99962
111604
119103
93490
118550
103606
105652
92702
115192
92575
87756
118240
109590
100766
98631
114571
119621
111107
96197
110988
102478
100416
96894
102797
118597
92400
119092
110489
92694
108568
105062
106625
102753
108205
105159
106367
112520
90455
106734
111386
111110
89205
119119
104777
99586
102753
93802
114395
101667
114933
94530
116246
97191
118606
99857
90271
88239
101583
115002
98458
98269
102505
106623
107793
117537
100122
109684
116122
90064
105652
118323
106804
119287
90592
109906
95347
102894
119650
109074
88797
88112
91807
116697
90003
99177
114524
105443
98612
105681
94920
103476
109822
95929
97213
109265
95542
104803
115779
88367
100042
94743
92246
90092
107062
96371
103913
112317
105380
114179
110122
112808
108119
105490
101384
90227
94025
95167
103410
108892
117523
111699
94434
92170
97038
105425
107163
110532
118200
91599
114991
104417
106073
89221
104899
95615
96230
98340
100502
89464
89893
112745
111680
98962
100370
115825
101944
115702
96898
89295
113817
98276
92678
113628
119078
97956
115986
98382
94603
100800
114526
105996
120038
99184
88973
119105
113285
102998
112653
116655
114161
111979
107326
95303
109612
119866
113366
114934
114232
106316
105092
103105
89304
120035
89555
119828
119195
114155
96594
96599
100629
96045
110322
111555
117360
88774
106927
116340
100388
105943
117874
111039
110082
95871
90166
108741
102519
89606
118122
99656
90383
115547
97431
110014
117816
115137
96835
106916
107593
110533
104981
106517
114114
105075
120122
105627
90325
98505
92166
95813
95270
90988
94943
107770
115920
97434
107095
119052
102312
111712
107160
100624
110533
107789
90629
100846
104000
115686
91934
118068
94008
98843
114084
119216
104473
96762
114430
119357
117534
97379
113116
89821
107541
103036
113946
101384
90723
116645
100839
109636
101447
118703
94502
116726
87907
89416
106516
116600
96888
113850
106540
99179
117873
100054
101960
110415
119971
98346
118024
119377
110675
96379
112247
115299
94584
114287
102636
120210
88771
97161
117551
114068
105693
101466
115677
115105
96496
108790
106510
117381
93288
94630
95540
95474
117243
111580
117319
106010
91110
97132
111647
106109
109434
115704
102689
108288
92632
89772
108573
95296
95737
90156
110199
117797
101361
109259
96645
96698
108916
92414
89913
113468
103321
101392
100864
120433
92638
107287
115689
116538
92780
106022
97546
113772
117661
119236
102688
87772
118460
118429
102517
89785
94220
90488
102407
90911
88075
118633
115942
96232
94711
107080
93918
99782
117650
104801
120406
90255
107043
103021
90488
104407
114877
97986
99474
112068
103363
112838
102844
90142
103852
118185
109500
102310
96516
102228
90150
119209
111539
98972
109768
116692
118658
97724
95300
88650
107483
101122
108031
118772
89296
91080
105786
114968
95072
104358
97151
104494
97013
111590
98879
103663
92208
98104
110521
99758
111849
105895
107293
109291
99698
110796
101362
96550
111388
116802
108725
109809
90109
112218
104643
91465
96240
105743
99705
112678
115420
116540
91801
95569
93242
107020
91631
101238
107473
92850
108085
115578
113604
91227
94517
116238
92111
109153
102701
106373
98766
94914
88439
112098
96127
120016
107113
91446
116104
92202
113787
112169
107452
118762
106151
90838
116378
99872
119830
105948
88598
97152
93432
118705
104861
89943
95924
114234
108883
107460
114497
119449
103583
102948
92115
94535
103913
99278
101051
104546
101282
103169
96392
112712
114309
88090
118899
96868
89373
100106
96250
92744
118920
98568
112074
111868
118394
110211
95202
94870
117893
111963
93430
110091
112791
89936
117009
106309
105156
115899
93567
117622
99397
102268
99306
98219
94145
92723
97475
88484
95948
94131
102628
119523
98478
110259
99955
98819
118373
103879
113929
99915
100333
88975
115987
119171
110270
112430
99961
115718
104855
97534
113278
118553
89466
95107
113896
102779
116727
95389
96352
107070
118446
110337
94747
97748
104464
105449
112826
117101
98661
97547
113263
90241
116243
95944
116322
90280
109597
105127
114003
108466
88554
95745
112000
96244
112968
96510
103881
112352
101296
117184
93202
96729
103372
88029
99049
120133
96310
115731
96872
106979
115587
94263
92253
109662
107904
117615
115625
99107
88507
110241
106214
120432
120645
89387
95821
106158
110007
97749
103638
97537
111475
106499
119968
100893
92460
106800
114324
100187
112297
99991
118086
108044
91333
106291
120603
88333
96443
98794
91057
91292
119968
113670
94331
106601
114993
115684
92332
106480
115919
99312
119895
111879
93128
102865
99028
98483
91608
91616
111717
99904
105712
108255
100121
95377
108853
89576
109297
104884
116300
108195
106818
111801
110037
110524
101210
104901
97077
106388
117862
89186
97433
110903
98964
95257
103736
105871
105332
102211
103640
107735
100260
100380
108691
117841
119212
110617
116955
107580
105511
91516
116924
109057
117540
108325
92769
105133
89291
105131
105690
117155
111940
112811
116508
118675
90580
103264
115785
107942
104265
93044
95538
98555
94105
100118
101147
98903
109254
98125
94142
101912
96004
96140
93842
90219
99358
95110
99148
111039
91670
114499
94630
98170
101132
105844
100960
117994
116832
110596
115077
94334
115483
118511
96752
114998
112523
115031
109070
112728
91182
101589
114150
88933
105426
118541
88662
98891
115449
120197
91551
118236
113794
92087
96548
90751
100742
96100
106606
113445
106625
109356
100724
108671
114610
96092
100889
118895
114372
112903
106231
115132
107437
100184
116571
94217
98007
110374
90768
109576
119421
101577
94817
93163
100697
112684
91865
96283
114812
112420
120653
118829
92285
109056
117917
89106
98773
108130
98486
114061
96394
111693
112475
120298
90891
106878
103462
119790
108635
106240
102857
89610
119154
89339
97946
109779
100833
104653
107087
108983
103348
119131
94469
91624
111260
103849
94088
97693
119374
106921
109774
113530
93222
114001
95428
102476
94224
102896
106574
111354
111784
92610
108168
97465
111264
101826
119635
120190
102242
112063
116493
115897
113399
114354
107423
96832
107816
105295
101053
91017
118243
111322
119145
106781
111840
107068
101561
94281
93315
103254
89051
89367
119813
106133
103254
118909
113871
92871
109970
118483
98086
98093
107675
96906
115213
97233
104738
110364
96871
109593
92869
116799
91485
108445
107920
92510
98815
95542
92355
88393
118318
91223
109269
116268
117433
102561
97978
99774
101062
115633
114274
107962
119412
108861
114306
90259
100542
100703
94102
117348
98467
97584
102439
117285
89475
119193
119881
111397
104141
101478
108137
103092
89815
116636
91461
99872
94477
120589
115516
109796
101198
93225
109256
101147
104083
109591
117833
94267
115410
93189
112900
112127
104994
100284
110443
93093
118559
99959
97439
115034
117392
98805
104243
116723
113735
99277
120627
121053
111433
118018
94052
113239
98607
113623
101326
119774
93388
115684
113016
100073
96272
109674
97139
98263
113964
100580
110873
103206
108279
106462
110999
96997
100497
111626
114857
100460
120902
91025
114853
106058
102837
102823
116155
99967
99121
101986
93819
96492
100967
94412
107927
91655
99393
120631
110827
88531
95243
98768
111034
101136
107989
97143
96827
92846
118808
115918
89172
116616
96412
112016
120229
88655
106648
100389
113864
118212
97308
115571
119767
104235
112812
95990
91183
111356
104237
97555
116596
104923
89350
112553
98774
98762
90239
97002
119186
114590
111724
105065
120763
89263
112400
117875
114234
111828
100412
120739
98068
110735
109239
114353
110827
94084
120034
89739
97480
96048
111772
111271
106775
113111
109156
111511
108019
100798
114621
99294
108196
117915
89303
89858
119910
99146
98667
98018
104044
96705
99559
93002
92965
111430
106955
92101
93886
91872
118867
95154
109288
106507
111702
102554
103387
120751
107118
115393
120475
104787
98393
98299
89210
100494
99487
98497
108510
88767
104821
108420
93764
104702
91874
94785
103301
114259
116768
109142
92760
99877
110661
116372
89625
98037
115235
111509
92617
111948
106348
95824
98389
101105
111386
89322
117275
101984
97037
111056
89002
91768
103670
107778
117193
108148
103029
90034
114364
106012
120958
95757
95426
96828
101889
109401
113122
117078
89546
113728
90343
112788
102310
107371
115626
105728
113863
101459
113295
105719
107369
92244
109906
101851
89526
88580
106756
88585
98279
92866
91984
99083
90541
114322
119555
103438
104143
113192
103884
104598
88852
118594
109375
93040
95587
90939
95520
94697
120361
99293
93407
104253
95483
89720
101983
105554
110973
109872
90107
102310
113538
102043
113611
98694
116340
97164
114211
116866
101367
118569
97629
92701
90569
103748
93913
97225
91884
103144
105793
102418
101384
113969
103442
99353
97035
103009
107608
115012
107026
100657
91833
116532
91532
100965
106164
102903
114076
108707
90923
110719
115392
100997
110623
106323
93617
113389
116156
113541
102026
119705
96405
90596
114475
112119
120624
102002
120032
116282
116933
102425
103742
89261
100675
107673
111182
90439
108180
102597
119278
116096
90914
100591
107635
118884
106906
97697
118419
94438
114160
106638
109187
100982
96163
112071
107612
94166
119106
99634
112067
98345
100655
98361
115913
105037
102307
94143
92688
121450
105970
114264
90672
120267
119568
111289
110168
116973
96596
110189
108601
93142
121213
115914
101663
90280
114419
114212
115809
94326
102735
88896
91388
100950
108316
93451
114299
112824
112095
103564
92442
98550
99158
114456
106794
90412
113662
111301
94647
90185
103127
114465
94825
91238
101995
91683
105640
115543
108301
102753
97283
115072
105055
108420
114131
94954
104471
103929
91163
111255
109570
107242
106419
107538
100681
105325
103846
95049
105203
111099
103384
116383
97707
106787
96492
104254
116419
91775
119652
91050
113786
109032
97290
94364
91002
107750
110479
101389
99749
106090
93043
99985
103953
118464
102948
120550
104017
114623
105066
105421
90359
97603
118274
94232
97622
109021
88970
115973
90253
117704
114589
112330
114625
91679
117054
102257
120745
111182
114042
93158
118096
101831
89673
112463
101398
94198
121014
94363
115960
97398
89663
93790
94994
99717
93567
103644
100706
103093
101898
111203
110031
114661
99225
95711
107882
100464
113767
111528
120307
119460
98010
93342
98463
118646
105062
117624
104984
98931
106415
101465
91078
99834
91117
98980
109133
90025
119701
110866
118103
96533
120886
108546
95379
102590
120224
106000
103934
112450
98892
95976
110945
109776
106232
109661
91418
111328
119186
118197
114720
108065
108375
100679
95554
95411
98876
95305
119727
115863
95629
99555
108731
89700
120276
94855
93920
110651
98300
94341
93699
97532
105398
95962
110841
101306
89372
101705
95306
93037
100756
117934
94773
106215
115704
101006
110580
115978
91124
90866
110657
102711
89263
103542
110360
108553
95917
90781
117439
111684
90356
94823
114180
116744
89453
120102
102342
89675
101518
112013
89014
102534
105526
121610
104543
119981
89560
96086
97892
120677
100316
94794
95497
116338
108098
108532
108533
106350
97929
117994
109111
120513
92879
93406
117382
92877
94265
112499
97485
112489
103573
102223
97511
105873
112446
102257
102054
119643
94528
96965
98075
94253
114877
117238
117521
100654
99216
117636
102107
94714
99631
100886
107344
95642
107478
93457
101395
105395
119010
116585
105240
118269
94331
116920
93539
94711
89205
99469
107795
117466
102008
99334
99488
112587
111967
103841
118625
107092
113119
118607
103249
110869
95849
95946
114706
103095
108113
115753
110386
95522
118831
111282
98734
97520
110470
119791
95924
119073
90531
121092
106413
102160
121288
116287
103803
113317
90250
99569
103167
97997
107128
116604
104671
119335
102909
95150
97926
119809
106632
100173
103532
95618
103145
109299
113559
115496
95487
91932
104034
90742
94352
110462
112253
104422
101240
112793
93237
92453
102662
117646
105205
110463
109219
101428
112397
110232
93108
91497
118963
99166
120002
102310
118855
98107
102872
91607
116700
115599
96301
97385
97779
110941
100099
110244
103817
98629
94159
103995
96085
104370
92570
106785
90187
92500
119719
113055
112996
99281
93014
111780
105633
102071
104776
96860
109390
121014
104900
105731
104836
115980
99418
119292
103153
109888
95942
98589
89307
101139
91927
89678
121187
97972
90384
115026
118791
99635
111310
110564
106347
95032
117931
118278
113753
100341
120931
108694
107014
109657
117621
101922
104343
111238
96460
92669
93923
108934
91551
120210
106619
104761
91542
119801
92392
113298
115246
93128
117555
98307
94558
103212
105643
98870
106363
107064
97762
107774
102489
114556
91385
100493
105395
96986
105757
105191
116940
101013
89938
89495
118103
89771
92271
111520
95124
97893
110698
117686
109501
91180
108246
96942
117920
117662
104618
105012
116621
108001
107332
114620
119666
108599
121006
90043
119621
108755
96543
110870
97186
114156
91589
91354
97206
119567
110785
99887
109915
108729
93812
104071
102532
94757
109561
113179
103900
99683
110322
100504
97450
119210
90760
120341
116728
102383
103853
100425
102132
90550
93860
117755
109718
119337
112580
114361
103043
93543
92537
90317
115506
90654
103819
90989
112461
90460
104355
108338
111194
110754
110347
97996
117402
107067
91573
100851
108593
92107
92287
113824
114568
95019
111797
91774
101104
121204
114391
118427
100232
93274
95901
112484
96608
97724
117817
89808
113374
98680
105180
118491
105313
98692
105595
102966
102693
104507
117459
106813
115303
91380
119211
105257
109001
110297
95833
106375
121335
109047
104583
121833
107659
103057
110647
106971
108590
103098
93445
104728
100864
108067
121516
90622
89659
94257
110284
113728
99347
112722
107499
99803
96480
98450
99769
108107
91774
92777
119448
113150
94452
89559
104027
102921
100181
108211
90702
121882
113636
97345
99959
100013
92027
108290
94236
112003
105518
112848
119174
121424
109355
101162
96004
116149
115172
96204
93490
115821
90737
98178
121978
105675
113455
119615
114140
98404
106926
95081
117995
116233
111818
121208
121624
98296
92695
90047
92211
115282
100995
121737
107567
110032
90678
105832
114214
103090
108477
117706
107676
114681
89704
117709
105224
119510
112624
109653
116881
105058
112989
116571
107541
91023
108327
101768
90479
115039
97436
110594
115706
107860
94849
105606
96849
121895
121084
98231
91993
115389
116914
115125
97410
116566
93996
110834
100681
101128
96895
118593
107522
112492
92204
95536
102356
122007
113477
114584
115717
93003
89553
97138
96375
106351
110962
99308
121715
93885
103237
116413
119974
118715
120586
90805
96617
93420
97669
103576
104006
104519
109091
91692
94647
103144
105441
119697
109616
97542
109930
121553
90464
98853
106623
108984
93877
103820
112796
89574
99102
119546
92377
101154
121876
120725
104718
97265
119771
108323
116282
90215
107781
94588
98854
89918
100153
117823
104005
113957
100658
111813
118239
101978
117770
93779
109422
108155
99257
102548
101705
113306
90329
121414
99711
92559
116652
105523
92422
106130
96351
118883
121365
98825
101520
110992
119246
93342
93711
91866
93472
102549
109281
104380
98540
118108
117387
97343
112998
90468
100493
114029
116927
93744
104492
113161
92417
98988
120180
99197
111930
106431
100222
108308
105948
92963
104431
104297
97380
99445
91073
117280
100922
110728
100678
122323
114392
118527
120681
121935
121135
118299
115256
93441
104518
102609
98463
101291
91941
97056
112502
104283
98289
104609
120255
118174
117336
102752
99880
99825
96560
90346
121304
115064
109402
99239
102503
90867
103405
101994
106798
107245
93584
91207
92610
103478
113960
97957
107963
117908
108468
97171
103354
99766
89972
91744
93098
117353
93265
93797
100933
99343
119673
98342
95706
97356
90698
95386
106574
108290
106609
117446
100962
116864
109907
106385
109619
117750
101548
120787
116487
122412
108149
110767
99398
106612
97804
109091
99783
100318
91279
98269
117581
113834
109192
107600
102738
101891
103632
94728
101635
118250
104621
100154
108939
108912
107326
98208
109204
119080
94233
98435
120843
99804
111410
117530
104228
122239
104959
117010
103583
119907
92121
116590
91209
97964
111014
119697
113093
93701
97461
93849
106124
106385
115945
101103
117043
99876
110106
100380
96749
99508
91320
106719
98384
93450
94641
98172
118364
120509
99733
93270
113849
90721
98041
117440
91200
113916
110617
120849
110781
96185
108481
90358
102643
100321
98669
90381
92129
99078
98479
114863
107332
93058
97233
107789
105309
106784
121275
99966
106484
117272
108312
98583
120477
116801
100021
103293
118330
102018
98601
114679
93121
92809
96187
115655
103488
104128
114304
121019
112670
108669
106948
111871
107427
110202
121515
113973
112826
103300
112408
105671
95734
104823
96462
112764
93908
98409
110550
110410
104768
110118
103456
122220
103514
92637
107117
103860
117881
98328
98411
99617
106608
90865
93218
95412
93201
105091
113296
122240
105456
104864
108944
99073
110186
117442
100609
100270
116197
92483
98083
110545
110680
96976
93252
116375
100367
97563
111005
121187
119208
105424
89975
114024
113506
99019
102034
103287
90519
106632
92358
114197
113798
93402
107755
97745
105302
100320
96759
108501
118872
116021
118118
109242
94861
96104
106719
120225
120936
102316
99092
103807
110548
91600
100330
105656
120697
113777
101338
108784
122171
120174
116374
121629
116228
109212
94448
120289
99012
106171
98808
103960
112310
113321
116581
113069
111332
117462
122167
108721
117485
94456
116890
119982
91910
97792
113164
98872
96063
108620
113346
118982
109576
94750
117064
95424
104435
119885
108905
120793
106171
98618
93006
103327
120198
119814
93674
96848
112743
114690
90261
106992
121127
119911
100342
107928
92997
108616
117287
102673
119099
115396
116244
109218
102147
119680
96804
102181
116186
118613
114204
119904
105796
116037
103488
107923
114000
98228
103867
101966
114205
116180
97856
92037
110749
119138
105202
105190
107673
117904
106625
110698
118773
93250
109718
121387
113462
96892
95858
94837
104257
91419
94930
106527
106597
107716
93973
103708
111260
102427
92064
105293
94990
94005
105858
91033
111319
90959
110420
117568
93962
95936
112995
101228
102902
92460
114962
100106
121256
101371
94073
109271
100273
115465
122706
103358
114217
97695
98838
94049
110067
113571
90211
117494
96835
94987
113057
115796
95582
92567
116453
119117
105121
120512
107797
102719
92613
90604
109134
122086
100193
119011
109186
100468
116400
96902
94054
101348
98453
119231
92043
99723
121820
105652
118986
117488
92867
109632
90598
97245
115129
108451
112493
117686
93029
114808
100319
95498
122346
90856
90898
101224
120170
112158
98517
106356
112585
98554
90836
92473
91571
116490
118204
93377
105696
111030
122271
117987
118678
104890
113049
114781
103792
115930
109236
122147
104799
109520
104969
110070
108782
121994
113192
116279
116938
117906
122810
116734
94849
110542
118117
102503
122762
108393
95984
97836
99718
122129
98216
99961
108485
122467
96258
101371
107020
117923
106113
109627
118933
111793
108506
96042
112984
107320
119383
115964
121481
117033
116857
106042
115298
115816
104161
92691
119842
90309
113008
120564
122454
91437
99246
110936
91735
114977
92264
105696
118036
110184
91294
91046
110865
105217
102812
118735
111024
94044
107110
115551
96176
99530
118873
98897
108275
122929
97040
90856
105860
99588
98181
120896
107480
95346
100984
101160
94804
109790
92693
95540
110608
114064
107217
111117
118491
115370
117653
97036
92287
122205
95518
98567
98630
97372
106660
104555
119740
100497
100793
93067
100791
117264
116597
108344
99989
104777
100560
120210
108229
110721
94287
121629
104585
110979
119523
117272
111097
111506
122382
98314
92236
93603
92487
115101
117843
118985
95904
116911
110662
108273
108198
96423
121539
100815
107400
109829
92948
116248
116604
120382
119473
98034
98911
121030
100357
107945
115355
90734
120437
104867
91470
109040
94111
99478
94633
117960
106975
116472
107414
114502
120856
100535
100765
99042
116401
115243
113160
104143
92637
119113
90949
120531
112928
93977
113549
113749
111631
104810
103363
112056
109655
115908
102815
100327
94464
92830
120075
93745
114419
116689
101581
93272
105146
122701
114279
100068
96136
103690
116027
120253
118649
95554
118003
107769
102682
97246
117536
104435
99884
94254
113697
98973
104357
108764
108359
93463
103160
117795
110135
95616
119958
122940
109455
99340
97205
114713
107724
99670
101200
116822
103275
106232
105583
118893
117070
103002
99752
115753
95330
115143
105446
94557
99711
101318
94313
122325
97935
94375
110606
113037
93171
112220
100305
114977
101666
97930
111248
107653
94355
99040
103442
116214
100062
93096
99655
91440
94494
95387
112081
101090
102041
119802
116420
116831
101795
104410
98986
106390
99263
93632
120523
108356
119048
100461
94635
114536
119503
104443
109267
92664
108934
100393
104404
105426
103900
96500
94858
104949
110890
107879
111774
112369
99598
109747
101454
99484
116309
94594
102001
118279
112415
99209
117173
93616
95293
116572
106284
119801
111070
118919
99335
119257
109419
106970
102561
97234
117423
116740
98495
112931
117307
98916
100630
119614
120585
93723
108045
104828
95583
92006
116677
93456
109814
103723
98134
117050
114780
119505
102748
105405
95127
93269
102835
98706
108043
123034
93310
113630
115614
105985
98414
94498
119065
93498
110145
102065
104401
97882
98696
122472
111752
117805
120494
107673
101774
117197
107062
121416
95275
102003
113988
120730
95554
95118
121695
98954
105774
121106
101749
120286
111344
99347
95775
119897
110220
117650
103207
113715
93872
100247
114760
102086
94615
95872
120628
114826
103725
101528
102620
107843
107124
90603
101355
93305
108582
111193
105619
115241
92316
107498
117133
92090
122606
116577
105051
121138
106332
100116
105169
119466
104172
96250
112595
117248
93781
114950
121184
110795
103452
101555
122320
103060
111101
112865
121433
90947
102796
112863
115928
102871
111644
122313
92878
111450
106976
96532
121257
121364
111696
101735
105542
93440
122830
98732
94643
103292
114826
100968
123193
100676
93859
113991
118682
93857
122255
99068
96663
92382
117436
121671
96181
108284
98167
108375
110401
106151
92686
93779
119954
103784
119345
118836
90766
117275
109726
105173
109424
119460
119294
111949
91848
98782
105737
120188
123074
92628
111601
111588
110252
118324
98558
111034
101555
105216
106101
107837
116973
111495
113087
114759
122781
109972
111047
116002
109746
117989
95396
97692
120464
119518
123000
108638
120339
95871
109464
118905
114641
104596
104429
115522
111264
100395
95642
104544
102233
93003
112862
98339
122331
106467
108348
117784
99154
108801
122842
91610
110009
97348
115496
108586
104605
115604
97729
118338
102180
91920
113302
93543
118607
95048
114761
109758
111228
110509
97751
110432
114479
96582
117370
91312
100369
112036
122062
111341
97337
94743
113970
110595
101547
99106
112497
122023
117534
112685
102306
103842
91651
96122
97868
110445
107970
120410
112590
94207
118599
98721
99070
121571
102333
100951
107281
99213
120217
92848
104635
121326
113371
120638
97942
107846
91280
110694
99528
106810
97180
108561
118753
94502
107190
94115
114434
122292
101812
98865
122180
102574
105993
122607
98903
115472
108684
116711
91754
102754
116859
121073
109899
92740
91071
101087
109776
117579
115825
95992
94837
114699
93086
93864
117830
120693
98631
113525
121088
99172
99756
105269
90995
104050
108491
117886
101674
119824
91427
114527
101454
116438
120509
114253
98504
119063
118637
107360
107686
109497
110422
93632
121792
116547
102572
117594
91803
115512
111038
92887
113805
94116
114739
109006
119074
101620
92563
95032
116927
114186
120074
123429
123013
123025
92777
97454
101752
114574
100974
105259
104161
119864
105541
118694
110577
100618
103502
123279
119974
111382
120865
111024
93683
112028
107472
105060
98587
99291
119916
106500
93790
95527
113610
99747
99031
106300
123270
104955
123301
109266
120137
118950
100425
120434
95816
97170
94799
105351
119821
112815
106545
108984
101498
92138
99704
109685
117515
114015
107044
102096
118107
115658
117582
110991
102634
90943
91916
116607
101917
114716
106389
117771
107654
99899
119205
116748
105574
95340
113187
121059
123248
113698
108290
110022
121552
100716
110437
94039
99436
116519
112390
116091
109930
95091
114904
94057
98290
104547
120043
107009
112181
113913
97680
106592
106670
123473
106431
115377
123303
123164
111285
122693
98816
113488
105185
117223
115500
112158
109569
122217
119420
118821
104073
115587
115104
92133
115780
93918
92267
108150
92221
97131
103382
98937
116192
92409
108104
94032
95069
91143
101652
101514
105293
102614
110403
92577
98712
101571
113045
111080
118678
104916
93122
119999
93044
108689
117509
97801
122586
111637
122331
94944
102602
107620
120073
108167
120524
109311
116188
105375
106824
118198
121268
91550
116531
103358
104132
122494
111853
100611
108051
91314
98922
101311
113350
111966
111761
104524
97954
112327
110049
100151
108493
116489
103002
94613
105428
123656
107163
110490
115698
113064
119368
107879
95888
98113
105902
119332
104968
103757
123562
120143
91310
121444
114886
122451
122385
112235
115878
113245
99710
112392
123555
95339
115142
118872
99509
113574
97857
103909
110486
99313
104723
98258
99108
103618
100014
102489
104968
96816
118425
93560
101525
101454
116079
115430
105202
98488
108586
98380
115324
113259
97441
116658
115302
117722
121680
106551
119714
122686
99928
114950
104453
96557
94662
100485
99494
117102
106776
95184
117639
97804
97790
109157
100471
117929
101469
94753
111926
108053
106393
106347
108763
116767
95508
120239
108147
106923
120818
109582
114411
113925
111136
100947
100912
107637
110228
119337
97172
95508
118998
108684
120180
103389
107967
95102
98327
112903
94592
122875
116698
116115
98023
99374
116362
104225
95198
94693
97298
118279
118581
118083
121430
113060
95137
113588
116830
122610
123908
114470
123063
118107
103662
119159
93974
112078
96100
119849
94527
96273
106721
108637
106277
105049
111771
99071
114259
122648
94727
119102
115850
93462
101535
115007
101804
114115
110819
115474
108760
116172
121502
103909
98519
101356
122986
111991
123831
107013
120950
113616
110005
111727
113287
101168
105313
107407
123709
119877
100092
121772
122008
117920
103717
122623
102330
108906
103605
112137
115695
111187
103911
113194
102122
98508
97468
93806
105042
114550
103069
121514
123517
97754
121666
105672
119419
93274
110804
107615
123222
103527
93006
117895
103576
123125
104233
116715
101390
101164
98104
103199
96972
114529
101841
123188
110961
101956
117037
112266
105900
97883
93969
108006
123647
119215
95150
123844
94403
119749
92103
107503
113005
115663
100881
95566
93967
110372
100319
102401
92450
118766
110846
117165
104322
115746
107230
107539
108218
110774
110323
109032
113026
107790
98395
101856
121734
119479
115905
114701
102761
93527
121985
93543
109066
116452
120333
105900
111878
97301
112783
123754
115326
115990
123344
119385
118810
114304
97112
110575
100173
114312
117463
102959
110811
100983
123331
123074
98713
98394
94275
93256
107636
100602
114508
102384
107957
91662
103945
102726
107396
110768
102017
111181
92074
105486
105844
109006
118427
118882
119173
95727
106419
94756
101791
113927
113344
108925
115345
110769
114369
114176
93179
108320
101869
105109
119918
122546
119543
118197
124111
106439
93073
121309
99068
110803
121903
92732
115634
118962
110861
114607
95151
109372
94323
92656
113683
97306
98872
106763
91660
119768
110725
119569
98738
111418
107995
113167
95280
94420
101463
101953
110885
105685
111157
108676
107338
120612
120724
108810
100436
117678
100728
95825
115740
116990
110101
108630
93949
107790
108107
111622
107389
123996
108653
92917
118576
120641
112710
107346
101082
106878
122974
105499
114132
122904
102521
94605
102577
123239
116065
112095
95008
107369
122341
98863
112916
101468
114978
103357
103203
102795
113153
117079
91692
114792
109569
103700
116285
122331
99639
112197
104628
102362
102803
118697
106916
116026
103268
110048
98426
118724
115998
119330
122848
124044
108635
103729
122081
95870
116257
95884
92494
106298
115811
93158
109921
100898
95434
115926
109729
103856
114869
95952
111109
106254
104062
124244
116572
109536
113663
96869
113644
91748
109140
107325
97882
106430
120547
99647
118218
117901
101786
98093
99910
110530
114808
117403
101476
108466
94287
119204
105507
119146
103112
101595
98071
95810
104871
97668
93638
96181
98128
104453
106577
109935
97418
111255
119383
92584
117636
117825
114198
104369
105494
114695
119507
108748
105800
112735
109180
115521
114712
95972
98957
92078
104312
115790
113712
98463
96663
105634
108456
102494
116321
93094
106223
94477
96073
93592
111518
121585
121926
100383
95246
107793
109083
110466
101309
95232
114140
109592
115443
117495
113070
119808
106917
111398
122574
101649
113049
93516
116949
109332
121803
123270
93754
97841
113936
115044
100888
107944
118265
102466
119601
96962
117242
99798
107572
108550
115147
98053
96571
114863
107791
94459
91800
93278
102196
103034
93393
97037
121754
110450
118249
95556
115959
121555
116705
97423
103418
94879
120959
102447
106798
109123
93774
100880
110114
102183
109286
92155
121287
113540
105069
111885
111641
109430
99422
108392
111873
92242
113033
116264
105082
97849
99164
109465
94708
94189
104544
112551
119029
105700
113158
116373
98566
118171
122788
114674
107213
121389
103099
102857
101495
106276
123003
93209
91993
111759
99465
118916
118998
105301
110847
117323
98947
120008
104373
123514
116105
104573
104639
107616
111947
105564
113206
116290
103753
107251
118076
117329
114244
115727
123962
109528
91812
107406
97900
93370
117270
100975
101536
104220
95353
103979
111418
100191
111611
94792
93564
102993
95871
118827
95748
121764
104003
102702
104598
94367
121279
120562
119068
97043
109264
93687
121835
106641
117013
116329
105288
123354
97177
94013
95787
102039
99763
116605
103491
106826
123691
121312
105273
104325
102302
104094
119097
105050
122148
122754
116911
101138
106031
105025
96590
116769
108215
113930
92759
114266
92308
100702
119320
105056
110379
92450
118451
110173
114252
106995
105504
122870
120923
119481
93045
111230
94126
94079
114533
115049
100151
110466
94727
114436
99939
106887
116697
117604
99393
121458
111621
112540
118247
94741
111075
100660
109586
115270
120766
119254
109580
105524
100059
110409
94163
92155
122039
100260
117111
123509
117137
120251
107972
93523
94248
104926
100897
107885
111302
115395
108984
111447
102781
107200
120279
100917
114097
116029
118166
100560
100055
112746
110779
110825
99451
106285
104922
92365
106888
106335
107457
97065
93380
98359
122387
117024
119450
101638
95538
123547
107548
102437
102754
96480
102216
96812
110892
122727
93322
100709
99073
102120
99715
99713
98848
122553
112905
123785
121530
92247
106607
124439
121171
117059
104966
101829
92523
112399
122083
93670
91998
104888
96739
113012
117129
106550
93677
105546
124078
99154
108919
111763
118681
92856
110924
114819
109060
108621
113804
119877
117433
114114
95220
109620
104694
122986
112223
94029
103701
94024
99981
95716
119916
102253
99876
92311
95347
123521
106996
117633
117028
101279
119679
117168
117416
95846
105401
120024
99887
103500
105228
93512
103968
99382
92831
108062
124274
120902
105176
113079
115289
93684
97056
115306
99366
101473
102118
93046
116840
113895
119782
110136
101208
102901
114091
94114
106356
118810
100946
102888
116841
109919
119954
118396
97590
105178
100089
93245
103823
117888
103544
108012
124543
95035
104994
120031
102994
122173
118321
111609
102322
94355
122954
118489
109584
111613
110338
94546
101702
121341
95904
109339
95866
98862
122148
113608
119877
107735
98185
97017
119828
122048
123976
102610
101071
99140
96029
103083
93881
119464
94733
120840
108696
98987
120744
105419
98325
103262
123532
114088
124773
113206
101930
112602
92713
107872
105677
105748
99219
100692
114392
111291
106443
109741
114510
97106
117905
124472
121240
116022
122147
115019
105603
102795
99681
113752
97929
124790
110639
120257
100177
124812
103707
121582
111225
111499
119104
109982
94098
97864
100201
95098
123756
120809
117626
123888
118420
100948
122124
108606
113948
104936
95576
98765
123802
114282
109654
109249
118131
92226
112934
107726
114778
108007
102830
92749
96531
97688
109957
112015
107901
102221
94223
119409
114639
103149
97770
110128
110370
100033
98697
104831
119088
107049
107295
94423
119131
123021
112575
106255
94449
112791
93121
110124
107694
119711
93287
121466
109442
121191
120001
121820
98965
107529
123341
121184
121481
94253
111075
113430
94719
122239
103248
118307
96604
119649
108098
93969
123853
105948
120292
110185
117128
120541
93385
107396
114517
94110
116878
123294
116557
93794
94395
115500
114402
111717
103659
98159
93728
122899
112173
114250
105523
106360
98217
106065
118056
100088
103047
123170
101624
114752
117004
111096
93122
107900
111878
113277
102232
105674
122219
96736
97789
116719
98109
102952
99949
121930
120240
98248
92446
112390
109967
94067
108230
98707
116700
108081
104477
96854
118711
110515
111332
112031
124800
116451
106534
92892
102720
109760
100286
107021
95813
123241
111897
120184
119309
95095
96573
121758
99430
121232
93706
109933
102098
100922
97984
122039
98608
116204
121282
118499
104857
116587
110490
102371
105353
118356
123708
119142
107071
112628
102287
92750
94822
105056
99881
92772
102132
103874
109402
104010
103763
118770
119661
122802
107711
118342
99626
110030
120047
106922
116128
100871
98295
104691
119073
99570
123757
93552
124301
124800
122058
105922
98772
99445
115988
92910
114358
114203
110522
109489
107725
103479
102592
92692
107470
118332
101915
98111
102156
103871
98399
106898
115517
103723
124567
104690
121217
93878
119156
101729
101280
106387
100779
107474
109971
107369
95640
122171
122951
93189
98855
93163
123293
98636
103156
95006
105909
122227
114097
124111
124268
121202
120009
94669
93731
114101
99650
114705
97987
117525
101352
121679
93693
118792
116136
103371
120279
106004
106298
114542
106596
95114
108547
102681
119250
109936
117817
96825
111531
120255
96840
117404
116052
123343
112500
98947
103898
111887
124864
101112
92909
113657
118031
116833
121133
111429
98698
113494
111013
94045
94529
107440
125077
112658
104213
121314
121205
101517
98517
119437
101430
123784
122535
98382
122827
113598
106922
100315
114152
102559
93657
96846
113674
100169
123699
100800
118199
124852
98841
93210
93191
112172
110327
122920
120419
98565
104742
100591
118925
112266
100625
103233
98784
104246
121239
121230
121306
104487
106673
96765
105943
117199
117589
103099
99359
104173
110746
104595
98339
94139
122908
97216
107524
111977
110498
102143
113493
96715
117758
124136
99106
124751
119093
104317
107313
124209
110048
110084
117895
117746
120274
103698
106798
114182
100347
122089
117046
96461
109452
111107
121082
111044
100444
115695
93349
119805
122507
101980
105716
111052
106853
112756
110909
97988
121225
97899
111280
108001
94794
121175
115933
118791
95829
121154
124790
110251
98196
124285
99670
122576
122451
120632
95427
96310
113570
107088
118000
105678
113402
98408
111814
105584
122659
119355
102116
98512
112212
109360
108261
103855
102813
113456
115681
115022
117634
101044
115766
114984
123369
113954
108168
106208
124726
118105
107526
94585
102068
96394
114671
114373
120887
117579
94293
102688
106239
99558
115746
103774
102368
115959
109144
120065
117408
112438
114333
123055
111265
110993
114422
98020
111295
96382
102099
111333
96380
105871
93004
110581
92763
109638
111786
101578
122249
104748
94505
117570
118466
108317
93436
100435
107123
112358
105362
124992
110620
111890
106008
103187
105721
104960
103231
120135
117217
110649
103487
112837
120942
103681
99100
109074
101214
108332
101927
97734
99897
120883
101577
92736
110644
103303
104828
117144
114262
110629
101658
112597
108761
106603
114522
123232
102355
119850
110743
103865
119574
98556
98516
94825
123220
115928
120830
113208
98951
120547
107376
109727
106895
113289
117949
94592
121117
108749
118185
93461
116689
107485
116088
102439
94111
125162
95084
96384
107639
111670
113289
95650
118309
101231
103067
116153
98678
98875
100986
106191
111772
109844
114573
120895
103123
112214
93837
116844
111429
117142
98699
109234
112427
117046
114485
106909
103222
98870
98133
108889
100397
119373
100506
101994
102103
95289
97179
113821
113435
124499
93977
96831
121446
106342
106884
123788
119117
99777
123841
113258
97396
121995
106795
122456
104622
105303
108760
98465
95845
123896
105501
125141
97341
101015
108116
122233
113908
123907
123356
99582
107661
118343
101986
119536
98477
108418
97375
120176
124997
108275
119266
95972
116337
117844
101520
100333
101536
121193
124137
107930
118774
100824
95949
118747
120302
97595
119614
115768
119876
100212
122727
94402
124946
121664
107741
103242
100409
115472
96038
121042
96002
121876
103032
102721
96005
100248
104386
117595
116554
99987
100849
93423
109231
95101
110700
105298
97929
101986
99040
100365
107662
102197
98883
95699
115699
94822
107283
100790
107985
95158
109791
113818
110797
109387
111369
98537
116728
98559
101066
94344
102644
125438
123510
104202
124249
107664
122370
109604
95062
124467
122051
119393
119196
110573
117880
110103
100983
113888
109963
125082
123454
114463
109716
95151
122094
122560
95519
106820
116498
110387
106927
123742
116198
102098
93443
116818
111291
107704
100503
100152
116125
94423
113774
110749
119604
107077
111631
120696
106984
108503
105678
116319
105032
110321
96588
103675
120493
99484
118337
111034
120346
101593
101497
111555
120423
115766
121885
100655
104863
98206
109876
120182
105126
122485
110953
103463
95519
107237
107279
119773
99468
124018
97634
105838
97975
118997
100880
121701
101714
93959
124920
120243
109274
104604
94001
103841
116417
105810
104014
116233
95435
115946
113888
123846
109497
107318
98109
119401
120613
94836
96128
108845
114861
124890
102353
117806
103507
112242
117223
107989
99364
111656
106442
103575
118552
120098
123358
123103
110394
94543
112157
118600
94984
100419
105636
107280
116253
96066
105841
107722
93453
120218
99179
98642
96401
92982
116898
103686
111588
95601
104409
96051
119404
110120
100162
121294
106653
117011
94344
102757
113691
121685
100882
121172
104222
123217
107911
108604
117531
120512
112525
108721
97953
103680
101591
109107
123521
93103
118878
106080
100913
108409
116462
95847
107378
97070
123877
95424
119089
98072
105272
116507
109995
113291
103606
97430
112597
93117
107665
109618
110587
98776
109850
122760
108455
97614
118220
103864
116932
109165
99212
94883
104451
125491
106031
93786
112254
97635
110397
104661
124572
99800
120308
116201
120884
111130
101520
111988
98293
116527
121546
101339
97797
97460
102815
110262
120808
122668
95314
121289
100772
109719
94900
98359
111138
122695
120995
118258
122584
121583
104145
122230
113317
94205
100551
95671
107516
108841
121897
123991
93765
104270
97595
116765
119424
102265
109732
122787
119596
102208
107122
110670
104295
113494
123487
104835
98646
109660
107858
108568
99271
97785
97321
114185
97045
119852
102326
123501
101708
117473
107015
118184
120206
99267
111851
99809
122550
116306
96689
106423
110906
124469
93747
96047
96342
123857
117524
95473
98919
97050
108357
111541
106645
103593
95438
104952
108980
118032
113355
113651
107628
99946
110772
104909
122008
112694
106210
101904
124909
94565
108623
98394
122332
114865
123294
110677
116409
96049
121179
109800
99868
96554
95619
117679
115848
102697
117319
111785
105546
96590
118285
120369
101796
102123
102072
120112
97835
123982
117801
118160
116590
107738
105477
95988
104664
98141
96953
98726
110808
101021
93628
114640
110910
120884
105236
93936
103145
108958
96796
112006
97439
97169
98692
108815
98620
121740
95897
94263
100623
113587
115143
120139
125569
112858
93276
122093
95735
100064
109454
111883
96506
96062
105664
102418
97430
118239
104193
114782
115455
120883
112086
108534
116859
96895
98617
118902
117627
108407
120545
114508
106507
95758
96452
121383
119405
117133
124123
94125
122113
114658
121381
112749
95593
121403
110318
123924
111849
103380
121937
100067
106516
121613
123644
97120
119205
106688
93491
101452
117931
94673
119320
96982
113129
118535
122409
111886
103548
112410
99594
118940
100798
104205
123013
105906
102507
103613
106703
124479
97026
124859
119308
109926
100718
111703
105238
99118
114150
105725
121210
114811
96530
97733
114372
114493
106863
99909
119549
123623
121332
107946
98417
99619
101366
97543
101558
105155
116809
117740
107241
107771
115624
101179
119611
115406
94806
109111
109484
95943
100102
106974
118295
95465
121081
119417
108399
101608
95590
122737
109640
99482
122910
97636
114329
95912
116592
124536
106688
100745
110410
125167
104902
103089
120738
115708
110309
96773
123412
116437
104007
94611
96973
124426
116497
120192
100519
113429
117408
116801
108693
107058
111378
122638
96322
125553
121609
94868
95221
117769
119467
124907
125880
104687
105966
99783
119737
121767
108562
109042
95216
120923
102511
94970
113410
107562
111728
111143
112742
116418
105184
113071
98758
105009
107620
121645
100264
122104
107849
109136
105805
109153
117888
120784
112601
118035
97255
112807
108725
106468
95691
118141
120626
94446
99242
122468
114031
105189
96829
97989
109692
116904
114357
101786
105407
104213
110918
99806
100247
100642
106722
111426
107328
98857
109639
106274
123383
113284
111675
117175
105310
123482
115478
99214
118561
124600
101762
97081
117722
101604
94335
119620
113970
120814
102570
119915
124233
126087
97982
102409
99673
124694
99675
100052
113046
120841
99334
108488
117848
121449
97138
113505
115835
96434
110333
102157
111366
119777
98174
95457
99340
114894
123710
125835
120528
118716
106308
98952
106796
94767
107990
118423
107060
111358
114236
98925
124950
111784
121287
98218
93509
125419
113170
95244
102614
113811
117896
120546
93738
104081
122662
121540
120781
98636
103042
108418
96670
118588
109837
94298
124464
99252
111509
113262
103281
126207
125710
124789
101001
107695
108433
121008
118533
125490
101541
114207
114997
101286
107198
124406
98258
119022
124419
106571
101604
105734
111188
101137
113123
113043
110732
121417
106269
98495
108803
94327
107095
121155
122712
121683
118967
112837
121709
100546
102370
106597
115634
116740
125537
116627
109735
125743
97097
125219
98716
105692
113947
124579
125627
114208
114665
112108
119881
123070
101050
118007
97065
111002
109616
98290
107170
124785
114280
99731
120674
100808
123426
103853
123842
107554
95522
120321
121163
113014
100310
100694
119673
101344
120376
111820
120768
101527
116726
110445
95949
100383
113616
118789
103182
123584
107074
109875
94324
96566
109412
107457
94584
96682
101390
104241
107868
116961
106047
106648
101299
116660
123072
106416
110883
101568
104964
123432
100714
124510
107091
120126
109215
112854
104744
95632
118202
101583
100823
94511
112727
123402
115570
110582
95159
105040
124910
112154
95496
102569
95874
103681
105190
110799
120144
122456
107553
107234
106055
118112
99265
122717
111432
105096
112199
114505
122247
109889
97334
122033
97333
106510
105938
120661
99932
117466
105512
119202
123914
116623
95054
113122
123569
107748
119276
111537
116942
113527
125435
112048
117961
121115
114381
110461
95004
112243
103502
117730
104376
125632
123785
107340
108196
119287
96366
94847
116712
104727
105682
108937
98985
124089
95415
124660
105365
116200
94158
111424
111234
94516
95290
102545
123729
125954
108183
111268
93721
107558
95035
94983
109186
107956
113851
120202
117358
123666
119729
110833
110559
115538
105405
118763
121365
125631
98762
106056
110070
94646
108435
112230
105907
97720
125029
123628
95145
94396
105254
125115
115845
107210
112022
109858
117932
121285
111829
101457
113882
95113
93990
95249
113160
95798
111346
104114
103572
96970
120592
117316
96924
108022
106563
124938
108970
107306
106500
114731
123799
120307
94338
95659
109225
112006
94696
120474
100607
99997
126174
99467
124719
124801
114258
98632
112173
123496
94328
95172
94319
96770
124175
112977
112206
123983
95463
104211
100784
124851
108704
106421
126180
101964
93876
106842
125133
107395
94904
110551
114243
110561
96734
106271
116406
124709
125119
98814
116756
113811
120407
98571
114669
102798
118865
105944
125398
111209
111749
112235
99595
103803
115648
122098
105816
102513
119235
120754
121657
96232
112270
122177
106304
122172
124126
123125
126135
122522
117236
99228
124807
114013
121496
97389
125272
110231
94558
101951
94714
104941
123432
122105
96003
113321
124652
112458
120506
120586
117175
108698
94772
98782
94194
124736
111293
105043
109285
94965
97914
97803
94585
96136
122956
106862
124738
116692
124662
98884
119996
99568
98179
108675
95445
116133
118498
108901
113580
119333
118484
123070
96921
116729
111112
119949
99693
113212
119683
95953
113915
107015
111942
113054
107223
111404
119339
108911
121437
125223
116497
98750
113397
122961
104248
94162
120726
118615
102382
96217
106377
111851
102252
110646
97392
101817
111355
116508
102790
108189
110683
99932
98344
122643
122468
117115
120213
94191
110830
104968
99826
100942
109551
124460
104593
123596
102883
99715
125298
97527
119153
98346
107530
117508
95819
117786
121668
95681
106838
95412
123590
123083
117771
123036
118133
114433
121629
109003
111931
117560
115803
113632
110600
96561
117721
109751
103958
111304
105546
99133
97650
95597
114353
123011
102072
123864
111929
114449
104221
106489
114016
113788
97203
98606
97627
106811
94697
96953
106678
105142
106833
116337
108604
121760
103079
108471
94486
104071
102414
121516
112439
100009
121500
99234
104183
97034
121113
111312
119293
104387
107524
118857
121699
115101
103127
99375
126741
124894
110221
126755
112762
106595
109920
116481
117847
117231
121815
109514
96752
108739
104192
116962
112496
110959
113658
104060
109962
95719
110775
118610
108129
125145
125440
126617
123813
125758
103098
117300
106495
120880
112743
105768
114608
99067
106736
104016
95349
121718
109985
114514
121005
109716
126837
118737
116157
108854
118932
114916
125364
113475
96026
111815
122923
116987
115994
100049
119408
124040
104931
104358
123619
104918
112769
108974
124831
118437
96135
123334
112733
125149
105996
114741
103318
110369
102900
108001
122600
104358
113521
113091
116411
96582
115144
115352
98596
119504
99673
116953
112650
105635
96986
103662
122503
120955
117731
122271
95632
119690
123055
113355
99289
118475
112417
110684
115955
98707
109317
124282
119735
109161
103321
121855
119784
107031
121419
113707
122644
107777
126661
100506
112827
116406
113703
118386
101812
115653
99219
108001
115403
107986
114671
104135
104111
126440
95974
112047
105228
112913
105264
101636
116980
103204
123924
108162
111747
125919
114219
116970
107459
123445
112998
114170
101581
121321
104530
111772
114481
102236
124059
103262
113816
105892
109776
118562
99496
109277
118629
104982
120872
110276
95998
98023
112485
100226
109547
113714
106452
118981
106222
95292
118008
110869
102725
99554
98438
102758
97764
105427
103880
94953
124931
121596
123967
120616
94936
106820
112012
126546
108198
117626
119441
98259
100086
98699
125907
114984
122404
123897
123170
102130
123422
109960
109693
113737
104041
105787
95280
126034
102245
113790
100415
109076
96977
120229
118535
111239
102801
110229
124195
107758
120495
121793
95373
101735
116641
114521
100101
97729
123338
100541
120759
108685
106819
116792
124952
111224
122074
125675
121873
110040
107355
111367
123231
95364
97807
98368
108090
119785
113795
97406
107316
114522
109962
98517
113765
97448
125317
116407
97733
98035
102882
113000
95961
123839
109027
97203
96658
116298
126113
95708
114802
122142
115792
98261
114672
103906
116420
97204
108318
107381
121652
95333
119689
111166
126271
103580
113760
112317
119084
100878
104665
100966
114038
108769
116177
117424
97672
123745
110259
110185
115141
125428
114074
116044
110795
100176
104122
120277
105977
101611
107260
118100
100655
123827
110056
95809
117716
103680
105160
125135
104222
122823
95498
125379
108429
110096
122855
109447
119225
97962
108866
107898
117838
104221
99283
95627
121685
102880
109700
98310
114869
105676
98075
115117
103929
97233
114202
100363
95059
107496
102883
99333
100321
98888
99104
125618
100144
115677
95330
104557
102399
110838
122632
125480
127045
94526
120675
114947
125557
117741
105496
123933
122880
112703
111813
111785
99611
119334
123879
124997
98756
100155
126971
114056
107519
102395
100323
122586
100198
100656
116364
124809
120288
115117
104910
114457
99761
102462
102547
114395
112819
116191
119868
120257
106722
102444
119104
106096
101918
122905
119574
105367
100653
108771
104278
102015
106496
101191
105499
105444
116535
114929
109995
111364
95463
121911
96090
125685
120986
110599
105387
117307
119959
95262
104377
109722
105572
96635
95701
113449
105610
99092
103281
109224
102296
104135
97853
111635
124010
121491
109711
97143
121259
119304
103688
121093
94873
102396
125301
112741
108808
110720
96499
98893
98474
110355
97623
115793
122765
126229
120780
101117
118757
97406
98494
107041
102156
99023
110327
110444
101831
116809
96776
121660
116171
116573
97259
97205
100480
118885
112102
95761
109316
103825
113842
117302
111475
111396
126941
97422
125798
100320
114797
119315
97209
94654
117446
103081
95634
115427
116686
116145
126110
99024
104782
105691
99998
118745
95644
98619
107555
95448
95863
95904
99989
100130
102194
117025
104314
106682
110101
112888
111861
101061
101632
104596
108429
126014
95569
102633
107824
119019
97032
98315
99704
105616
95017
108027
101165
114274
108898
103360
124682
112830
104686
102586
120772
119067
109753
125492
101192
97342
117445
123192
107844
121517
110284
109223
102122
121189
120871
112009
95217
117455
102126
109473
102620
101361
115809
122948
112254
100833
119430
106860
108222
113536
122644
106249
110232
123748
124304
122007
106852
110102
109750
123125
104795
98430
109338
104565
106839
101019
106255
105776
109530
94840
122312
121244
97106
109403
105917
112992
122779
118079
114768
121958
126150
98436
122545
98354
102169
119270
105983
103283
106582
98988
102064
108504
123457
108833
105266
112165
98908
111944
117202
125062
101109
110028
120286
122659
124258
112950
123910
107252
119180
116578
120328
113367
95914
126772
98701
104160
127311
119943
118349
116208
98983
109158
98170
108937
115965
107903
109660
105440
100737
94932
109625
113716
115529
100020
96631
120159
107413
120810
118788
103083
117591
121652
101110
95974
112115
119543
99695
117177
115011
116528
99012
126773
95966
113070
123358
122287
96922
125567
106464
107982
115279
114856
126473
114914
96990
109337
122589
104823
114290
101855
126591
98859
98310
102300
125538
102076
118824
121652
97312
99173
122620
109002
121770
118379
122755
108779
126114
114675
110621
102664
117509
95254
126029
98346
101133
107319
117693
126177
110678
117908
94850
116093
106559
126748
104096
102273
103315
115841
106193
105301
117609
111245
106114
106555
101704
124601
119583
119940
109199
118780
99984
120324
104212
125665
97028
95939
119564
103388
115693
115189
109611
119774
110667
118061
104972
121639
109102
109005
113106
106076
110454
101057
109840
117209
116702
127597
122854
98120
105529
97507
96877
102770
103163
105050
98645
111190
103930
118236
125389
116600
124278
115774
107683
120956
105559
120661
124077
117747
117175
119143
107623
124533
115616
99552
110301
114672
104215
101446
110540
107327
112985
116335
102148
101375
122468
123634
105232
112286
104633
103131
116505
95924
108129
111011
98312
116631
102190
96863
122091
117546
96323
105783
110234
109301
118998
117018
111258
102267
113717
97712
126273
106951
122119
113040
126747
117577
124373
121012
100749
108512
103113
112425
112312
122424
127157
125963
112800
119382
103766
110769
111502
124529
109787
116773
116659
114180
98465
96983
126477
112417
121665
96914
105615
101896
126412
115374
95612
122616
105045
116872
99860
96837
116656
102447
120946
114347
107130
96608
122037
126434
126809
121013
126302
110450
119429
110873
94969
112073
110728
106879
125696
113035
101442
121556
120316
114473
99887
111153
119021
121525
123117
107350
122348
124405
110328
120660
106511
122038
101817
99209
102029
119650
102847
111825
123682
113621
116812
121595
116661
126061
127507
108666
100153
105824
121664
105053
116177
118867
95417
113794
99383
120360
103075
97798
127582
124695
95273
109055
120150
98560
96376
120942
99441
98303
107790
125807
115108
107842
123189
126131
127279
98327
101066
122672
95360
126281
116803
121111
109653
106669
113649
96775
124450
126200
97409
102784
112818
114131
95945
100762
103440
96306
105666
125431
100520
111841
99792
100086
100778
100703
123978
110889
110255
119536
95286
96522
112799
112622
116564
121577
122322
119648
103007
124713
106869
114382
122767
113324
113200
126547
117346
121740
117765
103155
108700
118284
96636
96047
115852
95694
102397
100823
101522
104262
119677
101152
121822
101742
109917
102390
114810
100283
115342
118675
123531
123984
111866
126801
127188
96883
103455
114876
112251
125245
114941
108012
114192
114325
117043
102418
107979
100959
97637
117840
100629
111088
116448
103118
107338
104389
98433
101386
102334
125813
120531
114799
117502
112101
127863
108074
121176
95675
96201
115001
112285
122901
101056
100804
127781
104826
97814
101553
107028
97041
118441
96883
97500
112656
99362
104482
122883
96120
111572
116433
99623
112128
109287
103708
106047
99406
99253
102144
112163
95597
109172
114672
96847
119164
103702
105252
119267
123043
111213
114229
124399
123468
119955
115175
98030
99471
105097
101701
121744
126957
105758
122612
124093
113474
123666
98497
123606
121845
123004
121212
104510
124530
99689
119049
124185
111322
106438
113332
120915
113144
103552
113093
119268
114296
111593
119892
105043
104019
109918
108639
103289
108686
124455
96026
124552
127780
112542
96902
119628
109889
120979
112965
99504
121264
95728
117933
102019
122263
114329
118043
96380
126818
124566
120970
96892
127485
124276
124772
118292
102470
127976
123799
112967
109762
101558
112108
112273
96654
95441
114069
122408
117913
102084
124420
95361
99345
97616
118532
115222
102171
121175
113410
104551
126663
98041
112555
108606
115523
112124
111805
101688
112975
113009
97558
111233
125936
123540
116242
95455
101993
97013
117011
108018
127591
96725
105313
119994
114300
110803
112693
98137
125134
109512
127248
102938
117265
116719
112721
120755
122034
116297
96775
114375
97365
122175
96004
104623
113026
101770
120371
111994
103835
114256
122923
98610
113426
124047
104707
99937
99800
113087
109672
96724
127001
116147
122862
111519
112422
114625
98212
112994
117939
101154
96491
114122
124994
119451
104328
112986
117983
100189
104695
98411
104206
116523
100866
96881
108290
126394
107155
122497
97039
120157
103367
104720
101986
101090
97347
114430
102384
96438
95947
111059
99756
118096
96017
121160
110589
106701
125130
103945
115055
105944
115975
119225
114345
111053
102851
118838
105119
100382
98232
108063
123656
120053
105080
96404
102675
111387
114360
125501
119381
104728
117487
121230
122374
108956
114208
119881
109166
123677
112883
123972
104090
127682
103691
104812
121939
110208
99988
95498
122449
96899
97307
105029
108203
105935
110755
124904
108946
117287
107509
122726
106559
121645
126263
97564
102442
102604
105408
124373
119421
116947
105003
101779
110536
97250
116650
113549
123894
98698
113565
102260
106112
122800
124772
125946
119520
108850
100977
125589
126281
110542
109729
113792
114581
101695
103116
105732
113279
116648
123291
112885
116498
103734
123545
110463
119905
99073
106381
102435
126329
99124
116744
96764
125844
108142
103738
114759
104591
99432
106505
112674
120222
104407
122213
103316
105023
102804
111829
126414
122732
124666
124246
126128
117525
106383
109670
105359
110541
108007
123740
123702
111812
106438
100090
115498
113141
102789
122181
110643
117920
118967
109972
113687
114683
100876
114408
125609
114213
122485
102523
120834
124251
121736
98460
103439
116078
119591
120249
120652
119156
120412
122302
128206
104894
120712
104350
109959
123403
112573
105262
116934
124923
115560
111418
103933
126407
123443
122323
113607
122158
97833
108262
96297
104115
124443
102675
112152
114949
110403
98491
105532
109759
121384
122203
96500
106577
114369
122137
110490
106558
99293
110237
101128
100233
107971
128290
104795
99433
118805
117453
128247
118084
102138
113981
106187
106971
105339
96355
118230
126147
116526
103316
120809
104724
117522
111836
104367
127077
97723
97942
127980
103671
111791
97081
125954
126000
120079
97141
118201
101707
120698
105087
96319
100431
115502
122025
118894
104765
124016
105525
117326
105358
115247
112747
109531
119260
104164
113385
126216
120288
118972
124731
121091
115868
122105
125099
119995
96985
115349
103002
126624
95700
118825
124304
105385
109621
123150
119377
116124
127808
97730
124465
102026
115791
121741
122217
126360
95872
98148
117289
100614
114859
100365
116272
127337
104343
123780
123547
107067
113773
127902
117242
125846
102252
124396
116905
108861
96991
115426
110430
125660
100940
96312
115710
127377
98799
123537
111797
108202
100966
105051
115013
126897
115886
100342
102046
99238
121422
99096
121008
107915
122322
98672
95869
124966
102267
104585
124018
122626
121397
120562
116983
123063
105673
112796
108357
114283
103252
113283
111735
103577
128248
119184
99044
104721
104913
116926
96173
100928
113963
117373
114322
107442
110578
104788
110602
113621
102249
113609
122258
126720
119839
106373
112709
97203
118048
96180
99757
111649
121704
121515
104153
108779
98717
123597
128431
127279
105469
120495
97412
111553
119957
105594
101354
120248
108467
97425
119497
127533
101535
96116
122034
98111
104070
111333
121455
115802
106935
115273
121055
99770
123154
118352
121345
100650
122812
122840
99406
120850
117528
119311
121932
123568
104691
110552
113760
125094
122367
98417
98019
117429
125059
116562
102009
109000
127824
113496
118942
96052
99575
96546
106114
121406
118585
111804
114711
102110
107199
110202
105832
106946
117516
126759
105004
109974
124591
102239
118683
97667
102333
101946
104576
112885
125054
97067
107408
97442
122983
96039
98298
99528
116040
119049
120895
117941
128199
114997
118596
116621
115213
100475
111526
104008
123839
128575
97613
122618
97840
104919
117060
108887
105941
107317
116679
124022
112121
112326
118942
96725
96177
112793
102826
102814
103699
119492
101310
125992
115875
113412
119216
128193
104718
97187
114095
127403
98587
115615
102614
128356
99294
98824
110850
128298
101679
118954
96481
108735
122458
127468
118348
104298
96024
124408
127703
128574
101054
121628
115366
113566
120245
97648
120194
101377
124714
125370
112171
123891
111366
116622
107504
107357
98337
118458
103038
122373
100018
113633
121846
103768
119563
96357
121154
114536
114819
96650
119976
114481
106675
105177
101023
111136
123621
96195
109794
112342
118729
100487
105412
102697
109930
99926
117187
118635
122721
121524
97631
120047
120648
106017
124205
126410
125298
125433
111143
118743
121305
98713
109638
109822
111960
104131
128339
113333
117531
109892
126458
119494
121427
123347
127264
102739
116782
104509
121206
103448
127494
119999
99662
114417
126937
115891
117934
108956
121593
113264
105891
105151
126212
106603
111320
111661
101143
108450
104551
111717
102719
111930
127727
127324
127536
119654
113895
127100
98106
108940
126514
114668
126072
114595
115187
128274
124235
102624
102050
128086
115974
110993
124000
124457
116715
101449
124295
97606
116823
96829
101766
127544
121913
113390
121324
120861
124616
102152
100802
110249
127606
96906
124702
120174
124703
127528
118517
115802
127111
96238
125745
109953
108803
125733
119555
125980
121974
102266
99707
124114
96127
102237
127574
113463
128753
97704
99607
98451
125828
105089
124505
114660
124362
122753
124771
101158
122468
104214
117757
126417
126581
99109
124546
125092
126039
120564
113207
121505
114829
100424
104411
97113
100089
113610
125055
117353
118863
118959
105112
104517
104394
118680
124243
101428
114974
114871
120360
117660
111277
109876
122034
108160
122877
118735
116926
126279
120938
112838
126626
119743
110104
125177
124368
99681
117036
108620
103850
118487
97084
105293
99480
98491
124675
121879
105816
126882
102490
105078
122518
111961
108644
100171
108733
104302
125448
102194
105996
112370
105124
108643
116972
126334
99071
112598
97409
97140
128128
119211
107391
125831
110238
121032
127295
118654
112792
115140
108818
113204
99174
97540
126933
105188
124911
117795
121797
122275
120188
99991
112277
128302
115821
102802
107966
111078
114987
102183
109847
100889
107357
100526
114597
112515
116063
104553
119476
118293
118767
120424
108326
110581
126506
101545
113932
99013
97720
128644
107891
100904
102211
102214
108160
101250
117549
111645
124352
106240
102018
105780
101561
102873
119851
127518
105413
114131
114277
97656
122656
96776
119922
115658
113215
100586
116878
98735
114019
108421
121381
120118
113007
107012
108611
104071
116214
102775
100428
107466
126361
108243
111853
107588
128144
108346
125266
100035
126342
97661
113818
114493
102570
99552
119176
100276
100611
127261
110203
108636
109571
128939
119200
101120
118624
106047
120166
105890
110879
119444
112946
116834
108018
110440
107093
96929
98755
103111
108859
103269
126609
125323
100068
108799
107899
119844
112280
127980
114202
100501
122839
123130
100372
103871
105616
102059
107246
125922
126867
113118
116770
118369
98119
122284
97138
103109
125088
101009
103803
119045
114252
112844
121997
125189
100397
104968
106426
98652
120588
110139
100397
123738
114828
106447
103614
120906
120668
109312
127939
125940
127921
103557
110376
112742
122868
127858
122562
106228
114103
119389
120032
103038
112366
125887
96547
120561
118620
99742
116112
121360
125515
110697
104932
100725
120960
126244
121127
117202
98926
97988
99716
127869
98986
125661
118360
129068
115871
126330
115849
103933
97155
123980
108825
113593
99722
128264
100859
98905
102233
127754
106789
122825
101309
116798
109030
128749
119709
124224
106618
108770
98861
97474
106460
117638
123237
101935
119259
108858
96946
99213
107888
110054
106475
124584
114511
124222
98438
127341
121020
110148
106252
97684
98464
116750
113354
104322
127708
105418
98762
112749
96733
124927
106241
125889
102000
110870
96458
123842
109016
105240
111507
115059
97823
102585
117974
103351
100521
121750
123468
119223
111375
102843
96605
119939
128554
97384
121562
103420
111469
121877
120558
109297
112760
110003
99666
124552
106731
120117
120257
124128
100984
119119
99500
100084
118589
121981
116782
113091
113232
106312
117058
121518
125595
120773
113972
113441
120810
105054
111445
100213
110146
102356
125683
103701
127861
119941
116104
121824
109299
122091
108850
106191
125923
99174
124771
100312
105842
107323
97242
113426
118123
124124
112594
107801
120073
106346
109945
100532
114697
127864
126883
102325
109058
99090
96704
123681
99833
125693
119819
102033
99376
123201
116741
111320
100928
105701
112930
117734
127335
125690
128450
101869
98083
103643
103522
105922
117760
97202
110868
108677
101550
101694
106284
106116
127318
128468
123709
103773
102190
111524
100676
103779
100428
126782
109346
120387
124344
114005
113488
110312
120772
110018
124878
113819
118944
117707
108892
99695
109865
127910
119533
104924
122882
106809
111961
96682
119526
105508
109394
114704
127548
107777
106905
121630
104172
100330
126833
119384
115314
112700
103253
123044
123185
121243
108518
124262
100105
121399
107815
127209
121387
98893
115180
126977
106540
105712
100752
113390
106841
105993
96743
101252
120395
125341
114035
106121
103355
106574
120283
99423
108695
103717
117400
124130
107092
118926
110578
113300
109447
115876
105003
116984
112815
104111
119034
119355
128853
106987
120635
118809
111448
104332
105188
111615
108162
122878
123195
127597
124510
106865
115526
122271
123982
102293
118403
103276
111576
125090
105946
98926
101185
115612
98000
117347
111197
103381
128765
97235
119717
99763
114112
97012
123786
104627
97841
100810
102921
105134
128343
114066
96896
125020
114844
123745
99776
104214
127101
104457
111203
125920
111494
104252
112480
115622
109950
99828
111836
118982
118495
113681
124739
119247
114825
119108
102552
107912
112566
127277
101385
122933
116273
113344
114631
116245
96963
110317
123156
118575
124398
127616
114334
104527
120542
124742
99595
124235
124061
122993
111061
104586
104326
128573
108632
115655
116476
113876
105769
112147
98140
123503
117674
109337
99375
129215
109019
98214
115365
126347
102003
102249
116799
128666
97584
106487
102859
128211
101739
97553
116373
103075
106223
109098
111580
106911
119051
118052
105603
97131
126950
112219
110857
125402
117779
109028
115643
121430
110693
118295
101672
123011
125445
123722
103638
117791
104129
108768
102963
120365
109991
103299
121294
108882
128467
112813
109255
117119
122757
103277
127109
106192
127863
99944
117926
108468
117869
114462
97596
104015
118541
122478
127798
122140
103409
100956
109852
126679
112635
118035
109056
112026
100072
124198
100529
99654
111656
125723
108337
101668
103917
127018
120425
101580
104067
129602
128540
118854
118751
98637
101658
112496
99706
119221
111030
117919
127072
129063
120441
110217
102787
105111
118552
119139
97878
123524
106916
121670
121751
121981
129025
106455
129644
127204
116121
98087
117682
121330
128337
109528
105874
113403
111549
105602
120661
113907
108943
109652
108409
119858
113238
110335
120836
103284
105317
97231
113944
110628
120592
111643
127432
105434
102431
116960
120618
120610
104828
99241
100781
123263
112175
104114
114861
125615
103820
129100
117829
108849
122795
101763
107877
129541
124441
124927
115748
110003
117965
105256
110679
108174
114526
126094
98402
109626
99955
123783
113230
104556
102778
97306
117532
114929
116893
98587
100441
115442
113393
119192
126963
103286
97521
103796
105035
129320
117548
107858
103051
119643
116026
108980
100666
119371
120052
111972
103694
99493
103909
122644
128513
122442
119035
106049
102054
105552
123010
126813
100286
109130
102483
99116
119303
126154
118345
97647
129620
103716
114421
100032
99298
123508
101011
112061
113898
127970
128572
103272
115059
102436
105821
114382
106602
99909
122727
127975
120564
101285
120264
129470
103939
113474
124443
113617
99880
105013
115867
103099
97704
116096
129758
98320
122065
109830
116416
123273
99470
98267
124317
122721
105274
110014
106435
104958
103346
106980
108582
121556
109230
105208
107606
117895
118353
115807
127151
97871
107518
128192
128207
112289
106606
112068
105550
121100
124415
129306
116649
123745
122191
106175
117118
116246
113674
110716
115711
105452
126464
128688
129697
99536
103547
117327
125972
108543
102351
116779
116856
106862
116530
117106
104398
122473
107214
116088
107692
109946
125973
98487
98101
99724
100437
109845
109641
116816
115084
122725
120057
99296
102781
97839
100926
128931
107267
101812
127210
122992
97702
97581
125406
118774
102252
121172
100990
103259
100593
100389
129378
126243
114618
127462
99150
108116
101063
113509
97381
113367
118119
128385
115097
107810
107601
124395
126566
101652
125167
118062
105152
122400
98045
118253
111946
100526
106579
121196
118216
127678
105215
116051
123863
121807
112023
126638
101852
112639
110030
101943
101434
116339
99652
106968
105672
124665
102563
102252
107138
127724
97511
124102
128382
105817
114429
121076
126754
106079
106896
127684
99989
110044
124192
129160
102771
102726
108116
101655
97477
114902
97937
106004
102960
124908
103115
100211
105836
115887
99483
102456
99832
109299
129426
107650
110860
110177
109774
127177
114640
112593
114378
115300
97739
100859
112506
119118
103326
129359
126616
120617
119282
121633
118329
104323
108719
126985
107427
114009
106094
118154
127586
111065
121906
101105
97689
118892
106834
112000
129943
105460
111546
118732
108458
121170
106580
122980
108088
111404
122816
119731
126731
117485
111435
111912
111085
121613
118303
99220
125301
118418
106167
107731
102432
127447
117910
113838
109475
106636
114233
125696
107136
103678
113482
111896
102360
113816
98070
106079
100736
112042
118593
111674
101463
121450
125624
102706
99030
97593
124136
105299
104936
113191
114990
98769
120828
98744
123534
114162
109145
114921
107431
105255
122034
117358
109286
100988
110331
124222
118523
116019
97659
107601
106377
98988
110369
125864
124450
116105
122395
116367
111474
99343
126629
127775
117946
110542
100383
116486
101761
123012
107619
119179
102790
108095
108885
122572
113400
116418
114876
114762
125161
125482
123472
97960
127489
129745
115731
121008
112495
113779
107749
111511
123941
122511
107859
123010
109637
101904
107185
121672
106710
117293
116840
124538
125884
98446
117648
108705
100327
111792
99522
110278
117194
112266
121895
129080
117775
109681
113621
126857
103561
128057
130140
128218
99690
106397
98203
122200
126646
102368
126425
101383
119799
128181
117009
100287
113203
111197
117388
111220
102939
127759
114357
99770
103045
124828
119594
129159
104220
129875
101135
127547
120662
98082
118183
126687
100775
102399
115493
112810
116469
113798
127935
121546
115275
110052
122117
110945
108753
120819
127345
113357
114172
128166
112191
101932
100354
118440
127870
105247
106641
106304
109160
104143
97728
99192
116207
113198
116550
117886
113048
112000
101353
110410
98956
97561
125754
104321
114413
119656
100224
106906
118630
111668
119794
98367
112390
99622
103209
119030
109902
110472
104916
107520
104072
100172
108974
113537
120411
107344
129197
116194
110749
101088
112764
104308
109672
121981
111148
108374
109936
119260
117287
119704
112531
116018
98405
110752
102578
105391
114914
124877
111808
112968
104527
125275
118808
123322
106759
128391
111636
109260
113734
114931
129499
123860
125845
112715
116602
104060
122505
108329
125751
99526
100525
116278
114977
116814
119741
128147
104172
128720
115221
106615
98812
126953
103784
107289
121792
112674
118197
103376
120897
99626
103543
120440
125691
122723
124957
125209
126443
130208
105401
111811
114409
112686
98044
124348
116536
117777
115298
102110
106844
110479
125866
105530
119083
114419
126601
121089
115239
102539
114079
101541
98315
105203
124842
127803
122276
102549
103674
103716
97762
103537
129317
115180
127791
109594
101627
111218
125183
103169
107708
104009
101289
119542
112265
102495
107125
116204
124185
124636
102390
124157
107181
125517
109722
100526
98374
120834
110463
97907
130325
113588
104840
104310
125491
103532
120497
103572
112274
114847
100767
103336
112436
128414
111996
123405
114586
116270
113153
120926
106112
130162
120276
107392
119495
117522
107285
106211
101555
104854
115251
107524
118614
126995
108293
127799
116300
116234
113686
104867
107433
112781
118848
129166
105008
125859
98940
119259
116678
105198
106488
97744
107558
105867
108650
110109
116693
123194
126117
123418
106329
106687
129897
127057
122534
121224
118912
117052
116953
115855
129542
120656
106536
120450
108553
106554
119321
101154
121426
101224
111603
98281
106625
127435
123762
106991
106592
121563
106431
127758
120433
101084
110239
109124
115913
116320
106987
111450
99361
126734
102720
119235
125739
122273
105463
125639
114722
105780
116568
113377
108709
125884
101642
129637
117701
107478
110030
111973
121437
127939
105582
121558
127394
99760
103663
116463
101370
130363
111630
117970
128018
126516
107243
99182
126506
110752
109311
121252
101300
112132
116307
112040
122142
115680
98292
107435
128492
112505
112802
120759
128777
112347
107464
100058
103263
127775
102577
121734
115365
122858
119800
100664
104056
99382
124224
115544
124334
116821
99622
105312
115175
124210
98164
100929
125796
121051
122263
108803
112413
99388
105812
122027
105229
120365
114614
129377
120017
108464
115787
106706
122481
109939
124048
122836
107902
107165
107433
118600
112733
102599
99925
113733
122338
121159
100130
105331
117537
123829
105181
117684
125824
103848
121165
125962
126737
128961
106017
116917
103199
109547
112166
107419
121095
104672
126141
121837
106313
126704
101773
112904
119007
125438
110197
122009
106190
128203
120260
106501
129018
102775
118957
123144
111422
109380
118261
98716
106428
112030
102639
106268
126834
113752
118954
115881
110607
117049
104297
105677
116228
115383
112211
124510
105949
108546
106860
110757
100306
118340
116676
107200
127385
99111
113647
119365
127615
112793
114868
126248
122295
105932
101897
113375
118514
117120
123456
112835
124208
121220
111483
120250
106453
109434
103781
102675
102911
103132
108324
98481
122903
110652
105865
98924
113574
118224
114058
105652
119146
124205
121587
119415
122282
111187
110424
126533
121542
129002
105806
100531
130578
121035
111579
118269
128740
125634
99882
116463
107500
124562
109443
108805
111300
104762
129915
127441
122312
129655
121448
119197
113704
101514
109080
108882
120892
125243
111299
106392
98327
106526
104509
102719
99422
117269
110448
123102
121179
128534
116746
125369
118349
119599
114291
104936
118530
113607
125442
128950
123816
99878
113520
104008
123617
114232
106381
114047
100885
109709
129585
117022
126988
118437
118134
99120
99772
107627
123172
130468
104799
128767
130669
110395
102345
130232
103387
120740
116729
130666
120198
126693
122094
123364
109962
107516
113084
114109
102584
110278
111582
121425
101260
129313
106446
115718
105311
123725
103379
119508
108510
108441
118042
117508
110779
106811
125705
129847
99235
129663
128208
129963
101999
99876
122177
127674
106910
116738
129249
98979
112387
127217
105023
115853
102587
119271
116868
128201
115810
100960
115788
111704
99974
128515
118452
99245
117340
105858
124596
121523
100786
110274
127152
98834
117029
114748
130121
102831
109716
123811
105593
112753
110549
117702
99807
110923
120742
100793
124759
100727
126694
107823
110798
105471
107525
103467
113749
124546
105145
120280
101747
105269
116210
111796
105152
103464
106001
127988
120239
101323
100180
125989
124076
114352
130197
121615
115559
121490
119349
125662
114031
122519
107859
111748
128770
118994
117569
115033
129060
126220
120120
118788
126446
110788
130122
123039
103977
125044
100761
117782
100635
107030
102087
125648
120225
108775
98989
102034
107390
126571
104016
119712
118771
99505
120336
101669
112784
101848
125731
118996
108617
115922
102722
124368
105164
99176
103586
105161
117266
125310
125990
116584
113204
100761
115667
130286
112513
114334
101252
109080
129741
102109
122335
112197
124939
114765
119687
120794
105247
98841
104083
109030
112365
118620
117312
115970
109238
126761
105186
122748
123300
112079
100897
112820
102563
125787
117601
119749
104051
129886
115842
116072
107003
119280
100042
104726
103137
100852
119839
102765
116823
118942
99450
116693
119352
107059
122776
126819
112723
115728
114419
114430
117767
106478
101360
116416
112656
124004
126554
111774
115360
102061
114447
117836
128433
115116
103161
104027
106906
101933
127552
101029
126433
102510
102334
113130
126033
100062
103604
113339
123468
116260
119995
122263
113762
110179
130557
126037
122914
99773
104868
129217
118831
121878
127123
130698
120471
121882
108628
121948
108897
109953
109650
125001
114021
117905
112457
107373
113505
129765
102650
118994
117576
109934
119843
127889
109021
105399
118958
129082
113793
119917
122409
101750
104265
129822
111222
126955
108884
103233
102596
109920
99164
130167
124094
107298
126090
99344
105985
113574
113039
110545
122836
110447
104944
108020
121107
118066
118689
120433
120941
101689
99542
117116
127184
128005
111638
112463
115232
100407
120465
118057
113199
122801
117939
115607
123370
100344
111865
109042
101072
118236
107780
101161
127145
108636
129260
118720
107380
117444
109782
98585
118177
107032
128201
119283
109184
115125
100029
102448
114938
99126
117493
123867
112255
122261
124559
130921
118335
112530
119898
107839
125085
112985
131047
108149
104160
123231
104163
114394
104236
123021
99491
127544
117938
98720
117761
118489
100387
106448
111463
112969
111722
127151
128809
107870
113562
107861
128536
122998
112677
108218
101460
119040
116304
127331
102497
118590
100835
119873
108157
129864
113701
104150
122417
111701
120327
117401
118311
103734
109216
117660
107067
104995
99801
111724
118740
119738
107370
117048
124021
117573
102917
106038
107151
130108
120528
130371
123034
100107
124185
118474
122467
98580
114246
100838
99496
99832
118282
126923
115426
126482
120543
104034
130914
118341
98992
99891
118175
107768
125909
126856
122575
120926
111173
113359
123060
125435
127239
129089
114361
99172
108522
127681
129341
114758
126326
125447
100143
121257
130338
112637
128475
104054
128456
124265
113411
107831
121941
127437
126258
115487
112325
119435
120397
119882
119631
126285
103531
119109
102364
102820
113894
110033
112062
112112
112051
105700
114079
129919
112878
120305
102327
114169
112313
114537
103491
111099
100679
107138
108594
120578
110388
117815
117281
114827
131096
114576
103305
129656
102235
122147
119351
101558
110923
107483
120317
123421
120427
126712
116392
104087
110862
120151
103985
127109
121125
101876
123704
100702
123478
130477
122797
125337
104526
119369
102353
105422
120151
118456
128349
129816
108333
109724
129792
114877
112141
112393
111631
103697
107024
98953
115833
108439
117431
124516
99577
103018
111815
105246
112527
101595
98903
107072
122928
110940
110887
121692
103869
121501
103219
125515
122674
121844
112008
119481
127264
104706
108887
126180
122717
114836
123720
104352
104185
110279
107792
117663
111733
113264
107846
127983
100912
127418
125298
110532
125730
100881
99944
123256
101836
100159
113364
110288
105327
122325
104469
120449
114557
103629
109903
130802
117581
109165
125115
123460
115218
114799
107330
129936
123150
119646
100939
104815
129027
131395
121809
129472
108011
107393
108728
119461
118248
114686
102753
126159
120958
103811
110716
111356
103680
116582
108573
121533
118600
126054
99602
100989
126379
99542
126069
106687
109357
105470
116605
131239
115184
104638
123289
100284
104947
131444
109760
102636
118777
112416
106498
108753
108742
125894
124004
120626
115857
120852
115690
106957
108215
128069
102133
109651
124333
112709
125903
104885
104248
108310
115845
103070
117984
108914
116469
103744
111778
129970
109351
127572
111077
111342
111585
105308
98991
105830
105845
108076
115993
98848
126686
108968
127232
99283
123147
120783
104958
109316
118907
129273
101784
121711
126218
109660
106937
112808
105483
102869
116576
114178
114838
114918
112021
101808
122403
110843
114849
113450
117080
128753
110974
103635
121632
130008
110989
110808
121341
102648
106119
115035
101791
99603
121526
127953
110773
106218
126309
122792
111875
106754
100245
116781
101813
113320
114929
112046
127987
100915
106756
109019
121269
103561
116906
127858
130777
120293
118724
124188
121971
118743
109360
127890
121444
112780
110329
130819
99118
110415
131274
117690
109062
105040
102057
126460
112427
102820
122337
109871
102007
129934
116288
107074
115763
114173
126339
103752
103472
108885
104207
122470
118547
131186
105442
118256
111089
115179
106184
122831
121884
104083
118994
114214
120636
100678
121348
120629
124321
125922
113230
100989
101079
101779
112318
110884
98939
108116
108275
99740
104782
105394
112341
110208
105608
99027
127107
127166
119663
99256
107149
118011
112423
131519
128612
101427
122060
109932
117518
130976
116158
123752
108574
128990
100924
130250
122084
112460
102965
128150
106465
123829
118874
99971
115325
113456
111480
109314
118013
102468
115205
103547
104111
119120
103417
102874
110183
106282
106207
129610
108335
112391
100395
99904
105787
111515
127438
113084
100123
125313
128264
115660
108340
123612
114557
128849
110961
114239
99980
114949
129334
128202
115932
114365
113558
117654
128567
121836
121285
128084
116124
104297
104400
106800
123279
120434
111499
102396
125620
125168
124875
118922
110748
107260
110550
117337
110815
110499
122648
116084
101483
131302
123160
129688
124699
131333
112042
126613
124300
125182
130405
105718
113964
122960
109143
112100
101011
117252
108792
127816
123415
123630
103773
117040
118426
103729
118958
128372
111271
107777
101082
111257
114622
105133
103561
102901
129003
101852
101715
114964
126365
112150
115247
114267
112054
124039
118830
114923
114655
117504
122729
120777
100638
111679
100919
99387
122026
102768
115876
119669
104190
131316
120863
113524
106284
111200
116595
114475
100980
117705
110329
105949
106005
111679
128267
102858
107363
124823
122555
123405
115226
112494
122053
117701
120050
105834
107715
99955
126067
131779
125600
124835
128011
106754
118351
125391
109918
122889
119229
105088
128477
120148
125700
111542
101018
116862
100065
124042
114266
123143
102248
101650
120300
123220
117494
127365
130746
103159
108392
108703
103326
116785
116106
117063
107511
104117
121042
105328
127227
110511
110415
118845
120143
129285
128476
99688
117461
117725
101529
104420
131781
130143
130972
100801
115711
102076
128995
130897
99231
114031
112781
104329
125906
111811
130122
107433
115945
108437
116497
131616
128172
106843
131089
106665
100337
112997
124905
125371
129645
101219
114459
106784
110793
104744
110782
127971
121080
129453
120180
114544
107721
129369
123548
119799
103096
102271
121289
112145
112906
118057
117874
107430
116505
108820
100331
122894
110828
118011
114067
101238
112906
116760
129872
100742
117904
117481
100408
113473
124290
118832
129425
102444
124767
120637
103420
111282
109048
103279
117997
119751
108161
111865
131166
121292
129769
110306
110277
128690
112487
106064
120643
125283
109142
112389
115230
126557
106050
121130
118641
107424
114243
111691
106018
123851
103561
105380
106261
121986
120633
126875
125087
123922
128888
114829
122430
119384
108228
102093
131207
123103
116363
117738
129375
120392
128502
131377
112750
131311
111110
114547
111569
115915
113635
113673
106767
114838
113009
114452
113231
118318
115747
116489
123848
123452
121364
99694
116088
102163
124244
104670
109849
110299
118143
108627
117841
129262
116629
115621
108329
99970
120837
109901
116416
101001
113419
127343
99393
114901
108348
126488
131090
120960
106080
110788
104782
122251
114815
118051
129398
124357
120127
102684
100451
99566
130925
113171
121983
117789
118489
102247
129845
120927
107623
99903
130470
111777
105571
119431
126366
103120
127765
100661
126662
106558
104341
112593
100379
129352
123105
103732
106910
131126
104749
110480
100941
105314
119674
113584
105043
106141
114538
125313
116092
123854
126803
123346
111083
120540
115858
119128
108303
129230
128546
107765
125139
106033
124269
121657
119573
126138
111969
102186
117082
121901
120775
106560
118464
114301
99536
105396
121396
103221
119025
117499
113380
109078
120049
101261
106743
121090
105537
119786
106108
117017
118155
100831
111777
106273
115085
101893
114982
131883
130088
106636
122897
117619
113588
131894
103842
118409
103063
130214
119945
106670
114454
106715
111703
114817
111979
131832
126003
128731
102423
111686
124366
126455
121465
111739
130201
115670
125344
112445
113973
105441
112478
123618
112938
127953
127901
126074
115421
114636
114678
111887
107964
102864
117120
117803
110268
118869
111846
129947
104709
114734
102589
114803
111339
124337
115220
120146
118561
131351
106316
111079
120361
109094
109866
107444
101391
118541
111146
123922
122455
105103
103446
118646
118324
99683
111576
106994
117499
104155
113549
122111
102614
104645
103130
113273
122813
115343
126339
119019
106146
106414
108601
118029
114412
111935
124852
124043
128039
109295
110082
124424
103418
129817
121375
100963
111193
126511
116165
125753
118267
124251
128389
115371
106767
112742
102167
120929
125483
109272
100847
114638
115077
113761
118288
117686
118373
120951
111909
121582
127194
108865
106958
123492
111533
102836
106808
120927
105107
103164
117488
124167
106662
106781
119545
130087
129814
109274
131612
115762
128028
121046
100479
126596
127536
116729
122489
124139
130940
115477
108453
127078
124304
114633
117813
113964
110935
107174
113801
122864
111434
102033
103169
114788
118755
115560
100367
101628
111701
118761
126096
105460
115578
105167
106076
122260
118541
100157
109339
115635
127257
112736
103771
115322
104881
112721
126944
118378
107746
99896
115515
129952
101606
118711
127391
107096
101530
121222
101615
109745
116275
121690
119579
127408
115244
119564
115885
115078
121474
103159
100767
100118
124452
102306
104560
107186
112805
110751
119671
123429
117301
108722
102518
113143
105423
104758
114290
107500
109492
132285
105922
116430
101911
120055
114279
117612
130586
128981
112795
131811
129785
120813
119724
115228
116101
111649
102155
104086
119253
105083
115104
112742
131384
100956
115553
122236
112749
131542
120099
119335
108055
129622
113328
129756
118123
104582
113433
107315
108844
103281
129870
114226
129753
104169
124651
129998
104997
107813
105301
120751
120999
113583
100614
132404
118227
114558
114469
122039
106281
128094
103770
110098
104620
131993
108512
105569
108950
120272
121308
124682
104778
115754
119277
115707
100490
124081
107780
110387
103146
128504
107382
119684
107652
110081
130127
127127
120814
127071
109290
123440
127081
110488
123582
109747
115803
130509
126331
111336
109568
102557
110422
129275
116828
113734
116128
104647
112244
109069
127902
117587
131773
118241
119189
109469
127189
122683
127524
104087
125809
121160
127446
117872
110743
116298
107768
112404
101901
121404
120744
129526
115217
106676
119855
110349
119882
115214
107409
128284
129791
107463
113762
111415
123015
124967
103386
112003
122112
102691
116012
100157
129092
117377
115476
110078
116761
106301
116655
109117
130728
106028
128656
123157
113969
111071
124176
119624
130812
110538
130277
116101
110739
123557
126199
114150
116526
103443
105583
129725
126063
121218
119824
116368
102991
108626
102858
118114
131929
128313
113292
120628
115478
123622
106075
101324
119496
115684
131745
107445
110170
127938
108231
109191
103832
117617
128773
112233
128412
111853
123257
112851
99976
107039
131447
117913
127355
125699
103713
107813
103101
120582
127287
131843
109629
120242
124720
119204
105534
109196
119177
119387
126029
102461
113245
129196
117878
104177
118838
121798
118455
115197
105763
123214
128693
108740
111626
132446
127406
106203
116800
123854
101039
108395
123735
124594
110343
112599
109879
114211
104187
101791
129648
132419
124603
105349
103631
112763
121749
119278
127536
123143
121193
116362
118162
104885
126045
130871
120433
119017
103121
123939
125520
125925
123798
105777
101525
110407
123994
122527
102553
102611
107623
125157
109056
120435
126862
114656
120646
108156
109917
122159
121499
126259
114841
123358
111857
113552
129768
101185
120659
131906
129229
126755
130680
119794
129497
115489
126104
130508
100640
111440
128382
113980
100843
101414
102623
119797
130220
113559
124650
111416
102455
126334
101152
105299
119598
116543
121190
119912
104893
100010
108888
124015
125832
100387
117729
124542
101858
129024
100104
124744
130624
111411
132109
125669
127213
105257
123829
131025
108543
123122
126178
131894
112265
101281
100710
129646
132114
114166
132377
107971
107590
130874
115498
110714
120556
101227
122290
107025
115736
126617
123791
128196
